state,problem,seed,level,trajectories,pde_evaluations,collapse_time_s,region,sig_1,sig_2,sig_3,sig_4,sig_5,sig_6,sig_7,sig_8,sig_rem,sig_even,h_r,centroid,dominant,R_norm,time_mode1_frac,space_mode1_frac
FF_b1-128k_s1234,FF,1234,128k,FF-B1+FF-LBFGS,128000,0.0345,FULL,0.7860486272904333,0.009378598062096108,0.04545190460836181,0.008318433247914469,0.01793460922568475,0.0066396826878767174,0.00723430089945391,0.005213991115807019,0.11377985286237198,0.029550705113694314,0.21395137270956666,1.3498885706599757,1,0.17315880245198942,0.9998795308672593,0.9630333672408952
FF_b1-128k_s1234,FF,1234,128k,FF-B1+FF-LBFGS,128000,0.0345,W1,0.8984282450720544,0.009000371743159956,0.03894544022790497,0.002785577675163427,0.01309608741900966,0.0025299066086436196,0.003482365112425032,0.001571414051111005,0.030160592090527728,0.015887270078078008,0.10157175492794557,1.1981523491505537,1,0.3096855370032792,0.9998842511556377,0.9848913337179627
FF_b1-128k_s1234,FF,1234,128k,FF-B1+FF-LBFGS,128000,0.0345,W2,0.38651991429268134,0.010291276895502266,0.03159305963059629,0.01875789284150278,0.03283805860472214,0.012846962810378908,0.030523086226816314,0.020476386080311413,0.4561533626174889,0.06237251862769536,0.6134800857073186,2.1985204987423983,rem,0.09141541846436904,0.9995938091380098,0.5613442860203758
FF_b1-128k_s1234,FF,1234,128k,FF-B1+FF-LBFGS,128000,0.0345,W3,0.34892992080574764,0.012254523612573719,0.09293362927280531,0.01732363722304668,0.03164038717457389,0.022647983648192906,0.023956225122032788,0.015933053009144573,0.4343806401318821,0.06815919749295789,0.6510700791942523,2.31742817773518,rem,0.09430564194155681,0.9990230764468068,0.4481613012475908
FF_b1-128k_s1234,FF,1234,128k,FF-B1+FF-LBFGS,128000,0.0345,W4,0.20430169101130077,0.009915900891555866,0.09703143613104097,0.06709707453457549,0.05332749669004058,0.039113157899177055,0.010332304791624773,0.025885753497743344,0.4929951845529411,0.14201188682305177,0.7956983089886992,3.0854631830568295,rem,0.07907622597655316,0.9996985972452763,0.336969379380404
FF_b1-128k_s1234,FF,1234,128k,FF-B1+FF-LBFGS,128000,0.0345,PRE,0.9524792577603831,0.004908040304532896,0.02630773509774289,0.0004091074126386496,0.009431291503301034,0.0007275387460995295,0.0004476914861598053,0.0006955870325335448,0.00459375065660825,0.006740273495804621,0.04752074223961689,1.1081658375134298,1,0.6769860406174865,0.9998836574725808,0.9944606470606726
FF_b1-128k_s1234,FF,1234,128k,FF-B1+FF-LBFGS,128000,0.0345,POST,0.5833161236360568,0.014824274524193794,0.06877180314093588,0.01795294237809064,0.028292671839277635,0.01384138432114641,0.015501206539337868,0.010717950151097604,0.2467816434698637,0.05733655137452844,0.4166838763639432,1.7390117385895378,1,0.11841244215454974,0.9998295674324584,0.7431663302975554
FF_b1-128k_s1235,FF,1235,128k,FF-B1+FF-LBFGS,128000,0.0345,FULL,0.7968531586739271,0.015315538393121365,0.043599494387943194,0.009041070370317353,0.02078816739453181,0.025703664710081668,0.022743563294950416,0.013133276467225391,0.05282206630790171,0.06319354994074579,0.20314684132607286,1.6014741540990864,1,0.1883966659832676,0.9999019736396199,0.9568741182121793
FF_b1-128k_s1235,FF,1235,128k,FF-B1+FF-LBFGS,128000,0.0345,W1,0.8794826807935732,0.010406262389758137,0.022306248933297905,0.00544744162631328,0.00871011812533434,0.020730563720299723,0.017856723417819197,0.012475259048785473,0.022584701944818465,0.04905952678515661,0.12051731920642683,1.4136640084220546,1,0.3458268648895132,0.9999233571534035,0.9771855308606503
FF_b1-128k_s1235,FF,1235,128k,FF-B1+FF-LBFGS,128000,0.0345,W2,0.3442043465081478,0.03254264044371489,0.1364874688136401,0.01722180259837576,0.10423423032919946,0.04224570237992065,0.07033277523079538,0.012074221633921044,0.24065681206228437,0.10408436705593234,0.6557956534918522,2.9646776919886086,1,0.09057961533306272,0.9992206454365692,0.5196293067007762
FF_b1-128k_s1235,FF,1235,128k,FF-B1+FF-LBFGS,128000,0.0345,W3,0.31611165615364467,0.0689124280377753,0.22386937799761616,0.02254602674642525,0.1160268967556919,0.037461061535328063,0.0236899058506473,0.030558187480883178,0.1608244594419882,0.1594777038004118,0.6838883438463553,2.8968008831421854,1,0.08196683194508043,0.9968381587266458,0.4175176042734811
FF_b1-128k_s1235,FF,1235,128k,FF-B1+FF-LBFGS,128000,0.0345,W4,0.3518542867568585,0.028645730177545205,0.13115298620929086,0.04965026456484327,0.04018525679983558,0.08245203998351901,0.0511041434805375,0.008848447968264724,0.2561068440593055,0.1695964826941722,0.6481457132431415,2.85707814225247,1,0.08234648109257492,0.9992876147737791,0.4757682264031135
FF_b1-128k_s1235,FF,1235,128k,FF-B1+FF-LBFGS,128000,0.0345,PRE,0.9043647440177961,0.01250920537014155,0.0244327927818624,0.0027033276309463704,0.00601174304153267,0.01173828665915562,0.012308146399123901,0.007092625278929883,0.018839128820511756,0.03404344493917342,0.0956352559822039,1.2810145030594355,1,0.7354514487287901,0.999927803827082,0.9874442795665281
FF_b1-128k_s1235,FF,1235,128k,FF-B1+FF-LBFGS,128000,0.0345,POST,0.6667619741053482,0.018711257897076942,0.06679158953036418,0.016709866787174357,0.03866793859892202,0.0426020535468025,0.035370628007120486,0.020442586121040905,0.09394210540614961,0.0984657643520947,0.3332380258946518,2.021378364297429,1,0.12906853892624282,0.9995008575082442,0.6329432044172587
FF_b1-128k_s1236,FF,1236,128k,FF-B1+FF-LBFGS,128000,0.05425,FULL,0.7649537170259982,0.00589021476520881,0.12548283718473097,0.008639818700924971,0.031972982999446245,0.006087902670970977,0.009368877162461436,0.0068033565604286046,0.04080029292982885,0.027421292697533357,0.23504628297400176,1.5681231400209232,1,0.15253837056363506,0.9999746363102457,0.9733152393661354
FF_b1-128k_s1236,FF,1236,128k,FF-B1+FF-LBFGS,128000,0.05425,W1,0.9256129193013943,0.0012438784991800394,0.04169273952194324,0.004370582638093757,0.007537398549650263,0.001981477064600404,0.004057253166154272,0.0011405463315722344,0.012363204927411777,0.008736484533446436,0.07438708069860567,1.1722550528146112,1,0.2710325458820058,0.9999822892877287,0.9929613308768636
FF_b1-128k_s1236,FF,1236,128k,FF-B1+FF-LBFGS,128000,0.05425,W2,0.13923202313225708,0.028559143576181396,0.43020250947990707,0.027460887059219938,0.15142635512612446,0.019202107571494997,0.03739249577689949,0.01957856234323534,0.14694591593468012,0.09480070055013166,0.860767976867743,3.3849222823530734,3,0.07913597804810732,0.9996415248414926,0.3194648199304421
FF_b1-128k_s1236,FF,1236,128k,FF-B1+FF-LBFGS,128000,0.05425,W3,0.16311069591375904,0.01795973213580885,0.49282360648567614,0.02793046921298286,0.09433471515161942,0.018692310715312365,0.017245361070684057,0.029067507907325523,0.13883560140683165,0.09365001997142959,0.836889304086241,3.1658390566905728,3,0.08854983637824546,0.9977415565995255,0.21349368737643848
FF_b1-128k_s1236,FF,1236,128k,FF-B1+FF-LBFGS,128000,0.05425,W4,0.12703400761094494,0.026923940233290807,0.4026310189898596,0.017839912796939313,0.14401222093080365,0.030188141084011643,0.0399181684762343,0.039052411066077715,0.17240017881183742,0.11400440518031947,0.872965992389055,3.5683562751565447,3,0.07147079832942026,0.9985277685684119,0.26754914828825366
FF_b1-128k_s1236,FF,1236,128k,FF-B1+FF-LBFGS,128000,0.05425,PRE,0.970534568208527,0.00020321006696834493,0.017945452262689458,0.0018168877592261458,0.001800257986887843,0.0008035651496250309,0.0025925720003685763,0.00027400356830615077,0.004029482997401205,0.0030976665441256727,0.029465431791472985,1.0705212567510907,1,0.52932609964677,0.9999830920942836,0.9973602088902158
FF_b1-128k_s1236,FF,1236,128k,FF-B1+FF-LBFGS,128000,0.05425,POST,0.34186586103717026,0.017594138603137934,0.3467960643827056,0.022681492364004567,0.09406881274951173,0.01696313263216294,0.02331459441221838,0.020240843284221804,0.11647506053486584,0.07747960688352724,0.6581341389628297,2.72252650729204,3,0.089773426902584,0.9998029415984815,0.7164931425413905
FF_b1-256k_s1234,FF,1234,256k,FF-B1+FF-LBFGS,256000,0.079,FULL,0.7472344647649829,0.006771913836797415,0.06784135877187272,0.005191804689286568,0.028255785233790066,0.01839357478941119,0.018042465164103842,0.044910493057757246,0.06335813969199885,0.07526778637325242,0.2527655352350171,1.8387937118902549,1,0.13899952891671338,0.9999872885138935,0.9832143961482868
FF_b1-256k_s1234,FF,1234,256k,FF-B1+FF-LBFGS,256000,0.079,W1,0.8900142062456641,0.0026886053099095986,0.04095370694185661,0.0018172084327208095,0.01763506256937786,0.011321945536960575,0.00723757296200572,0.007716581724689778,0.020615110276814935,0.02354434100428076,0.10998579375433593,1.321261983516912,1,0.2243093557564286,0.9999894153233442,0.9950250802687267
FF_b1-256k_s1234,FF,1234,256k,FF-B1+FF-LBFGS,256000,0.079,W2,0.4709277344453798,0.011392147941044192,0.08709886668569906,0.010918558709673032,0.05306906170471788,0.02397904225312912,0.03680647330560594,0.13789495413674557,0.1679131608180059,0.1841847030405919,0.5290722655546203,3.087066460544028,1,0.09238625260588437,0.9995314419018996,0.5534210928943014
FF_b1-256k_s1234,FF,1234,256k,FF-B1+FF-LBFGS,256000,0.079,W3,0.4089558976405756,0.01700043049409576,0.15583679348519314,0.00725180250676599,0.03377076352391549,0.033322152297004186,0.04196314390505413,0.135928597303219,0.1659704188441777,0.19350298260108492,0.5910441023594244,3.2246240745406753,1,0.09518029425278128,0.9984640821340162,0.4331827756589239
FF_b1-256k_s1234,FF,1234,256k,FF-B1+FF-LBFGS,256000,0.079,W4,0.5479772030517949,0.01498947716997477,0.11190325837320393,0.016544546229767705,0.05859709506929972,0.037649702701804184,0.03679421539535784,0.07429460895251014,0.10124989305628751,0.14347833505405683,0.45202279694820513,2.6154591473362157,1,0.09553182949927336,0.9999219656258211,0.6581981241086655
FF_b1-256k_s1234,FF,1234,256k,FF-B1+FF-LBFGS,256000,0.079,PRE,0.9314623369717397,0.0010351983705517449,0.029947916089419914,0.0009662668669082239,0.013239156923745258,0.008717940624996128,0.0031882230133455118,0.0017987280285152783,0.009644233110778494,0.012518133890971374,0.06853766302826025,1.1939672617378165,1,0.356954210028538,0.9999901856521165,0.9973081118565021
FF_b1-256k_s1234,FF,1234,256k,FF-B1+FF-LBFGS,256000,0.079,POST,0.5423633547045641,0.013151443989278944,0.1099808655325667,0.009890825602372824,0.04495506789060156,0.029153390272583905,0.03456116584755282,0.09285304948207643,0.12309083667840301,0.1450487093463121,0.4576366452954359,2.6486442116428304,1,0.09970784944731494,0.9999428453806672,0.8420563693898308
FF_b1-256k_s1235,FF,1235,256k,FF-B1+FF-LBFGS,256000,0.0345,FULL,0.7588220188631228,0.008045109766796309,0.040871911767982216,0.008002293836311684,0.013002722120050832,0.015480253100908776,0.03289600557645352,0.02001080445373802,0.1028688805146373,0.05153846115775479,0.24117798113687716,1.6472405435722968,1,0.16443926579211138,0.9999708898338805,0.9655487429922573
FF_b1-256k_s1235,FF,1235,256k,FF-B1+FF-LBFGS,256000,0.0345,W1,0.9119295320530383,0.0023442567273087495,0.017130044954889918,0.005726175856809103,0.004722205388976529,0.0023101592486756153,0.008262228547186893,0.013175195934016622,0.03440020128909822,0.02355578776681009,0.08807046794696172,1.2340744427761716,1,0.29206523026565795,0.9999796281054497,0.989561405229387
FF_b1-256k_s1235,FF,1235,256k,FF-B1+FF-LBFGS,256000,0.0345,W2,0.10759299850324622,0.034061217656142895,0.1364198860197125,0.01459541902263975,0.043156100171425606,0.08989710286273826,0.14437769034287184,0.06622367337097304,0.3636759120502501,0.20477741291249396,0.8924070014967538,4.618641916945253,rem,0.0917486362450415,0.9994372561694504,0.30672368968315
FF_b1-256k_s1235,FF,1235,256k,FF-B1+FF-LBFGS,256000,0.0345,W3,0.21790075868299025,0.036828362599477395,0.1442482100780478,0.016133472956193527,0.028668082423939634,0.07481320039295504,0.12298130785386066,0.037300510923947844,0.3211260940885878,0.1650755468725738,0.7820992413170098,3.7419745267369167,rem,0.08779020096889642,0.9966700463420448,0.26549332952761223
FF_b1-256k_s1235,FF,1235,256k,FF-B1+FF-LBFGS,256000,0.0345,W4,0.19819224565126486,0.015918545620682407,0.11113309475469912,0.020373655419219584,0.0668377419148097,0.02325167052449315,0.1103363588009308,0.030459397549303244,0.4234972897645969,0.09000326911369838,0.8018077543487352,3.7027608537762364,rem,0.07917047148471172,0.9995133968505406,0.36620245268797386
FF_b1-256k_s1235,FF,1235,256k,FF-B1+FF-LBFGS,256000,0.0345,PRE,0.9580774471688802,0.000774442170068656,0.019463684989960126,0.0023965301020198865,0.0013760684688021029,0.0025048102091700703,0.00036137960850979897,0.00777969685306076,0.007265940429528453,0.013455479334319372,0.041922552831119786,1.1224354919908572,1,0.6160164846571682,0.9999813655134866,0.9963480490580112
FF_b1-256k_s1235,FF,1235,256k,FF-B1+FF-LBFGS,256000,0.0345,POST,0.5561855211457599,0.015439149820787739,0.06264340443708345,0.013703179075958919,0.02482666285830034,0.028675870034761596,0.06598269594542001,0.03244945582940954,0.2000940608525188,0.0902676547609178,0.4438144788542401,2.3096088086615456,1,0.11792374602699394,0.9998816784114951,0.7832885374456483
FF_b1-256k_s1236,FF,1236,256k,FF-B1+FF-LBFGS,256000,0.10375000000000001,FULL,0.6639868677447384,0.019065493224694103,0.0513416878111888,0.016902817613749233,0.033794440809161094,0.03355903178010212,0.01960389144818977,0.03552998460362431,0.12621578496455257,0.10505732722216975,0.33601313225526164,1.9633539611445538,1,0.12121403003611253,0.9999944033706517,0.9859800884026061
FF_b1-256k_s1236,FF,1236,256k,FF-B1+FF-LBFGS,256000,0.10375000000000001,W1,0.8324436176538607,0.008197954657592951,0.028627312156850847,0.007525768507634622,0.031337300538753006,0.019584457096816586,0.006703661237413596,0.010705392536488459,0.05487453561458952,0.04601357279853262,0.16755638234613934,1.4512216667344902,1,0.17375252415379436,0.9999973879403888,0.9962816424196056
FF_b1-256k_s1236,FF,1236,256k,FF-B1+FF-LBFGS,256000,0.10375000000000001,W2,0.49060267232832394,0.0469303996277353,0.052943669412629714,0.03347819036774471,0.03507896389572774,0.041499606997784766,0.03133176536493996,0.06146492582011561,0.20666980618499847,0.18337312281338036,0.5093973276716761,2.5369530651481123,1,0.08937318056795404,0.9998355386246541,0.6382865660804605
FF_b1-256k_s1236,FF,1236,256k,FF-B1+FF-LBFGS,256000,0.10375000000000001,W3,0.4938405858703492,0.03280190400813835,0.058682221526800867,0.03420799922549074,0.06095622611562301,0.0439375958195314,0.019423574796821642,0.076437243964732,0.17971264867251271,0.18738474301789249,0.5061594141296508,2.6675929265747023,1,0.0826894918438406,0.9963691681073551,0.5337978157528406
FF_b1-256k_s1236,FF,1236,256k,FF-B1+FF-LBFGS,256000,0.10375000000000001,W4,0.47487150976048054,0.02010851884578515,0.09742657295347927,0.019443493475083406,0.02490337333448583,0.05489631266660775,0.04161983329324536,0.055232118943587344,0.21149826672724528,0.14968044393106364,0.5251284902395195,2.6280636808308673,1,0.11675757108541199,0.9984246891767352,0.5328489050079881
FF_b1-256k_s1236,FF,1236,256k,FF-B1+FF-LBFGS,256000,0.10375000000000001,PRE,0.8786384009107162,0.004040598028048913,0.024441268927269375,0.004547583051278455,0.01317164960490952,0.015734946864699364,0.00524201992488719,0.004269767142055763,0.04991376554613542,0.028592895086082492,0.12136159908928379,1.2728886051825659,1,0.22680668168924595,0.9999976285663459,0.998015766106256
FF_b1-256k_s1236,FF,1236,256k,FF-B1+FF-LBFGS,256000,0.10375000000000001,POST,0.541460026077016,0.027641965648070452,0.06669691643113425,0.023955401150773624,0.04556628997958351,0.04373333055211636,0.02780189838638,0.05337386234779339,0.1697703094271323,0.14870455969875385,0.45853997392298396,2.4143823748150415,1,0.10216113844119958,0.999911394132246,0.8077525249139115
FF_b1-384k_s1234,FF,1234,384k,FF-B1,384000,0.105,FULL,0.7584458358251801,0.0066094318448774335,0.04438451486578088,0.007922166268441241,0.0721645653766715,0.0016338050914068937,0.058253422916115224,0.004566019390814873,0.0460202384207114,0.020731422595540443,0.2415541641748199,1.8359243588749865,1,0.09265244808820783,0.9999916884316687,0.994329042120632
FF_b1-384k_s1234,FF,1234,384k,FF-B1,384000,0.105,W1,0.9054048030329386,0.0034445287116681112,0.013749487377715438,0.0032288603634255363,0.030102049042940247,0.0008830652160252476,0.024944451686840462,0.0039307813813745695,0.01431197318707185,0.011487235672493464,0.09459519696706142,1.34761078280294,1,0.15684985931187168,0.999992709961295,0.9983649481758852
FF_b1-384k_s1234,FF,1234,384k,FF-B1,384000,0.105,W2,0.4266254098885593,0.017677993964823255,0.1048054338124761,0.013183501313280796,0.17010237934063796,0.003653706926594785,0.1340838212395435,0.004830729828280173,0.12503702368580433,0.039345932032979015,0.5733745901114407,3.061613465473784,1,0.060244715591617606,0.9995589259305128,0.5739542564282384
FF_b1-384k_s1234,FF,1234,384k,FF-B1,384000,0.105,W3,0.17203679120099002,0.020231489858505043,0.16304722821071715,0.02899917027851795,0.22290487928186412,0.003652963231858797,0.19738663343386845,0.004265784795709785,0.18747505970796888,0.05714940816459157,0.82796320879901,4.147457952067622,5,0.053256124716974516,0.9985418817405569,0.2514854341138448
FF_b1-384k_s1234,FF,1234,384k,FF-B1,384000,0.105,W4,0.5112052791489546,0.00650691128969777,0.1092624534719219,0.01986054202496039,0.15494149535339433,0.003403086463922591,0.10795878370747874,0.009544577286155927,0.07731687125351369,0.03931511706473668,0.48879472085104536,2.7730459681343853,1,0.05605574356279707,0.9999032846141795,0.6971772287210187
FF_b1-384k_s1234,FF,1234,384k,FF-B1,384000,0.105,PRE,0.9267271488015602,0.0014783727105661742,0.012395040647418297,0.00429681972243703,0.02317186176410297,0.0002846347665160021,0.01936036912975231,0.00211883163178874,0.010166920825858223,0.008178658831307946,0.07327285119843985,1.2669779135722832,1,0.19858400021817196,0.999992793315182,0.9990678937654075
FF_b1-384k_s1234,FF,1234,384k,FF-B1,384000,0.105,POST,0.5993482860419164,0.011460469203829706,0.07462819954460646,0.01134966360835946,0.11848354734890845,0.0029093459648047606,0.09502393208053803,0.006879654633102907,0.07991690157393376,0.032599133410096834,0.40065171395808363,2.4145982634386076,1,0.07024725896954953,0.9999785364814249,0.9440223532043973
FF_b1-384k_s1235,FF,1235,384k,FF-B1,384000,0.07825,FULL,0.7763825878475165,0.012069469806992427,0.013006581453741294,0.04553014066228838,0.011992771985068764,0.009155726552243663,0.03369243325323156,0.018468337522466224,0.07970195091645153,0.0852236745439907,0.22361741215248354,1.6518059428430112,1,0.126891765150863,0.9999875950529543,0.9866366433600267
FF_b1-384k_s1235,FF,1235,384k,FF-B1,384000,0.07825,W1,0.9124992319320129,0.003603111916007388,0.0068821211283067564,0.015897625489899248,0.004686677492372889,0.0037466238328090593,0.014662193663637909,0.009663888607033403,0.028358525937920185,0.0329112498457491,0.08750076806798712,1.2656951652420125,1,0.2120001629132256,0.9999911851138489,0.9962145807939201
FF_b1-384k_s1235,FF,1235,384k,FF-B1,384000,0.07825,W2,0.4037212306213782,0.03756330436426174,0.03337428587156637,0.0996159456514934,0.03621881875196155,0.030605313406393712,0.1235270489794048,0.044010769436950425,0.1913632829165902,0.2117953328590993,0.5962787693786218,3.164506258570286,1,0.07747857150232036,0.9996545114754499,0.5510825707753928
FF_b1-384k_s1235,FF,1235,384k,FF-B1,384000,0.07825,W3,0.47804736058492914,0.02123048162335723,0.018415788279799603,0.11609196359334144,0.02043803925550255,0.02233206906362925,0.026830202882430303,0.04937387247067087,0.24724022224633987,0.20902838675099877,0.5219526394150709,2.469723554031956,1,0.08813476015918434,0.9962971706341454,0.5035161625898272
FF_b1-384k_s1235,FF,1235,384k,FF-B1,384000,0.07825,W4,0.4811538077699886,0.041252802166824046,0.033732680869951466,0.13154283134454775,0.03396189026675076,0.011708784987862925,0.10258075037577064,0.01947151946772806,0.14459493275057608,0.20397593796696278,0.5188461922300114,2.6945460553985088,1,0.07389591189449325,0.999728536711067,0.6239253644458501
FF_b1-384k_s1235,FF,1235,384k,FF-B1,384000,0.07825,PRE,0.9451379314969073,0.003635168353068418,0.006216181457775788,0.005835255610244455,0.004451872763028979,0.003505132967919529,0.013302070546978097,0.004676687594687357,0.013239699209390086,0.017652244525919764,0.05486206850309272,1.1838903432681285,1,0.3310874039103771,0.9999918153537138,0.9980372359633161
FF_b1-384k_s1235,FF,1235,384k,FF-B1,384000,0.07825,POST,0.5754240500769394,0.02211326960996794,0.021092777864218527,0.09279990933760264,0.020972683662916616,0.015884609914899078,0.05797384198049338,0.03489181628760887,0.15884704126535368,0.16568960515007852,0.4245759499230606,2.3054678011541148,1,0.0893712283974545,0.9998926935604113,0.8440395837547991
FF_b1-384k_s1236,FF,1236,384k,FF-B1,384000,0.12875,FULL,0.5865865851511994,0.011404040148260674,0.06632831675811689,0.002542297631374114,0.03582579640159956,0.03910249101041794,0.011912286413406694,0.06273362280390467,0.18356456368171947,0.1157824515939574,0.41341341484880056,2.2261989629448213,1,0.08712071163280066,0.9999964138021755,0.9929012836381148
FF_b1-384k_s1236,FF,1236,384k,FF-B1,384000,0.12875,W1,0.7661925403327565,0.009426201766671555,0.060246252941624674,0.0010206754337200243,0.03199304230188938,0.015993176355656162,0.005828207858930916,0.02675492982958468,0.08254497317916581,0.053194983385632416,0.23380745966724348,1.6138421224298085,1,0.13722595208088934,0.9999977858145843,0.9974621167099498
FF_b1-384k_s1236,FF,1236,384k,FF-B1,384000,0.12875,W2,0.17581392763096182,0.025531570817630293,0.08267437917940483,0.004367176263444616,0.03922005126320294,0.07481844484196493,0.007712368828858835,0.13416022401811906,0.4557018571564129,0.23887741594115888,0.8241860723690382,4.160675984198179,rem,0.05835734410104745,0.9999014668765241,0.6245958342202276
FF_b1-384k_s1236,FF,1236,384k,FF-B1,384000,0.12875,W3,0.332660716251395,0.009108890482574275,0.09875891940884013,0.004918120841540937,0.042493141475545414,0.07870180054457095,0.019968613755155854,0.10882111542047795,0.3045686818198998,0.2015499272891641,0.667339283748605,3.3962426013328177,1,0.06873694456653456,0.9970699460778234,0.40332983276148926
FF_b1-384k_s1236,FF,1236,384k,FF-B1,384000,0.12875,W4,0.3416212251665888,0.011486901382898894,0.038086515715800844,0.00600056917894685,0.04479897391071664,0.07836732471480284,0.039633351280701966,0.12980608414967554,0.31019905449986773,0.22566087942632412,0.6583787748334111,3.642989790305837,1,0.05752249081891524,0.9989101375988418,0.47425074040673537
FF_b1-384k_s1236,FF,1236,384k,FF-B1,384000,0.12875,PRE,0.8206607950363329,0.009162875433436132,0.05324995350749938,0.0008091178464322173,0.03385490717003338,0.011679553010279543,0.004298283846078513,0.01461049666415973,0.0516740174857481,0.03626204295430763,0.17933920496366706,1.4639445903173278,1,0.1642742592869958,0.9999978437359738,0.9984661736356975
FF_b1-384k_s1236,FF,1236,384k,FF-B1,384000,0.12875,POST,0.38615392962324535,0.013323100755101002,0.07752703479530183,0.004026381789871308,0.037513425989789226,0.0625841564550795,0.01843199123058903,0.10394040918686039,0.2964995701741624,0.1838740481869122,0.6138460703767546,3.106047915291571,1,0.06854495476115928,0.9999728397290362,0.9146327730045687
FF_b1-512k_s1234,FF,1234,512k,FF-B1,512000,0.13,FULL,0.7522839534853761,0.005237505140321979,0.04278294464139887,0.0075764982822626005,0.051138930556009814,0.0069240167568872715,0.00979648584672106,0.004513183541820943,0.1197464817492023,0.024251203721292792,0.24771604651462387,1.5033548698923975,1,0.09458931746627211,0.9999958038793018,0.9950604622943932
FF_b1-512k_s1234,FF,1234,512k,FF-B1,512000,0.13,W1,0.8483945799086124,0.002777519645677666,0.03733821062202173,0.0032104578828014044,0.026339825343048753,0.0027585475819765443,0.009632276372845461,0.0037864949536535,0.0657620876893631,0.012533020064109113,0.15160542009138755,1.3109876755207575,1,0.15456365462068772,0.9999963938846785,0.9979374357321474
FF_b1-512k_s1234,FF,1234,512k,FF-B1,512000,0.13,W2,0.5678812597706501,0.009508653719276462,0.04662638220587939,0.021814638678749117,0.09187773086012838,0.015292482060188415,0.012503722083876465,0.006953229102791459,0.22754190151846065,0.053569003561005454,0.43211874022934993,1.9526388623254536,1,0.06545352405743017,0.9998448638511916,0.7549282108823776
FF_b1-512k_s1234,FF,1234,512k,FF-B1,512000,0.13,W3,0.7005360013821971,0.009616435438672069,0.05046159465457028,0.006671619889853883,0.049472628580716375,0.010588916101648495,0.004124155560721357,0.005768044375201155,0.1627606040164197,0.0326450158053756,0.29946399861780293,1.5333132021512936,1,0.0727444071735494,0.9989322077228731,0.7338814942194192
FF_b1-512k_s1234,FF,1234,512k,FF-B1,512000,0.13,W4,0.1846513119910124,0.013302454403274587,0.07637781480160105,0.02978472421208026,0.2469807206827978,0.027377763096913213,0.019951199394576496,0.004697215796714152,0.3968767956210302,0.07516215750898221,0.8153486880089876,3.541456953859459,rem,0.0469380200249447,0.9998922478599431,0.4740876711251764
FF_b1-512k_s1234,FF,1234,512k,FF-B1,512000,0.13,PRE,0.8831274719123223,0.00207671923017965,0.028206478134808217,0.0015160807646196412,0.020116493451114405,0.0027015014248401906,0.008927097805564388,0.001999981864850053,0.05132817541170147,0.008294283284489536,0.11687252808767767,1.236724495013974,1,0.18793456747358397,0.9999964604248104,0.998699622522793
FF_b1-512k_s1234,FF,1234,512k,FF-B1,512000,0.13,POST,0.6149181355563598,0.008555850191457428,0.058086020164476386,0.01393901603867069,0.08370777690237775,0.011357016413865302,0.010709211221328525,0.007151663522550195,0.1915753099889141,0.041003546166543614,0.38508186444364023,1.8318375831542952,1,0.0708201547175664,0.9999853919745425,0.9469056620376562
FF_b1-512k_s1235,FF,1235,512k,FF-B1,512000,0.10475,FULL,0.8265024280442463,0.019298427732128344,0.0166755960093485,0.00620793960887437,0.015551349515545144,0.010885913358121108,0.023002926889487293,0.010596897509189893,0.07127852133306138,0.04698917820831371,0.17349757195575366,1.4308118811958406,1,0.10509832606231422,0.9999936868617221,0.9948598713122684
FF_b1-512k_s1235,FF,1235,512k,FF-B1,512000,0.10475,W1,0.9377513521252394,0.003314354198532811,0.009525742143464327,0.003992963414266616,0.001905877119651381,0.007710614728102648,0.0044058135756832525,0.0048013399130116576,0.026591942782047913,0.019819272253913733,0.06224864787476059,1.144405597067179,1,0.173482303617352,0.9999951337299826,0.9987043878244595
FF_b1-512k_s1235,FF,1235,512k,FF-B1,512000,0.10475,W2,0.572206582654272,0.03484388482250774,0.05077296136070891,0.012488630444996684,0.030798233325100406,0.018800981974734766,0.07488835998932887,0.0299539300334111,0.17524643539493964,0.0960874272756503,0.42779341734572796,2.2731817809428585,1,0.07151535069043599,0.999719200325092,0.7379758708520286
FF_b1-512k_s1235,FF,1235,512k,FF-B1,512000,0.10475,W3,0.6109270534331847,0.057197266799251335,0.014709180831106632,0.008705878818648783,0.06354052042380334,0.025799107670329745,0.037087089249088864,0.030931342783319375,0.15110255999126765,0.12263359607154924,0.38907294656681535,2.1013495575300873,1,0.06769257665175683,0.997839763165932,0.627565896878652
FF_b1-512k_s1235,FF,1235,512k,FF-B1,512000,0.10475,W4,0.5700862474430441,0.07398711192047719,0.028835397852086934,0.01178376578981555,0.04294596217716937,0.007938569373387756,0.07829063141254632,0.00673612827202446,0.17939618575944824,0.10044557535570496,0.42991375255695585,2.0911265234342316,1,0.06509522997632522,0.9998037085655603,0.7173461566885582
FF_b1-512k_s1235,FF,1235,512k,FF-B1,512000,0.10475,PRE,0.9402858688731398,0.003941663280669176,0.010321935683831534,0.003014264590505039,0.001998662353471837,0.011134107984803765,0.0028547081339780284,0.006382389424200042,0.020066399675400946,0.024472425280178022,0.05971413112686019,1.1623564009625968,1,0.20771566735276312,0.9999953972361846,0.9991963008051977
FF_b1-512k_s1235,FF,1235,512k,FF-B1,512000,0.10475,POST,0.7463731115446101,0.030113068510936553,0.02115001210580053,0.008457010251136914,0.025095511224130947,0.01071112812004004,0.03719183685567319,0.013564865868841154,0.10734345551882965,0.06284607275095468,0.25362688845538994,1.6383495362371367,1,0.08513575569387066,0.9999658050190132,0.9395457205583281
FF_b1-512k_s1236,FF,1236,512k,FF-B1,512000,0.17675,FULL,0.7012469507784277,0.0022374320490885203,0.04820652837377433,0.02978749890561084,0.07751679297292825,0.019908358685696223,0.018767025840280546,0.022988175565154582,0.07934123682903957,0.07492146520555015,0.2987530492215723,1.946215220752385,1,0.104230386438354,0.9999979384648954,0.9938228200815397
FF_b1-512k_s1236,FF,1236,512k,FF-B1,512000,0.17675,W1,0.7791213863033717,0.0020095260450755945,0.029229866225503397,0.01905472788137448,0.06475173847756543,0.020047715886517804,0.01433864387849625,0.017259940515671257,0.05418645478642413,0.05837191032863913,0.2208786136966283,1.722901914255561,1,0.1258011365358505,0.9999987060464307,0.9982844904192258
FF_b1-512k_s1236,FF,1236,512k,FF-B1,512000,0.17675,W2,0.7732983504196338,0.0028176320367540204,0.0330546237258533,0.04735791392277336,0.03863623394625591,0.0201208357213887,0.009484145061416429,0.02198036177125985,0.05324990339466519,0.09227674345217594,0.2267016495803662,1.714990302977753,1,0.10115020949448576,0.9999787599076801,0.9163627467051325
FF_b1-512k_s1236,FF,1236,512k,FF-B1,512000,0.17675,W3,0.5788946087733039,0.0044297703904578765,0.05792404735216398,0.04505534938752925,0.09232470651187184,0.03313744035528895,0.019071134197862712,0.05111553485975207,0.11804740817176988,0.13373809499302816,0.4211053912266961,2.431670479780917,1,0.07752383300490098,0.998824240422241,0.6496041711369609
FF_b1-512k_s1236,FF,1236,512k,FF-B1,512000,0.17675,W4,0.5916203780952953,0.0008737486687053909,0.08339465617710975,0.020948508162669105,0.12266994190892266,0.012515341207490725,0.033199426531059575,0.01705347440219846,0.11772452484654897,0.05139107244106368,0.40837962190470467,2.249423757352088,1,0.10653151031558505,0.9996287226754953,0.647472507870521
FF_b1-512k_s1236,FF,1236,512k,FF-B1,512000,0.17675,PRE,0.8219531957153398,0.002122258985935781,0.023270199008004432,0.020411562354437265,0.050172079174639436,0.013751847525865356,0.011357148833948732,0.015439628882087138,0.04152207951974255,0.05172529774832554,0.17804680428466024,1.5796327507399128,1,0.13680543571897064,0.999998702325493,0.9987984677842754
FF_b1-512k_s1236,FF,1236,512k,FF-B1,512000,0.17675,POST,0.6480162591420447,0.0022882226425056675,0.05920329212619106,0.033922227706251265,0.08957563904872672,0.022623341222649366,0.022034734799280344,0.02631703697575693,0.09601924633659421,0.08515082854716323,0.35198374085795525,2.1176216040590177,1,0.0957488494878847,0.9999813685687642,0.9147390253959119
FF_b1-640k_s1234,FF,1234,640k,FF-B1,640000,0.15325,FULL,0.8756782366692696,0.0036272082080080217,0.021405642434139376,0.004571769332179091,0.014613525683383897,0.0025275727832165273,0.008485801147914225,0.014695346762640496,0.0543948969792477,0.025421897086044136,0.12432176333073042,1.3014239253128863,1,0.10877421039005046,0.9999964172093205,0.9969145098391567
FF_b1-640k_s1234,FF,1234,640k,FF-B1,640000,0.15325,W1,0.8950204022498373,0.002509713191853,0.026430837032784586,0.005451175979196132,0.011618214250643542,0.0013782503508272472,0.00670680266472648,0.010831207137508866,0.04005339714262253,0.020170346659385247,0.10497959775016275,1.2512101081298064,1,0.1560033492219513,0.9999968495259441,0.9986200714003254
FF_b1-640k_s1234,FF,1234,640k,FF-B1,640000,0.15325,W2,0.93045722543265,0.0029850452708441834,0.014495997078647634,0.0011737566364494604,0.0057135642231673925,0.0026942494537646046,0.002022658271014122,0.010678725551017527,0.0297787780824456,0.017531776912075775,0.06954277456735003,1.1635821175592411,1,0.12247484951561226,0.9999427365929208,0.9497005060999247
FF_b1-640k_s1234,FF,1234,640k,FF-B1,640000,0.15325,W3,0.5945304223556324,0.008287118495588996,0.0382885785776143,0.016550971368345782,0.04620995085233422,0.01196357952987588,0.022924495549723502,0.06252403309940441,0.19872085017148033,0.09932570249321507,0.40546957764436764,2.191083152498091,1,0.050828156285075574,0.9986717472414072,0.6232221552166967
FF_b1-640k_s1234,FF,1234,640k,FF-B1,640000,0.15325,W4,0.7682955856960604,0.008339742305748011,0.009486878548714788,0.0042794617950461045,0.038235072054407175,0.002775710744663311,0.027949584139225114,0.020627212521136088,0.12001075219499806,0.036022127366593513,0.23170441430393962,1.5898466606350896,1,0.07284667769540304,0.9997443784275136,0.803707220511046
FF_b1-640k_s1234,FF,1234,640k,FF-B1,640000,0.15325,PRE,0.9023949283116649,0.002010051894718334,0.025345945550541166,0.005294295823773231,0.012867191815645109,0.0010473612542853345,0.006139922164078115,0.009803296287030824,0.035097006898262964,0.018155005259807722,0.0976050716883351,1.2391463314390216,1,0.18578676949909628,0.999996908133327,0.9988380829709468
FF_b1-640k_s1234,FF,1234,640k,FF-B1,640000,0.15325,POST,0.8539631920929671,0.004941615766398068,0.018203005709424288,0.003984507436786637,0.016032927392646626,0.003730673068361772,0.010392506790456654,0.01867155368112107,0.07008001806183967,0.03132834995266754,0.14603680790703288,1.353946734462661,1,0.08781894062965312,0.9999852298268249,0.9651230404942529
FF_b1-640k_s1235,FF,1235,640k,FF-B1,640000,0.151,FULL,0.6394548947176998,0.012202268045745505,0.08070511106484912,0.010575618302111013,0.05347736184877709,0.03892675159375844,0.042715458563586946,0.01132974155971465,0.11061279430375735,0.07303437950132961,0.3605451052823002,2.067570442507,1,0.09639343497313654,0.9999958328703158,0.9924829413023843
FF_b1-640k_s1235,FF,1235,640k,FF-B1,640000,0.151,W1,0.8187007921979701,0.008413661700635226,0.028615559067975783,0.0033364563379063056,0.043561396583992086,0.02466350922673543,0.02717603246726463,0.005918189456802745,0.03961440296071789,0.0423318167220797,0.1812992078020299,1.6015300563670665,1,0.15468598121422006,0.9999966923025628,0.9975171389115882
FF_b1-640k_s1235,FF,1235,640k,FF-B1,640000,0.151,W2,0.4708953212370858,0.030732358959508807,0.11851263656774508,0.04094241742991801,0.038497783210685185,0.044219653161297036,0.04542320810300853,0.023937923410051586,0.18683869792069976,0.13983235296077545,0.5291046787629142,2.4828287972375778,1,0.0618277222766817,0.9998235914358274,0.7378055257809114
FF_b1-640k_s1235,FF,1235,640k,FF-B1,640000,0.151,W3,0.17485194152471412,0.015016934673284925,0.24546772467545164,0.010986089459911622,0.08710054606021854,0.061153394491130844,0.0907891969196186,0.021143743000090812,0.2934904291955792,0.1083001616244182,0.8251480584752859,3.6692082733877642,rem,0.07795673894080268,0.9987720818430397,0.24551922892617195
FF_b1-640k_s1235,FF,1235,640k,FF-B1,640000,0.151,W4,0.37396697462661393,0.013269378206378473,0.11500888959982895,0.027964084004102063,0.08205892507588707,0.09749496585406264,0.06515204504055772,0.01836978084146842,0.20671495675110066,0.1570982089060116,0.6260330253733861,3.0955779883577623,1,0.056762801053524076,0.9997803320014884,0.5361595921806599
FF_b1-640k_s1235,FF,1235,640k,FF-B1,640000,0.151,PRE,0.8808497420301421,0.00632735673874861,0.01040462933077703,0.002868376038933523,0.03770309798054266,0.025535572387887163,0.009764567849382294,0.005589011717455083,0.02095764592613176,0.04032031688302438,0.1191502579698579,1.4207606389887686,1,0.17961951147085245,0.9999968447351276,0.998611197722534
FF_b1-640k_s1235,FF,1235,640k,FF-B1,640000,0.151,POST,0.3707924847219162,0.01874079961682893,0.15894661893802436,0.019153457903494653,0.0710334604728045,0.053830576253603844,0.07938842739182271,0.01771893474974127,0.21039523995176332,0.1094437685236687,0.6292075152780838,2.9601505972015327,1,0.07199898709725376,0.9999713289566545,0.878408525431989
FF_b1-640k_s1236,FF,1236,640k,FF-B1,640000,0.24775,FULL,0.8002243477812923,0.002250704165336487,0.07879764158593738,0.0036732183550035017,0.0276462812283898,0.006617337576037309,0.007324630190031111,0.0019402152528981331,0.0715256238650733,0.01448147534927543,0.19977565221870774,1.4007291452191593,1,0.09492497019958873,0.999998765940669,0.996933781739832
FF_b1-640k_s1236,FF,1236,640k,FF-B1,640000,0.24775,W1,0.821776363854821,0.0014566372656691828,0.05499954524154076,0.0023133386762894882,0.03624609340317935,0.003621085306851006,0.010083957251752464,0.0018086124636121413,0.06769436653628459,0.009199673712421818,0.178223636145179,1.3804005488659248,1,0.1335232406011431,0.9999991286610752,0.9985966425357531
FF_b1-640k_s1236,FF,1236,640k,FF-B1,640000,0.24775,W2,0.8485936322516895,0.0033896789341441736,0.0553938848244109,0.002976325897641458,0.019113866333895328,0.004342170166924642,0.0041433909203234765,0.000642964549793222,0.06140408612117698,0.011351139548503496,0.1514063677483105,1.2670306104155344,1,0.0901332971660344,0.9999940273215178,0.9766921114651802
FF_b1-640k_s1236,FF,1236,640k,FF-B1,640000,0.24775,W3,0.7130666840657672,0.0037484859552598285,0.17355899353819906,0.0036606878643585476,0.015299063273024993,0.012508461402352754,0.004643487719503667,0.0015997258066805622,0.07191441037485347,0.021517361028651687,0.28693331593423277,1.5652992671767347,1,0.07314170799877383,0.9991037603762318,0.734512016058245
FF_b1-640k_s1236,FF,1236,640k,FF-B1,640000,0.24775,W4,0.7329912489850492,0.0016093084406878409,0.10253587935400958,0.010132594795022216,0.02354021656044443,0.015356335918388277,0.00531183085360015,0.005093224956348096,0.10342936013645022,0.032191464110446426,0.2670087510149508,1.5304043385314337,1,0.06833945957816778,0.9995337341919133,0.7621504820143253
FF_b1-640k_s1236,FF,1236,640k,FF-B1,640000,0.24775,PRE,0.8237905084847147,0.0014532619616449032,0.05352005596231044,0.002317748308202563,0.0363041255057527,0.0036321016343807593,0.01006340259622157,0.0018048896478820614,0.06711390589889042,0.009208001552110287,0.1762094915152853,1.3771503019962033,1,0.13436484526783005,0.9999991279374238,0.998614923185213
FF_b1-640k_s1236,FF,1236,640k,FF-B1,640000,0.24775,POST,0.7770415049130462,0.003035175490018849,0.1036640720145527,0.005006640862940443,0.01912926201657083,0.009554016852353152,0.004630405570940537,0.0020733397052270356,0.07586558257435044,0.019669172910539483,0.22295849508695376,1.4241441270958426,1,0.077693895206286,0.999980817324493,0.9399724976556674
FF_init_s1234,FF,1234,0k,FF-B1+FF-LBFGS,0,0.0245,FULL,0.18643232375881055,0.011845836332940458,0.08142240900265353,0.09773600374785987,0.06943877872810889,0.08349561789842293,0.1698058827458153,0.11947437774704252,0.18034877003834593,0.31255183572626577,0.8135676762411894,4.682405028333542,1,8.921803655585308,0.6184299814909154,0.1863942572950841
FF_init_s1234,FF,1234,0k,FF-B1+FF-LBFGS,0,0.0245,W1,0.1450375197652794,0.009636237883088608,0.11143007162208463,0.021181713325335964,0.1257280139445564,0.136726320429267,0.32414603551075793,0.005507730206118194,0.12060635731351187,0.17305200184380976,0.8549624802347207,4.941369752170096,7,10.525799903306236,0.2972479480305611,0.14500341650791232
FF_init_s1234,FF,1234,0k,FF-B1+FF-LBFGS,0,0.0245,W2,0.2544946320085475,0.007965660460520772,0.08203689047088021,0.15451849284809063,0.05903114647657385,0.08104920721849858,0.06184840670851234,0.09224486143732091,0.20681070237105542,0.3357782219644309,0.7455053679914525,3.891831772206653,1,7.84945883047521,0.8998772055243849,0.25445242618306974
FF_init_s1234,FF,1234,0k,FF-B1+FF-LBFGS,0,0.0245,W3,0.22076096096186798,0.010765460190128005,0.05799894729495998,0.20508687787651636,0.034918303412582945,0.06607544376163918,0.15208292330754222,0.06098872980769141,0.1913223533870715,0.342916511635975,0.7792390390381321,4.155142324081681,1,8.042397434572297,0.9051723403519152,0.2211636548234724
FF_init_s1234,FF,1234,0k,FF-B1+FF-LBFGS,0,0.0245,W4,0.16433644749665263,0.01870162322438768,0.05830261881848784,0.07438762511400257,0.027342223060097696,0.025916354159418304,0.05336468841746122,0.34385946332087874,0.23378895638861316,0.4628650658186873,0.8356635525033473,5.339045750791845,8,9.003229797066972,0.6863346229308714,0.1639137657553861
FF_init_s1234,FF,1234,0k,FF-B1+FF-LBFGS,0,0.0245,PRE,0.18166520716953194,0.00917839073691525,0.2379766416071083,0.0001894535394819857,0.03329569547882837,0.12149773423456517,0.2687599203270656,0.0037860372356727885,0.1436509196708308,0.1346516157466352,0.8183347928304681,4.346104218583833,7,9.190314064935055,0.23342016025587767,0.17739034821066618
FF_init_s1234,FF,1234,0k,FF-B1+FF-LBFGS,0,0.0245,POST,0.18656729527363267,0.011921359800021339,0.07698988432432692,0.1004978421465488,0.07046209892704607,0.08241966283999808,0.16700419411496786,0.12274986519813495,0.18138779737532335,0.31758872998470317,0.8134327047263673,4.692365660054886,1,8.914540120228365,0.8332681449444608,0.18664891393741087
FF_init_s1235,FF,1235,0k,FF-B1+FF-LBFGS,0,0.0245,FULL,0.14567950307686486,0.011624820424094233,0.04856385392320204,0.045649706864579864,0.08001889015692573,0.08893482903534077,0.15100894216725808,0.06680284090137525,0.36171661345035955,0.2130121972253901,0.8543204969231352,4.735213769027656,rem,9.819249138442386,0.5296021364894478,0.145625299467749
FF_init_s1235,FF,1235,0k,FF-B1+FF-LBFGS,0,0.0245,W1,0.15101423473570022,0.012203818095251204,0.0990367632804324,0.11233813430739376,0.1727697976997288,0.04337474847437235,0.09466368214321873,0.033844071446555955,0.28075474981734694,0.20176077232357328,0.8489857652642998,4.142370802115569,rem,8.874965643558427,0.3495418552099655,0.15080423239488672
FF_init_s1235,FF,1235,0k,FF-B1+FF-LBFGS,0,0.0245,W2,0.15097777723866126,0.014418702882900177,0.031088442831447557,0.04596964853049092,0.0711757276568814,0.05603556034765767,0.11208417775205033,0.14225038071373233,0.37599958204617856,0.25867429247478113,0.8490222227613388,4.92250214517107,rem,9.105413673999575,0.682667982102294,0.1508811635599001
FF_init_s1235,FF,1235,0k,FF-B1+FF-LBFGS,0,0.0245,W3,0.2230613701650238,0.018240516536341917,0.06283918063602623,0.03274219838807723,0.09359788087280373,0.07612623501992727,0.09283616718647006,0.042466184158444185,0.3580902670368856,0.1695751341027906,0.7769386298349762,3.884281650077108,rem,8.46124965288603,0.8011080764861637,0.22317933008040278
FF_init_s1235,FF,1235,0k,FF-B1+FF-LBFGS,0,0.0245,W4,0.10370642851068693,0.006700111847516629,0.02509248456499476,0.016824352002089052,0.030178328487213243,0.1365395195301676,0.22879218079834235,0.05437276266463825,0.3977938315943511,0.2144367460444115,0.8962935714893131,5.423952479728529,rem,12.350931812680733,0.8118899185123423,0.10363880878726713
FF_init_s1235,FF,1235,0k,FF-B1+FF-LBFGS,0,0.0245,PRE,0.1989059946571502,0.0030606546618099045,0.2780217762480126,0.01802622891896203,0.2739727051763684,0.07351998719159576,0.027553654929329766,0.025855628774040827,0.10108336944273053,0.12046249954640852,0.8010940053428498,3.6954501665747856,3,8.401470581524414,0.054151198140147884,0.19872971334708187
FF_init_s1235,FF,1235,0k,FF-B1+FF-LBFGS,0,0.0245,POST,0.14464884003182585,0.01179065455857708,0.04412069425007386,0.0461846002428341,0.07626322218690078,0.08923331776457637,0.15339949616570991,0.06759573137910589,0.3667634434203966,0.21480430394509345,0.8553511599681741,4.763794735539878,rem,9.85422885754613,0.793444279957062,0.1445870341330108
FF_init_s1236,FF,1236,0k,FF-B1+FF-LBFGS,0,0.0245,FULL,0.20083801772975723,0.013717934985019949,0.25438378614534896,0.09414609682400751,0.07188151660796872,0.08483847503382216,0.05262139969493591,0.07833640736442038,0.14923636561471917,0.27103891420727,0.7991619822702427,3.7983395068237455,3,7.568704089833974,0.8330110308104335,0.20085156114854066
FF_init_s1236,FF,1236,0k,FF-B1+FF-LBFGS,0,0.0245,W1,0.2730788061321563,0.027901316593201435,0.030774333538692314,0.06396346086238817,0.03570435977966132,0.13981588142384122,0.0857376073995231,0.18928744211069062,0.1537367921598455,0.42096810099012144,0.7269211938678437,4.500890649882982,1,7.260836416556286,0.8837690719428251,0.27330299525395596
FF_init_s1236,FF,1236,0k,FF-B1+FF-LBFGS,0,0.0245,W2,0.26961299194136146,0.020929421572843637,0.10318163574107769,0.08786580579090861,0.045668798412907594,0.06338577558872431,0.048091221134179865,0.07458257106902272,0.2866817787489742,0.24676357402149926,0.7303870080586385,3.524987379619142,rem,6.731229076412239,0.7210663894413982,0.2694077040502163
FF_init_s1236,FF,1236,0k,FF-B1+FF-LBFGS,0,0.0245,W3,0.15105824363982204,0.010096586454056727,0.3260638270610673,0.10756530401999508,0.11070410006326337,0.061725566330876426,0.07068341373626728,0.04153825492057414,0.12056470377407767,0.22092571172550235,0.848941756360178,3.787280271697812,3,7.967821753552408,0.6769905908579829,0.15087899152493925
FF_init_s1236,FF,1236,0k,FF-B1+FF-LBFGS,0,0.0245,W4,0.144753411762363,0.0011471330730526666,0.4640003764151752,0.10946590205167729,0.08142146393165468,0.07771158266819582,0.012698511294632068,0.028236906508449535,0.0805647122947999,0.2165615243013753,0.855246588237637,3.44241090643564,3,8.22570828825211,0.866845682710008,0.1449018862081212
FF_init_s1236,FF,1236,0k,FF-B1+FF-LBFGS,0,0.0245,PRE,0.34497069292895155,0.005156736155686876,0.0073406964828014966,0.009398029029675813,0.03024616853322983,0.03148226281156,0.03201452804839558,0.4142985255008405,0.12509236050885827,0.4603355534977632,0.6550293070710484,4.907389645363711,8,6.662988055430075,0.7871305644558289,0.341934512233756
FF_init_s1236,FF,1236,0k,FF-B1+FF-LBFGS,0,0.0245,POST,0.19788010381139245,0.013893629282931063,0.2594536441240399,0.09588531028783132,0.07273596391074746,0.0859334597938382,0.05304429722579087,0.07144173879668803,0.14973185276674075,0.2671541381612886,0.8021198961886076,3.77491984806879,3,7.591354248822696,0.8399285069209903,0.19796824546978628
FF_sw-320k_s1234,FF,1234,320k,FF-B1+FF-LBFGS,320000,0.082,FULL,0.7469984172355398,0.006305803621461606,0.04224396119138432,0.011069734976691661,0.05609146341067099,0.02003719544535637,0.007374716099102624,0.0070534859374340765,0.10282522208235825,0.044466219980943716,0.25300158276446016,1.6043164312073386,1,0.10792413287156796,0.999993098945409,0.9915198914573523
FF_sw-320k_s1234,FF,1234,320k,FF-B1+FF-LBFGS,320000,0.082,W1,0.9049110122629421,0.0016099763970863594,0.01443053743392771,0.0022286960447131508,0.018243295807296837,0.009449800262415679,0.005630108081818369,0.0042105688590770626,0.0392860048507226,0.01749904156329225,0.09508898773705787,1.2296562302191862,1,0.17758690601382487,0.9999945063277458,0.9977825235516125
FF_sw-320k_s1234,FF,1234,320k,FF-B1+FF-LBFGS,320000,0.082,W2,0.27143705600811757,0.019078715778705797,0.1802786987655306,0.017474144215156577,0.20847557688909102,0.05930593762332252,0.012415402229759804,0.013421796527069797,0.21811267196324627,0.10928059414425469,0.7285629439918824,3.213791512701042,1,0.07283341573592281,0.9993771956661742,0.3968968535951911
FF_sw-320k_s1234,FF,1234,320k,FF-B1+FF-LBFGS,320000,0.082,W3,0.5101944256501008,0.015177955519394855,0.07182484883702955,0.019438501315232868,0.11919036855950038,0.031940856959257906,0.011289577563370703,0.012277343167180533,0.2086661224289327,0.07883465696106617,0.48980557434989924,2.272898598522935,1,0.07421008722059115,0.9985575605031184,0.536104539078303
FF_sw-320k_s1234,FF,1234,320k,FF-B1+FF-LBFGS,320000,0.082,W4,0.4547388084827311,0.014306198197594931,0.039557421700322365,0.06030294720745008,0.06768351729014001,0.03539646433921497,0.00912883247932773,0.013869107611811107,0.3050167026914076,0.12387471735607108,0.5452611915172689,2.257444640209578,1,0.06389370248979923,0.9999194782149292,0.6844207138634462
FF_sw-320k_s1234,FF,1234,320k,FF-B1+FF-LBFGS,320000,0.082,PRE,0.9518140839335942,0.0002431323089682967,0.005245857113235249,0.0007902527189234817,0.012118500994194658,0.009176992999704777,0.0026898571747890794,0.0011421700129839822,0.016779152743606415,0.011352548040580538,0.048185916066405765,1.1338447075998754,1,0.25842077939238095,0.9999947546960097,0.9991342706887792
FF_sw-320k_s1234,FF,1234,320k,FF-B1+FF-LBFGS,320000,0.082,POST,0.5659472645433972,0.011665030516632141,0.0749492200163742,0.020156501344964967,0.09496229619968892,0.02963730174071097,0.011515996510515084,0.012278919027115165,0.17888747010060038,0.07373775262942324,0.43405273545660283,2.1023057709889974,1,0.08205808624546843,0.9999787202354056,0.9315560401190153
FF_sw-320k_s1235,FF,1235,320k,FF-B1+FF-LBFGS,320000,0.05625,FULL,0.776198692175619,0.022517801952172366,0.025455660254087582,0.012830676081012017,0.008475178290012214,0.012793102002831203,0.02671120534937517,0.007134610531064597,0.1078830733638259,0.05527619056708019,0.223801307824381,1.4707868073694517,1,0.13813131840387274,0.9999821596649919,0.9813364506349885
FF_sw-320k_s1235,FF,1235,320k,FF-B1+FF-LBFGS,320000,0.05625,W1,0.8935560694475178,0.00771747255655365,0.012137235731721954,0.009484543775579824,0.00480975580613765,0.007219279475804985,0.016480959303332827,0.003953113903537925,0.04464156999981367,0.028374409711476384,0.10644393055248225,1.2536624386043547,1,0.24775430751014202,0.9999875959538057,0.9926201355328305
FF_sw-320k_s1235,FF,1235,320k,FF-B1+FF-LBFGS,320000,0.05625,W2,0.23563700913934416,0.09960375182340557,0.08324397078067385,0.044383455355172366,0.029783211474352426,0.03331564545707011,0.10078013476308752,0.02892873610512631,0.3443240851017678,0.20623158874077435,0.7643629908606558,3.2757204589084754,rem,0.06917681496571135,0.9995982973472911,0.47023538785846025
FF_sw-320k_s1235,FF,1235,320k,FF-B1+FF-LBFGS,320000,0.05625,W3,0.11999205542791824,0.07196023881559288,0.1304115415458233,0.02193947279394134,0.031156969068144278,0.04906592282467268,0.07721740234299454,0.02681593631709233,0.47144046086382013,0.16978157075129924,0.8800079445720818,3.6857432206835528,rem,0.06534585122809689,0.9961931956446318,0.18468513939232284
FF_sw-320k_s1235,FF,1235,320k,FF-B1+FF-LBFGS,320000,0.05625,W4,0.4385190171776297,0.08306544105997876,0.043371557050397684,0.01592307976193908,0.013519509324218044,0.029344008123583017,0.038047941521424336,0.0086701438171786,0.32953930216365074,0.13700267276267944,0.5614809828223704,2.0550275810243406,1,0.07446422039131761,0.9996460962700444,0.5886102617009136
FF_sw-320k_s1235,FF,1235,320k,FF-B1+FF-LBFGS,320000,0.05625,PRE,0.9628265041341147,0.0007122710460690289,0.00906834882969738,0.006168992114232475,0.003668684920862603,0.003598218929736535,0.0009202591887541261,0.0024779781014516726,0.01055874273508176,0.012957460191489712,0.03717349586588525,1.0938804406435925,1,0.44016993609036603,0.9999886443998781,0.997932118140096
FF_sw-320k_s1235,FF,1235,320k,FF-B1+FF-LBFGS,320000,0.05625,POST,0.5100852972043145,0.053610401697516526,0.04882239767565867,0.02232959973029025,0.015328777734536102,0.025904125088123352,0.0634866257451912,0.013774522621194841,0.24665825250317383,0.11561864913712497,0.4899147027956855,2.1766520949931984,1,0.09136990863906827,0.999844404886488,0.7980430530427771
FF_sw-320k_s1236,FF,1236,320k,FF-B1+FF-LBFGS,320000,0.105,FULL,0.7237551162323543,0.006929946204118715,0.08766821093787922,0.008371663979040834,0.019499776086924277,0.03190907692817406,0.027332794964692545,0.010497101060957956,0.08403631360585892,0.05770778817229156,0.27624488376764567,1.7450102404243002,1,0.10108814913206156,0.9999934129226461,0.9924620164774453
FF_sw-320k_s1236,FF,1236,320k,FF-B1+FF-LBFGS,320000,0.105,W1,0.898136736927305,0.002547710239044849,0.028928006164760746,0.0017017489830391307,0.013637169571775928,0.014550548397456765,0.00926210583211159,0.003775790554217339,0.027460183330289333,0.022575798173758082,0.101863263072695,1.2825730668851298,1,0.16093364571814076,0.9999954854891904,0.9981927008564555
FF_sw-320k_s1236,FF,1236,320k,FF-B1+FF-LBFGS,320000,0.105,W2,0.586008971889154,0.015797819071613848,0.1280121035061446,0.015723602222090613,0.02395670036096601,0.02322790579010036,0.057683075195924874,0.016902142222834978,0.13268767974117118,0.07165146930663979,0.413991028110846,2.147651874220914,1,0.08483286350565374,0.9998344438108805,0.7205952980741064
FF_sw-320k_s1236,FF,1236,320k,FF-B1+FF-LBFGS,320000,0.105,W3,0.2053085894427489,0.014051913327431609,0.3179468585752132,0.017729825494439248,0.02642741769382773,0.0931680807991661,0.06914734083019117,0.02873699790670427,0.22748297593027808,0.15368681752774124,0.7946914105572511,3.4474906741857767,3,0.06995362264966883,0.9956617890579524,0.2583532418388644
FF_sw-320k_s1236,FF,1236,320k,FF-B1+FF-LBFGS,320000,0.105,W4,0.3526659369581614,0.012631384759361453,0.1298090568481469,0.035699845776616,0.05104955411373886,0.11012506960787037,0.04498806332015317,0.02503324271354582,0.23799784590240544,0.18348954285739363,0.6473340630418386,3.072610517834935,1,0.0525361457268898,0.9989187296880149,0.5292489810344192
FF_sw-320k_s1236,FF,1236,320k,FF-B1+FF-LBFGS,320000,0.105,PRE,0.9227167478079308,0.0029764743693701835,0.02458704301617497,0.0011263714928437154,0.01457934164204039,0.013019533837621168,0.004921629292442099,0.0033273850914000056,0.012745473450177382,0.020449764791235073,0.07728325219206922,1.2347582875521768,1,0.1830450121634584,0.9999955170950743,0.9991948494536257
FF_sw-320k_s1236,FF,1236,320k,FF-B1+FF-LBFGS,320000,0.105,POST,0.6180937805329189,0.009029492289470085,0.1211683406227111,0.012219377106251815,0.022112841086195,0.04194063094134912,0.03923455552404839,0.01430467823013337,0.12189630366692165,0.07749417856720438,0.38190621946708114,2.0496697696518695,1,0.08639397284954506,0.9999607330858191,0.9095053881634517
FF_tr-384k_s1234,FF,1234,384k,FF-LBFGS,384000,0.08,FULL,0.7277602752070103,0.02260080495367981,0.03223152649833153,0.03943351032893399,0.013933809301112723,0.05586599431960503,0.034525396373598194,0.02111368628564451,0.05253499673208324,0.13901399588786334,0.27223972479298975,1.9450246467072243,1,0.12654210645049355,0.9999805748192829,0.9874242202721417
FF_tr-384k_s1234,FF,1234,384k,FF-LBFGS,384000,0.08,W1,0.7606299736885462,0.020786328166516543,0.02866382521501351,0.038989457549129844,0.011383604338466156,0.05589593319684497,0.03479636143316602,0.019820613551258724,0.02903390286105815,0.13549233246375006,0.23937002631145377,1.8935625050105909,1,0.24484945070477415,0.9999819365159724,0.9895280003652153
FF_tr-384k_s1234,FF,1234,384k,FF-LBFGS,384000,0.08,W2,0.20543220906894732,0.06395495149329253,0.1386183593058685,0.06469475690625602,0.037593776185386,0.09383569301922513,0.024996549401080845,0.0664807258457775,0.3043929787741661,0.2889661272645511,0.7945677909310527,3.5447901386459626,rem,0.036996347033645224,0.9995081898672031,0.6323506465075109
FF_tr-384k_s1234,FF,1234,384k,FF-LBFGS,384000,0.08,W3,0.24495301894445567,0.061606049490741374,0.07992228706690165,0.05035003880582354,0.0733864192873542,0.027618122249166367,0.03782615031153805,0.039812926222310134,0.3845249876217089,0.1793871367680414,0.7550469810555444,3.12808706693299,rem,0.030100356230483558,0.9989599563952257,0.4739655532175849
FF_tr-384k_s1234,FF,1234,384k,FF-LBFGS,384000,0.08,W4,0.1620040472094938,0.03461342566055236,0.05039526788196385,0.027472262946301396,0.0599694753610621,0.03674512326223301,0.030236111495648837,0.02050598451063294,0.5780583016721117,0.11933679637971971,0.8379959527905062,3.2903231237794164,rem,0.0383939758269781,0.9998549906714063,0.6200271097420312
FF_tr-384k_s1234,FF,1234,384k,FF-LBFGS,384000,0.08,PRE,0.7921119317138334,0.017384504095640654,0.022811482167650405,0.038109220991960104,0.010867574863732554,0.05103629540239489,0.03423654612330731,0.01781721347200479,0.015625231169475933,0.12434723396200045,0.20788806828616657,1.8189225328025358,1,0.4154407381948844,0.9999809714622815,0.9908181678884899
FF_tr-384k_s1234,FF,1234,384k,FF-LBFGS,384000,0.08,POST,0.33068236210770424,0.05478766650849793,0.09035732693881054,0.047604955709045736,0.03285381909665045,0.08566735252924958,0.0363077289631494,0.041454367730105926,0.28028442041678636,0.22951434247689917,0.6693176378922958,3.0092606238608535,1,0.049264106937047344,0.9999767168685753,0.9566995281167944
FF_tr-384k_s1235,FF,1235,384k,FF-LBFGS,384000,0.035250000000000004,FULL,0.5263363724010474,0.012944106089776695,0.056997975857901534,0.041789761085865976,0.17727785640126642,0.03979025761068962,0.07804114678320764,0.011903250225189914,0.05491927354505427,0.1064273750115222,0.47366362759895264,2.8114237642099247,1,0.21558549186017326,0.9999481750577648,0.8954944330352632
FF_tr-384k_s1235,FF,1235,384k,FF-LBFGS,384000,0.035250000000000004,W1,0.5431247709281011,0.009480162071542241,0.05594944717634592,0.039662183997202796,0.18345194594803838,0.035952978962379575,0.07902227205082912,0.00996145159348081,0.043394787272079814,0.09505677662460542,0.4568752290718989,2.774820017588727,1,0.41965185575435404,0.9999546776251631,0.9025357961160423
FF_tr-384k_s1235,FF,1235,384k,FF-LBFGS,384000,0.035250000000000004,W2,0.1115362570987916,0.06382128881106916,0.06658657167790441,0.08686658443411086,0.05547838717818482,0.13687449133222532,0.08780089293803445,0.05974351006128428,0.3312920164683946,0.3473058746386896,0.8884637429012084,4.452762903631685,rem,0.04583302708239897,0.9995394753116215,0.5020768597623388
FF_tr-384k_s1235,FF,1235,384k,FF-LBFGS,384000,0.035250000000000004,W3,0.17363103420363782,0.05553034200085105,0.09328514193092433,0.053917990714678,0.057205053475218495,0.14637382125995435,0.02324048803802848,0.06382530750828376,0.3329908208684236,0.31964746148376716,0.8263689657963622,3.9246434082561903,rem,0.05495683988143298,0.9982756760127967,0.3240572947086435
FF_tr-384k_s1235,FF,1235,384k,FF-LBFGS,384000,0.035250000000000004,W4,0.23985069287608007,0.11709833856151465,0.07247857080903361,0.10941914517569613,0.046198395765415935,0.08243069488422865,0.07003734834445392,0.03589243748388206,0.22659437609969477,0.34484061610532146,0.7601493071239199,3.4033069688189554,1,0.06035538034930195,0.9991141956094753,0.4456043367620107
FF_tr-384k_s1235,FF,1235,384k,FF-LBFGS,384000,0.035250000000000004,PRE,0.5642607880546614,0.00752091455252403,0.05092487233951822,0.042930953886190865,0.17584841288675065,0.038718992526478535,0.08353883352856845,0.0052856443232145636,0.030970587902093075,0.094456505288408,0.4357392119453386,2.7268667241798528,1,1.0215807925026057,0.9999569899091478,0.9073170664742884
FF_tr-384k_s1235,FF,1235,384k,FF-LBFGS,384000,0.035250000000000004,POST,0.36801131494395495,0.03558458971854761,0.08235168129856175,0.03702556333707759,0.18324542960356757,0.04426252443633121,0.05508966408165677,0.039530118473555434,0.15489911410674706,0.15640279596551182,0.631988685056045,3.216194336073896,1,0.09652060329526178,0.9999036422774892,0.8349613606075359
FF_tr-384k_s1236,FF,1236,384k,FF-LBFGS,384000,0.10475,FULL,0.6186354719474214,0.019730665028333223,0.09906233074349993,0.07612475962982825,0.06560924353653988,0.024527083543422912,0.011838561970402556,0.03828041985694577,0.04619146374360664,0.15866292805853016,0.3813645280525786,2.2269719378717525,1,0.11324081282928167,0.9999731174443232,0.987809420492757
FF_tr-384k_s1236,FF,1236,384k,FF-LBFGS,384000,0.10475,W1,0.6471796130380278,0.016640653162695817,0.09932296041049474,0.07458601964207982,0.06557290135043886,0.020862397422572523,0.009295549189468556,0.03726562361233733,0.029274282171883922,0.14935469383968547,0.35282038696197215,2.1561256338800687,1,0.2179926482739659,0.9999750337423156,0.9894237826717817
FF_tr-384k_s1236,FF,1236,384k,FF-LBFGS,384000,0.10475,W2,0.3132083231848748,0.035504041095449315,0.06083252106970673,0.0690830604986624,0.07982034335850442,0.04677185223689219,0.032427023456944294,0.06687645245298034,0.2954763826459852,0.21823540628398425,0.6867916768151252,3.243013815770773,1,0.025925021722683676,0.9998806005440691,0.8630850273731571
FF_tr-384k_s1236,FF,1236,384k,FF-LBFGS,384000,0.10475,W3,0.16849293840310448,0.09452628837354997,0.10893960482019222,0.07152546587265911,0.058489895488402444,0.038169617664507875,0.04130945912930699,0.045069004545682696,0.3734777257025944,0.24929037645639962,0.8315070615968956,3.4183168175509433,rem,0.029421904062774493,0.9970177661140954,0.3397573271218669
FF_tr-384k_s1236,FF,1236,384k,FF-LBFGS,384000,0.10475,W4,0.2241377675631245,0.05684706691078252,0.10144248125005213,0.11822371664112026,0.06476763594318806,0.1005213698904275,0.053959179483921316,0.05029064598979181,0.22981013632759192,0.3258827994321221,0.7758622324368755,3.6641095503484173,rem,0.044247015327113295,0.9988183196574318,0.4488753055190508
FF_tr-384k_s1236,FF,1236,384k,FF-LBFGS,384000,0.10475,PRE,0.6212416969779504,0.018874026199119796,0.11123271738190672,0.08260335931168096,0.0702685320960812,0.023755857941174605,0.007873686585182534,0.042189715653335,0.021960407853568887,0.16742295910531035,0.3787583030220496,2.2592262071617895,1,0.2999063657586817,0.9999741406132426,0.9901909149847412
FF_tr-384k_s1236,FF,1236,384k,FF-LBFGS,384000,0.10475,POST,0.6111400729427944,0.022194324057233993,0.06406078527952111,0.05749256592517722,0.05220931589316233,0.026745097545943657,0.023241385083420413,0.027037441419625437,0.11587901185312117,0.13346942894798028,0.3888599270572056,2.124356007219831,1,0.06082655066376105,0.9999605089627167,0.960627369699327
FF_tr-512k_s1234,FF,1234,512k,FF-LBFGS,512000,0.078,FULL,0.8199462505283162,0.014014798598599255,0.02196175114383295,0.023396936015805815,0.012471935764986893,0.030921392815105406,0.019191347702323388,0.010569162681267544,0.047526424749764075,0.07890229011077803,0.18005374947168384,1.5477905682736581,1,0.15820871207336493,0.99995904120463,0.9857488647021183
FF_tr-512k_s1234,FF,1234,512k,FF-LBFGS,512000,0.078,W1,0.8451224292956732,0.013561337757074429,0.019703416495698983,0.02313822252420643,0.010426783642133921,0.030301572946394937,0.01888520971081784,0.009752325349153448,0.02910870227884693,0.07675345857682923,0.15487757070432684,1.5120813982961205,1,0.30986475645905953,0.9999599740861965,0.9880654979835098
FF_tr-512k_s1234,FF,1234,512k,FF-LBFGS,512000,0.078,W2,0.16687799528103786,0.025159637390600138,0.07342832199892803,0.03320427676532122,0.051809283671644786,0.07217305917214824,0.01531374335404387,0.054112117995711334,0.5079215643705643,0.18464909132378093,0.8331220047189621,3.6629877138383504,rem,0.037104036352658465,0.9998784356630662,0.7922209711096154
FF_tr-512k_s1234,FF,1234,512k,FF-LBFGS,512000,0.078,W3,0.20241821264019308,0.03863146884038893,0.11610288721867434,0.04359239614517985,0.06495374864627253,0.029968036432895282,0.0430693606788558,0.011277609583001594,0.4499862798145387,0.12346951100146565,0.7975817873598069,3.08836433976534,rem,0.028313544061763122,0.9992044954838754,0.48833667201154995
FF_tr-512k_s1234,FF,1234,512k,FF-LBFGS,512000,0.078,W4,0.05200570767061845,0.02050478115482833,0.07518058097823437,0.01996999945437624,0.08739301220765953,0.0338395130674606,0.030848788239556585,0.024228263406446002,0.65602935382082,0.09854255708311117,0.9479942923293816,4.210262681396404,rem,0.036845126563309565,0.9997680007566899,0.461608456676975
FF_tr-512k_s1234,FF,1234,512k,FF-LBFGS,512000,0.078,PRE,0.8685179426728113,0.010174397602314662,0.017466722287734462,0.022920035499945514,0.009823491204088663,0.026930906846505263,0.018692365865152088,0.00847399021857769,0.017000147802869917,0.06849933016734312,0.13148205732718865,1.4672315803719491,1,0.5464757868849617,0.9999586896967537,0.9895497477643441
FF_tr-512k_s1234,FF,1234,512k,FF-LBFGS,512000,0.078,POST,0.18662348065610038,0.06408950855828777,0.08057210627271762,0.029615207241762382,0.0470048122431456,0.08295304983976996,0.025697535674798013,0.037887964412185955,0.4455563351012323,0.21454573005200608,0.8133765193438997,3.410100232957865,rem,0.04397049000871923,0.9999642443966344,0.9368141317717641
FF_tr-512k_s1235,FF,1235,512k,FF-LBFGS,512000,0.035250000000000004,FULL,0.5268592833606123,0.012303095528644045,0.0552795367656188,0.03533346003272015,0.18587502770098088,0.0376982784857609,0.08199783935010595,0.008707020282467217,0.05594645849309012,0.0940418543295923,0.4731407166393877,2.8153527899838204,1,0.2279207619574298,0.9999321365547946,0.8786547441026845
FF_tr-512k_s1235,FF,1235,512k,FF-LBFGS,512000,0.035250000000000004,W1,0.5365092826815068,0.00952763171992352,0.05502247611578026,0.03381922386353335,0.18968725724772414,0.036233147747781046,0.08261940809994893,0.007466571742843208,0.04911500078095897,0.08704657507408112,0.46349071731849323,2.7971967961162694,1,0.44783081787918005,0.9999384931503131,0.8834065780978142
FF_tr-512k_s1235,FF,1235,512k,FF-LBFGS,512000,0.035250000000000004,W2,0.1242577197082812,0.10600621801057533,0.05121721460516773,0.04884953407946126,0.06602081939352662,0.11118505620155204,0.07824768785131579,0.052158956470148295,0.36205679367997157,0.31819976476173695,0.8757422802917187,4.150118396953298,rem,0.03663327007003305,0.9991968157160558,0.5290500872111503
FF_tr-512k_s1235,FF,1235,512k,FF-LBFGS,512000,0.035250000000000004,W3,0.1650802254785987,0.06598744962565989,0.08446127499671258,0.04642958330673333,0.0420431819822141,0.1114793063862788,0.03863503822157802,0.05355977491963391,0.3923241650825906,0.27745611423830596,0.8349197745214013,3.808235189076384,rem,0.042067174760728056,0.9978482323853963,0.3218110692207525
FF_tr-512k_s1235,FF,1235,512k,FF-LBFGS,512000,0.035250000000000004,W4,0.26472445603016403,0.12811692526158763,0.057245393802552516,0.12664936700619775,0.06496845897273953,0.06049874629398309,0.06706377648663751,0.04718803672346554,0.18354483942267208,0.362453075285234,0.735275543969836,3.348717222724472,1,0.0542086088423598,0.9983660595308479,0.4322047564714165
FF_tr-512k_s1235,FF,1235,512k,FF-LBFGS,512000,0.035250000000000004,PRE,0.5574647354293277,0.00805132507594416,0.05408464802668692,0.03499071433392775,0.18372780769768884,0.03789594207553728,0.08517139983354072,0.003792308275189371,0.03482111925215726,0.08473028976059857,0.44253526457067227,2.7438821919963305,1,1.1030282904901114,0.9999397719520166,0.8892441764262042
FF_tr-512k_s1235,FF,1235,512k,FF-LBFGS,512000,0.035250000000000004,POST,0.36440300429731715,0.03487184588155656,0.061622105337573875,0.03715278264118044,0.1972726496436972,0.03664906375012247,0.06515231697835454,0.03479471941455036,0.16808151205564748,0.1434684116874098,0.6355969957026828,3.2554941220432867,1,0.09242309058472593,0.9998865193463099,0.8123681408254931
FF_tr-512k_s1236,FF,1236,512k,FF-LBFGS,512000,0.10575,FULL,0.6068473538870628,0.028741760370143293,0.10777117669662398,0.07384607985249121,0.07277083150923432,0.017782693610711404,0.014615378537104673,0.0375498734091705,0.040074852127458524,0.1579204072425164,0.3931526461129372,2.246306063706784,1,0.1165672448657733,0.999964347759469,0.9872048812122524
FF_tr-512k_s1236,FF,1236,512k,FF-LBFGS,512000,0.10575,W1,0.6295804798445915,0.027863072651717207,0.10908173547694579,0.0732924724725242,0.07373593219732283,0.015141703528180759,0.011988195186086325,0.03563700051079041,0.023679408131840742,0.15193424916321258,0.37041952015540847,2.1860288431792028,1,0.2257305947433827,0.9999661264922121,0.9885726567811628
FF_tr-512k_s1236,FF,1236,512k,FF-LBFGS,512000,0.10575,W2,0.25961420949325487,0.04302350163329403,0.07954710340590362,0.10423392115532404,0.05433839730811425,0.032703008593818965,0.05885264470471643,0.04681137462022612,0.3208758390853476,0.22677180600266317,0.7403857905067451,3.3213481207313844,rem,0.021113369291524485,0.999804748840801,0.8251512155818392
FF_tr-512k_s1236,FF,1236,512k,FF-LBFGS,512000,0.10575,W3,0.14381838225507257,0.05499961651334304,0.08232182756406488,0.053853282183612905,0.040046216904679875,0.048445346733676314,0.043956720964119206,0.06602174258475231,0.46653686429667884,0.22331998801538455,0.8561816177449274,3.829637405717361,rem,0.02851893605930322,0.9987932486504317,0.4943369656631008
FF_tr-512k_s1236,FF,1236,512k,FF-LBFGS,512000,0.10575,W4,0.2609462529739008,0.03820615679825988,0.08926872438433825,0.09078081131629093,0.06475887012649788,0.0743549652271969,0.0642812983147655,0.07613043269666621,0.24127248816208396,0.2794723660384139,0.7390537470260992,3.68673157769784,1,0.04288768811409148,0.9987752433744637,0.4084385452661418
FF_tr-512k_s1236,FF,1236,512k,FF-LBFGS,512000,0.10575,PRE,0.5980569619491506,0.03259246680066005,0.12357180770690665,0.07933867588965396,0.08306308313952286,0.014391558540441106,0.009188628030912168,0.04136441601765248,0.01843240192510069,0.1676871172484076,0.4019430380508494,2.290430651884782,1,0.3066062391394806,0.9999643097505564,0.9894684341914325
FF_tr-512k_s1236,FF,1236,512k,FF-LBFGS,512000,0.10575,POST,0.6308437308781115,0.018229942030165,0.06463795793945423,0.05885216307400724,0.04467461555531611,0.027039954964760617,0.02942954745047632,0.0271367765725237,0.09915531153518456,0.13125883664145654,0.3691562691218885,2.1150593634497743,1,0.06382799428468142,0.9999647680657153,0.9632978136300142
FF_tr-623k_s1234,FF,1234,623k,FF-LBFGS,623360,0.0775,FULL,0.8501617841595976,0.0113401526878067,0.01676633263575952,0.016434712896509975,0.012525432335780028,0.0294628558362102,0.013555115111791048,0.008462481993896003,0.04129113234264789,0.06570020341442288,0.14983821584040236,1.4507739986353212,1,0.169426084220873,0.9999635085321316,0.9864296887013709
FF_tr-623k_s1234,FF,1234,623k,FF-LBFGS,623360,0.0775,W1,0.8696581591794678,0.010701729454766405,0.014783025899656526,0.016064103817749354,0.010899449698470794,0.028962360715494812,0.013053683346308976,0.007639917140531647,0.02823757074755365,0.06336811112854221,0.13034184082053224,1.4205464245562998,1,0.3333725395178889,0.9999643293360302,0.9884025099417509
FF_tr-623k_s1234,FF,1234,623k,FF-LBFGS,623360,0.0775,W2,0.19088850945278332,0.03312140827717729,0.11289428405112299,0.02646704738776611,0.07134998053610714,0.05384882334050098,0.02460874424637891,0.04117888570363266,0.4456423170045303,0.15461616470907705,0.8091114905472166,3.397116272679524,rem,0.03447622294649702,0.9999050431135151,0.8456917386423274
FF_tr-623k_s1234,FF,1234,623k,FF-LBFGS,623360,0.0775,W3,0.17126324958364614,0.031578697684025075,0.11693513740897432,0.058809611872123024,0.06393044172863689,0.05629029644873716,0.043184386237217876,0.030956942428401083,0.42705123660823857,0.17763554843328636,0.8287367504163539,3.539242711837242,rem,0.027030302672486343,0.9993244606931053,0.5124360323460906
FF_tr-623k_s1234,FF,1234,623k,FF-LBFGS,623360,0.0775,W4,0.03152584970557415,0.039257152342606204,0.048207050538424855,0.015197218618607788,0.080114541693652,0.03623498628660626,0.03291257757454735,0.04179460112524524,0.6747560221147362,0.13248395837306548,0.9684741502944259,4.606319441895077,rem,0.03323910836834649,0.9996341580675135,0.4328849585506944
FF_tr-623k_s1234,FF,1234,623k,FF-LBFGS,623360,0.0775,PRE,0.8854608802185224,0.008694046252544408,0.01350727258914047,0.015858893327639352,0.01036839844038584,0.026750546199641723,0.012674082917403434,0.006651639322042797,0.02003424073267984,0.05795512510186828,0.11453911978147757,1.3889090667996005,1,0.5922370263281755,0.9999634772284691,0.9894558687720965
FF_tr-623k_s1234,FF,1234,623k,FF-LBFGS,623360,0.0775,POST,0.16258580083237734,0.06288252734739906,0.08024816833308114,0.027650855814854814,0.05454137232529316,0.08229477431759082,0.030716364124735072,0.04373511131766039,0.45534502558700835,0.2165632687975051,0.8374141991676227,3.618932761711431,rem,0.038987762715923316,0.9999640586426496,0.9405909973781972
FF_tr-623k_s1235,FF,1235,623k,FF-LBFGS,623360,0.035,FULL,0.528381394915946,0.012985696610619957,0.057032446508871876,0.0368324298477551,0.1862130421852968,0.038427780534253914,0.07929836927768082,0.007131011883099531,0.053697828236476654,0.0953769188757285,0.47161860508405395,2.796726563845137,1,0.2294881656577772,0.9999252298588021,0.8753032227644846
FF_tr-623k_s1235,FF,1235,623k,FF-LBFGS,623360,0.035,W1,0.5383360858333265,0.010186783237527794,0.05696621187799276,0.035093726340044304,0.18996746587482424,0.03737899357651493,0.0799727237832177,0.006044718766144758,0.04605329071040692,0.08870422192023178,0.4616639141666735,2.7803034225282635,1,0.45109447523831614,0.9999311555731004,0.8802306453946169
FF_tr-623k_s1235,FF,1235,623k,FF-LBFGS,623360,0.035,W2,0.09365434811936865,0.08299061524470605,0.052482205197632,0.05025397525237669,0.06283751806321308,0.08818012975410505,0.06183203026560142,0.040788960820151834,0.466980217282845,0.26221368107133963,0.9063456518806313,4.165891087855938,rem,0.0355261079006864,0.9990530536365135,0.48660368532646764
FF_tr-623k_s1235,FF,1235,623k,FF-LBFGS,623360,0.035,W3,0.136723595177893,0.07640943653598642,0.05577275492152861,0.04365308913736421,0.03776469960751533,0.11484241250134647,0.041708424485257266,0.043278850234272366,0.44984673739883646,0.27818378840896946,0.863276404822107,3.903531946219529,rem,0.04135015340539144,0.997332689816452,0.24256379216499058
FF_tr-623k_s1235,FF,1235,623k,FF-LBFGS,623360,0.035,W4,0.25337840600175715,0.13898149200480242,0.06420631240375453,0.14637561179966113,0.06581032536896356,0.04566493653413294,0.061932517082407684,0.04671221888118333,0.17693817992333716,0.3777342592197798,0.7466215939982428,3.3044047539999863,1,0.05472235675502871,0.9978207255352328,0.4039677348720304
FF_tr-623k_s1235,FF,1235,623k,FF-LBFGS,623360,0.035,PRE,0.5572665914255125,0.008733664298870566,0.05604887474797895,0.03632360718488544,0.18483176406456192,0.03881260095779202,0.08266989915555761,0.0029730634643313175,0.032339934700509956,0.08684293590587934,0.4427334085744875,2.7361707854094313,1,1.1184625520143137,0.999933163399108,0.8847684869482869
FF_tr-623k_s1235,FF,1235,623k,FF-LBFGS,623360,0.035,POST,0.3602207630159176,0.03773970651206892,0.06275849544802367,0.03979463716681856,0.1942544138801541,0.036187475692679216,0.05967037074404446,0.03133729461606303,0.17803684292423066,0.14505911398762975,0.6397792369840825,3.2117523322297874,1,0.08948693488746136,0.9998756498136783,0.8136454484238133
FF_tr-623k_s1236,FF,1236,623k,FF-LBFGS,623360,0.12275,FULL,0.6204464388910409,0.03558049587812265,0.09796573788001338,0.0740913121493401,0.07340873028125125,0.017630850775827336,0.012110553173375147,0.030319851006375048,0.03844602996465459,0.15762250980966513,0.3795535611089591,2.165277658969054,1,0.11641252488134851,0.9999595066700419,0.9878573771179959
FF_tr-623k_s1236,FF,1236,623k,FF-LBFGS,623360,0.12275,W1,0.6425418814952092,0.03568228738832199,0.09909701981561783,0.07325448702049822,0.07477611988023312,0.015078687202403076,0.009813251043177812,0.028133932075289112,0.02162233407925039,0.1521493936865124,0.3574581185047908,2.1079103419434477,1,0.22555712878737974,0.9999611003864162,0.9891442656953546
FF_tr-623k_s1236,FF,1236,623k,FF-LBFGS,623360,0.12275,W2,0.19117449720272822,0.03755511780929041,0.09407883830747571,0.08630239599114245,0.07492888706123478,0.039437769793524535,0.057268060599135986,0.04331377501470301,0.3759406582207649,0.2066090586086604,0.8088255027972717,3.6092537348539526,rem,0.01965578280636318,0.9998174733944076,0.8217596854189263
FF_tr-623k_s1236,FF,1236,623k,FF-LBFGS,623360,0.12275,W3,0.14954194885112737,0.040775241160371276,0.07282838917936899,0.0526331834453002,0.040615708068164134,0.04253534600132233,0.029131607653756154,0.061129542969062096,0.5108090326715271,0.1970733135760559,0.8504580511488726,3.7027636795110035,rem,0.02862210018678376,0.9988975498791272,0.4880022846652218
FF_tr-623k_s1236,FF,1236,623k,FF-LBFGS,623360,0.12275,W4,0.3022229425968298,0.029977346718440687,0.07830811628526596,0.10461484774888653,0.04941381494441964,0.07348057353623795,0.05940497608054479,0.07510695709291243,0.22747042499646236,0.2831797250964776,0.6977770574031702,3.521165362658428,1,0.04274713901750706,0.9989283156622758,0.43497986807037814
FF_tr-623k_s1236,FF,1236,623k,FF-LBFGS,623360,0.12275,PRE,0.633272222926639,0.037160417300379854,0.10038737694959139,0.08071041133455437,0.07724529595134468,0.01408392593927385,0.0086621757514331,0.028953547606970536,0.019524626239813297,0.1609083021811786,0.366727777073361,2.1363009579625256,1,0.3012499711913176,0.9999591926348687,0.9894742342171149
FF_tr-623k_s1236,FF,1236,623k,FF-LBFGS,623360,0.12275,POST,0.558389622567349,0.027936137199171585,0.08624877691092293,0.04206518250104288,0.05484572856206093,0.034792442027092446,0.028795328442806863,0.03693063120226396,0.1299961505872894,0.14172439292957087,0.44161037743265097,2.3232823656558423,1,0.05146806187769338,0.9999634864275112,0.9673106540002977
MO_init_s1234,MO,1234,0k,MO-ADAM+MO-LBFGS,0,0.0245,FULL,0.9999999999999998,1.2653344652728049e-30,9.124866878739388e-31,8.093692935174678e-31,5.1976237469943435e-31,5.303338734102247e-31,2.820344643706252e-31,2.8676681527964914e-31,6.354013197687263e-30,2.8918044474801463e-30,2.220446049250313e-16,1.0,1,5.678374904416553,1.0,1.0
MO_init_s1234,MO,1234,0k,MO-ADAM+MO-LBFGS,0,0.0245,W1,1.0000000000000002,1.3085641466562737e-30,9.271494955302195e-31,8.20266897332343e-31,5.3520158584688915e-31,5.501173906712144e-31,2.8961308685439157e-31,2.854652467770159e-31,6.383146663018992e-30,2.9644136814368468e-30,-2.220446049250313e-16,1.0,1,5.778058240069734,1.0,1.0
MO_init_s1234,MO,1234,0k,MO-ADAM+MO-LBFGS,0,0.0245,W2,1.0000000000000002,1.2323115806186723e-30,8.771912850712111e-31,7.924098545684906e-31,5.161879350261663e-31,5.340965378264557e-31,2.8825134244723046e-31,2.8817114182227794e-31,6.2387416180263094e-30,2.8469891148358966e-30,-2.220446049250313e-16,1.0,1,5.3226453444231865,0.9999999999999999,1.0000000000000002
MO_init_s1234,MO,1234,0k,MO-ADAM+MO-LBFGS,0,0.0245,W3,1.0000000000000004,1.266356648816241e-30,9.571919666091512e-31,8.411066918490728e-31,5.440498046789025e-31,5.421048833534848e-31,3.1646454626516137e-31,3.2477080915033612e-31,6.613069448848194e-30,2.9743390331691347e-30,-4.440892098500626e-16,1.0,1,5.632754460407177,1.0000000000000002,1.0
MO_init_s1234,MO,1234,0k,MO-ADAM+MO-LBFGS,0,0.0245,W4,1.0,1.249803737719183e-30,8.868149800315331e-31,7.842236363988796e-31,4.8629315209497895e-31,4.980767566225764e-31,2.3914392167076665e-31,2.5293525367535866e-31,6.186961623295059e-30,2.7850393844159977e-30,0.0,1.0,1,5.960050066675789,1.0000000000000002,1.0
MO_init_s1234,MO,1234,0k,MO-ADAM+MO-LBFGS,0,0.0245,PRE,1.0000000000000002,1.0657615177417984e-30,7.119672572669487e-31,6.26785974134068e-31,4.083774573462145e-31,5.236856559441452e-31,2.263619120500816e-31,2.0831125552706406e-31,5.8024552713253625e-30,2.4245444033470754e-30,-2.220446049250313e-16,1.0,1,4.436926488323494,1.0,1.0
MO_init_s1234,MO,1234,0k,MO-ADAM+MO-LBFGS,0,0.0245,POST,0.9999999999999996,1.268547082654338e-30,9.15714541228177e-31,8.12308421052967e-31,5.215553888627092e-31,5.304408928196785e-31,2.8293065101050786e-31,2.8802975045226285e-31,6.362891878906706e-30,2.8993261469792463e-30,4.440892098500626e-16,1.0,1,5.707755114555197,0.9999999999999998,1.0000000000000002
MO_init_s1235,MO,1235,0k,MO-ADAM+MO-LBFGS,0,0.0245,FULL,1.0000000000000004,1.453907072537557e-30,1.0661176020825734e-30,9.201331739965425e-31,5.911144893136213e-31,6.027291488465161e-31,3.316973765486488e-31,3.2953118970665115e-31,6.629236780726769e-30,3.306300585087266e-30,-4.440892098500626e-16,1.0,1,5.226038327523226,1.0000000000000002,1.0
MO_init_s1235,MO,1235,0k,MO-ADAM+MO-LBFGS,0,0.0245,W1,1.0,1.2945256083080197e-30,9.026182918164743e-31,7.869232187338191e-31,4.8993212218737815e-31,4.986837197326734e-31,2.4065679886617117e-31,2.5769550383108095e-31,6.200542622437516e-30,2.8378280506055937e-30,0.0,1.0,1,4.329294443113089,1.0000000000000002,1.0000000000000002
MO_init_s1235,MO,1235,0k,MO-ADAM+MO-LBFGS,0,0.0245,W2,1.0000000000000002,1.4102304627234387e-30,1.058812688548117e-30,9.297785195065666e-31,6.0240229684935025e-31,5.8602959451888476e-31,3.265779471983159e-31,3.2067755779773067e-31,6.438765604416492e-30,3.2467161345466206e-30,-2.220446049250313e-16,1.0,1,4.184752695045779,1.0000000000000002,1.0
MO_init_s1235,MO,1235,0k,MO-ADAM+MO-LBFGS,0,0.0245,W3,1.0000000000000002,1.709534005459724e-30,1.2387971693708785e-30,1.0474229229045842e-30,6.608664322037481e-31,6.851862644293773e-31,3.7029537798226394e-31,3.7596871068253927e-31,7.231942516307693e-30,3.8181119034762245e-30,-2.220446049250313e-16,1.0,1,6.420900535101323,1.0,1.0
MO_init_s1235,MO,1235,0k,MO-ADAM+MO-LBFGS,0,0.0245,W4,0.9999999999999998,1.2414463021015587e-30,9.435237042976182e-31,8.290251961146913e-31,5.546163260559238e-31,5.668719123078407e-31,3.3855662659998655e-31,3.1689260054086724e-31,6.207844588591074e-30,2.9542360110649577e-30,2.220446049250313e-16,1.0,1,5.641945295484918,1.0000000000000002,1.0000000000000004
MO_init_s1235,MO,1235,0k,MO-ADAM+MO-LBFGS,0,0.0245,PRE,1.0000000000000002,6.700473999593634e-31,5.305951669380046e-31,4.616467283424235e-31,2.434911068202422e-31,2.7184622701578134e-31,1.0264562191685979e-31,7.604846730393167e-32,4.7381588808489325e-30,1.4795888226214997e-30,-2.220446049250313e-16,1.0,1,5.888931876269129,1.0000000000000002,1.0
MO_init_s1235,MO,1235,0k,MO-ADAM+MO-LBFGS,0,0.0245,POST,1.0000000000000007,1.4806138908627645e-30,1.084363342850736e-30,9.357542279134775e-31,6.029583369391904e-31,6.140026336160313e-31,3.395013800100093e-31,3.38167578658161e-31,6.693667540054823e-30,3.368538331050435e-30,-6.661338147750939e-16,1.0,1,5.207225440887878,1.0000000000000002,1.0
MO_init_s1236,MO,1236,0k,MO-ADAM+MO-LBFGS,0,0.0245,FULL,0.9999999999999998,1.3623031416361678e-30,9.528392948921897e-31,8.316937483901428e-31,5.2766945302542905e-31,5.517444212567185e-31,2.9191693368140514e-31,3.027869115643219e-31,6.660210686590521e-30,3.048528222847351e-30,2.220446049250313e-16,1.0,1,4.146359069403386,0.9999999999999997,1.0000000000000002
MO_init_s1236,MO,1236,0k,MO-ADAM+MO-LBFGS,0,0.0245,W1,1.0,1.34002133500446e-30,9.209642782321453e-31,7.93812158201742e-31,5.135225607720647e-31,5.48405695807723e-31,3.0406534191399134e-31,3.103137895630973e-31,6.674724169655997e-30,2.9925529785770224e-30,0.0,1.0,1,3.7107475187464423,0.9999999999999994,1.0000000000000002
MO_init_s1236,MO,1236,0k,MO-ADAM+MO-LBFGS,0,0.0245,W2,1.0000000000000009,1.3878571064080395e-30,9.463054803646402e-31,8.331472054996329e-31,5.433852615132789e-31,5.8021162311098985e-31,3.1628557317619673e-31,3.2379227277064658e-31,6.880846933568654e-30,3.125008207789309e-30,-8.881784197001252e-16,1.0,1,4.578764421430663,1.0000000000000004,1.0000000000000002
MO_init_s1236,MO,1236,0k,MO-ADAM+MO-LBFGS,0,0.0245,W3,0.9999999999999994,1.526635941680117e-30,1.0984560782557673e-30,9.535003268472783e-31,5.8204596810187565e-31,5.913061142415317e-31,2.8982989066473577e-31,3.021478837943486e-31,6.872892562273198e-30,3.3735902665632754e-30,5.551115123125783e-16,1.0,1,4.109138436424934,1.0000000000000002,1.0
MO_init_s1236,MO,1236,0k,MO-ADAM+MO-LBFGS,0,0.0245,W4,1.0000000000000002,1.18757704173872e-30,8.43427733483455e-31,7.40792729936745e-31,4.664662452638141e-31,4.808071149475096e-31,2.5440889290752206e-31,2.7169494037016602e-31,6.170117289704749e-30,2.6808718269931405e-30,-2.220446049250313e-16,1.0,1,4.14449102257735,1.0,1.0
MO_init_s1236,MO,1236,0k,MO-ADAM+MO-LBFGS,0,0.0245,PRE,1.0,1.866430576504362e-30,1.3005266251337856e-30,1.3503656801972786e-30,1.2644921656685846e-30,1.362035718665246e-30,6.94142985337498e-31,4.258416452673138e-31,9.478832219654139e-30,5.004673620634201e-30,0.0,1.0,1,2.4608775497518587,0.9999999999999993,1.0000000000000002
MO_init_s1236,MO,1236,0k,MO-ADAM+MO-LBFGS,0,0.0245,POST,1.0,1.3576528530477331e-30,9.496320772080568e-31,8.26909295097585e-31,5.2087268297223915e-31,5.442699453345114e-31,2.8820662734095303e-31,3.0165180170059967e-31,6.634210507580726e-30,3.030483895180429e-30,0.0,1.0,1,4.181980304314948,1.0000000000000002,1.0000000000000007
MO_m0-128k_s1234,MO,1234,128k,MO-ADAM+MO-LBFGS,128000,0.1505,FULL,1.0000000000000013,2.2309257990411474e-29,2.1094042537019375e-29,1.7354329767467574e-29,1.3693746008349565e-29,1.3548760876156052e-29,1.0494771748253093e-29,7.056710393452166e-30,2.0923487179928363e-28,6.026905902748726e-29,-1.3322676295501878e-15,1.0,1,0.10627797075201344,1.0000000000000002,1.0
MO_m0-128k_s1234,MO,1234,128k,MO-ADAM+MO-LBFGS,128000,0.1505,W1,1.0000000000000004,3.325576464574273e-29,3.1591278145680475e-29,2.5972249613066776e-29,2.056696934085715e-29,2.0373465085401212e-29,1.583582517020545e-29,1.0595644267852618e-29,3.155920942877085e-28,9.019712361206333e-29,-4.440892098500626e-16,1.0,1,0.17107117885309,1.0000000000000004,0.9999999999999999
MO_m0-128k_s1234,MO,1234,128k,MO-ADAM+MO-LBFGS,128000,0.1505,W2,1.0000000000000007,2.0346672773226538e-30,1.7268508372498217e-30,1.3608939888724076e-30,1.0355200460948275e-30,9.601533559257728e-31,7.236996390476204e-31,5.748421440164631e-31,1.351387638645794e-29,4.9305567661372976e-30,-6.661338147750939e-16,1.0,1,0.06282016542399094,1.0000000000000004,1.0
MO_m0-128k_s1234,MO,1234,128k,MO-ADAM+MO-LBFGS,128000,0.1505,W3,1.0,1.879107785405621e-30,1.3721004076899904e-30,1.2303718787314042e-30,8.048342519398525e-31,6.967874246779328e-31,4.223901179532042e-31,4.344911533698568e-31,9.51152371982234e-30,4.2407582421848154e-30,0.0,1.0,1,0.07028825869373069,1.0,1.0000000000000002
MO_m0-128k_s1234,MO,1234,128k,MO-ADAM+MO-LBFGS,128000,0.1505,W4,1.0000000000000004,1.6862225404944838e-30,1.367777871498714e-30,1.1650679341638873e-30,7.471850308782194e-31,7.436934829471546e-31,4.374054770373371e-31,3.6010491756925723e-31,9.009472482202224e-30,3.955088875174783e-30,-4.440892098500626e-16,1.0,1,0.08297050566946554,1.0,1.0
MO_m0-128k_s1234,MO,1234,128k,MO-ADAM+MO-LBFGS,128000,0.1505,PRE,1.0000000000000007,3.4038315750616884e-29,3.2555605114216013e-29,2.6732122628411435e-29,2.0915408248392768e-29,2.0750214490289287e-29,1.6201824397372667e-29,1.0895467964219841e-29,3.2591758648518762e-28,9.241612083353744e-29,-6.661338147750939e-16,1.0,1,0.21269713730643694,1.0000000000000002,1.0
MO_m0-128k_s1234,MO,1234,128k,MO-ADAM+MO-LBFGS,128000,0.1505,POST,1.0000000000000004,4.1482958408380495e-30,3.3472628386824364e-30,2.8340038661004522e-30,2.511915610736155e-30,2.3982209792588557e-30,1.6581226955104373e-30,1.1128799196495545e-30,2.856644913111316e-29,1.0493400605846912e-29,-4.440892098500626e-16,1.0,1,0.07228299046607148,1.0000000000000002,1.0
MO_m0-128k_s1235,MO,1235,128k,MO-ADAM+MO-LBFGS,128000,0.17500000000000002,FULL,0.9999999999999996,5.016543738591356e-29,3.933345223222442e-29,3.293849175521014e-29,3.546739544467028e-29,3.8678906128233313e-29,2.827441596749244e-29,1.865758915887785e-29,4.562227110099461e-28,1.4044042442823489e-28,4.440892098500626e-16,1.0,1,0.07629426498680894,1.0000000000000002,1.0
MO_m0-128k_s1235,MO,1235,128k,MO-ADAM+MO-LBFGS,128000,0.17500000000000002,W1,1.0,6.855863577994263e-29,5.374026477900319e-29,4.4991672942116093e-29,4.859005291176599e-29,5.307669327031261e-29,3.879429709378139e-29,2.5569192701598427e-29,6.246005483496626e-28,1.9219619469396978e-28,0.0,1.0,1,0.12931225539156932,1.0000000000000002,1.0
MO_m0-128k_s1235,MO,1235,128k,MO-ADAM+MO-LBFGS,128000,0.17500000000000002,W2,0.9999999999999999,3.7894357253503454e-30,3.311578183736342e-30,2.8168826947935214e-30,2.685476859683497e-30,2.4703180478961185e-30,1.8797193850082394e-30,1.272382241342628e-30,3.5735920054374894e-29,1.0349018709382612e-29,1.1102230246251565e-16,1.0,1,0.039181397120159604,1.0,1.0
MO_m0-128k_s1235,MO,1235,128k,MO-ADAM+MO-LBFGS,128000,0.17500000000000002,W3,1.0000000000000004,2.1166631557828686e-30,1.846504064044471e-30,1.3180040574237457e-30,1.1982268283507756e-30,1.197725844512272e-30,1.0769933015103339e-30,6.725127073331054e-31,2.06170795212845e-29,5.304905765051992e-30,-4.440892098500626e-16,1.0,1,0.032632986004039716,1.0000000000000002,1.0
MO_m0-128k_s1235,MO,1235,128k,MO-ADAM+MO-LBFGS,128000,0.17500000000000002,W4,1.0,1.727776378883438e-30,1.232982351987911e-30,1.1272184362994467e-30,7.854575171258714e-31,6.901015418945374e-31,4.413515360977886e-31,4.204625103858615e-31,1.0032127579250529e-29,3.965558867463284e-30,0.0,1.0,1,0.06224387257418286,1.0000000000000002,1.0000000000000004
MO_m0-128k_s1235,MO,1235,128k,MO-ADAM+MO-LBFGS,128000,0.17500000000000002,PRE,1.0,7.691283076597291e-29,6.026939348949582e-29,5.053149446679228e-29,5.478651349618667e-29,5.991163260883881e-29,4.3562636056102984e-29,2.866019877684016e-29,7.034949491257194e-28,2.1601615661844417e-28,0.0,1.0,1,0.14375509233573242,1.0,1.0000000000000002
MO_m0-128k_s1235,MO,1235,128k,MO-ADAM+MO-LBFGS,128000,0.17500000000000002,POST,1.0000000000000007,5.851328703035438e-30,4.6475460928719715e-30,3.791044632364782e-30,3.4601831968221144e-30,3.50129702345822e-30,2.9454488809454156e-30,2.0856292888278122e-30,4.655105895692633e-29,1.5229299647686256e-29,-6.661338147750939e-16,1.0,1,0.051553632512757214,1.0000000000000002,1.0
MO_m0-128k_s1236,MO,1236,128k,MO-ADAM+MO-LBFGS,128000,0.2,FULL,0.9999999999999998,1.154767793434065e-28,9.575318267512316e-29,7.531654595919293e-29,6.818113655363562e-29,6.939068715207263e-29,5.61959133153047e-29,4.18762728593639e-29,9.649694046276053e-28,3.0206028531403594e-28,2.220446049250313e-16,1.0,1,0.05731531598618601,1.0000000000000004,1.0000000000000004
MO_m0-128k_s1236,MO,1236,128k,MO-ADAM+MO-LBFGS,128000,0.2,W1,0.9999999999999994,2.1298179979905616e-28,1.7647873400822815e-28,1.3871897649932904e-28,1.2543234770885394e-28,1.2815413161896703e-28,1.0397208783688158e-28,7.739939178585135e-29,1.7830905912329183e-27,5.572542997032037e-28,5.551115123125783e-16,1.0,1,0.08339862830440473,1.0000000000000004,1.0000000000000004
MO_m0-128k_s1236,MO,1236,128k,MO-ADAM+MO-LBFGS,128000,0.2,W2,0.9999999999999999,6.492465026049341e-30,5.539248779602537e-30,4.642217389440234e-30,4.1313722735681235e-30,3.654905638978522e-30,2.557912413829424e-30,2.0860804507692778e-30,4.3317454506343085e-29,1.6875668505237376e-29,1.1102230246251565e-16,1.0,1,0.058908785158297755,1.0000000000000002,1.0000000000000002
MO_m0-128k_s1236,MO,1236,128k,MO-ADAM+MO-LBFGS,128000,0.2,W3,1.0,1.5228433606587676e-30,1.1775546888579226e-30,9.815076079228519e-31,1.2587294061268656e-30,7.935014253652838e-31,5.555167530541966e-31,4.856609398627538e-31,1.5990797454383422e-29,3.7835133338096576e-30,0.0,1.0,1,0.044733984154183934,1.0,1.0000000000000002
MO_m0-128k_s1236,MO,1236,128k,MO-ADAM+MO-LBFGS,128000,0.2,W4,0.9999999999999997,2.3869769379205064e-30,2.724511305400237e-30,1.4962116470769168e-30,2.1132289910471616e-30,1.2765024233772e-30,1.4142860283260008e-30,7.3988987706195275e-31,3.173418117876823e-29,5.899580885436577e-30,3.3306690738754696e-16,1.0,1,0.026155572831505724,1.0000000000000002,1.0
MO_m0-128k_s1236,MO,1236,128k,MO-ADAM+MO-LBFGS,128000,0.2,PRE,0.9999999999999996,2.2311254703745117e-28,1.8463379671846644e-28,1.4519417908057478e-28,1.318990640923091e-28,1.3499478890168967e-28,1.0952110463264966e-28,8.172666986781053e-29,1.8842215504001016e-27,5.850281848875262e-28,4.440892098500626e-16,1.0,1,0.08988117709890714,1.0000000000000004,1.0000000000000002
MO_m0-128k_s1236,MO,1236,128k,MO-ADAM+MO-LBFGS,128000,0.2,POST,1.0000000000000013,1.170517910554736e-29,1.0063418510310471e-29,7.947548039730473e-30,6.750708303027809e-30,6.1417991051510366e-30,4.785117865596229e-30,3.456521170174402e-30,7.87187815071319e-29,2.9251047420603267e-29,-1.3322676295501878e-15,1.0,1,0.04571256748014252,0.9999999999999999,1.0
MO_m0-256k_s1234,MO,1234,256k,MO-ADAM+MO-LBFGS,256000,0.24975,FULL,0.9999999999999994,1.2695587237988742e-28,1.1021819899455098e-28,8.14572529674779e-29,6.146946811277057e-29,5.125969049618231e-29,4.2094725303138413e-29,3.454417351560565e-29,7.001264525499265e-28,2.9421698935915324e-28,5.551115123125783e-16,1.0,1,0.07824767860822905,1.0,1.0
MO_m0-256k_s1234,MO,1234,256k,MO-ADAM+MO-LBFGS,256000,0.24975,W1,1.0,2.40209457259065e-28,2.086644387619787e-28,1.5364409242429498e-28,1.1561957599128475e-28,9.634468342364124e-29,7.929464847506439e-29,6.506869022448206e-29,1.3169202268909735e-27,5.552669233314833e-28,0.0,1.0,1,0.11190017137143018,1.0,1.0
MO_m0-256k_s1234,MO,1234,256k,MO-ADAM+MO-LBFGS,256000,0.24975,W2,1.0,1.9092297815389804e-29,1.6496654782946104e-29,1.3936934349756532e-29,1.1644826415564161e-29,9.855102053936593e-30,7.579971305078376e-30,6.175989398918971e-30,1.293586484148897e-28,4.9060323618001904e-29,0.0,1.0,1,0.061306260090468315,1.0,1.0000000000000002
MO_m0-256k_s1234,MO,1234,256k,MO-ADAM+MO-LBFGS,256000,0.24975,W3,1.0000000000000004,1.4047191956647006e-30,1.0864629519391922e-30,8.715063373575119e-31,5.95497307886835e-31,5.549259255913417e-31,4.154071735811347e-31,3.8180572941154074e-31,7.885079324708612e-30,3.212957188025095e-30,-4.440892098500626e-16,1.0,1,0.08505853019359003,0.9999999999999999,1.0000000000000002
MO_m0-256k_s1234,MO,1234,256k,MO-ADAM+MO-LBFGS,256000,0.24975,W4,1.0,1.8034883424477243e-30,1.2356213572261148e-30,1.0685678849347535e-30,1.1275718409975996e-30,8.665883197854917e-31,7.115686818384797e-31,4.8286143587296265e-31,1.7066498986258153e-29,4.2215059830409326e-30,0.0,1.0,1,0.030406344719718224,0.9999999999999999,1.0000000000000002
MO_m0-256k_s1234,MO,1234,256k,MO-ADAM+MO-LBFGS,256000,0.24975,PRE,1.0,2.4039700173205866e-28,2.0880551846142617e-28,1.5375557524784519e-28,1.1570865924707716e-28,9.642248275669077e-29,7.935856538051565e-29,6.511799443514431e-29,1.3171800379155738e-27,5.55693054171739e-28,0.0,1.0,1,0.11229980912794939,1.0,1.0
MO_m0-256k_s1234,MO,1234,256k,MO-ADAM+MO-LBFGS,256000,0.24975,POST,0.9999999999999996,7.022069822768696e-30,5.988347131307853e-30,5.021018956920059e-30,4.125958950718532e-30,3.512057509519681e-30,2.6981319874471775e-30,2.2204949475161976e-30,4.7756511444528295e-29,1.7775641236724633e-29,4.440892098500626e-16,1.0,1,0.06297302723262516,1.0,1.0000000000000002
MO_m0-256k_s1235,MO,1235,256k,MO-ADAM+MO-LBFGS,256000,0.32225,FULL,0.9999999999999993,6.657834190152724e-29,5.522640037390555e-29,4.3373505331311105e-29,3.66483753283238e-29,3.414906198515755e-29,2.5568015621214736e-29,1.8682449478115853e-29,5.283010107002163e-28,1.6278335869611176e-28,6.661338147750939e-16,1.0,1,0.08426994710938407,0.9999999999999999,1.0
MO_m0-256k_s1235,MO,1235,256k,MO-ADAM+MO-LBFGS,256000,0.32225,W1,1.0000000000000004,1.39982644449644e-28,1.1636172619934933e-28,9.075852456879963e-29,7.580289710456272e-29,7.05240864400114e-29,5.332164147100153e-29,3.870910537513966e-29,1.1188967431538457e-27,3.3997436083359468e-28,-4.440892098500626e-16,1.0,1,0.11208252445717268,0.9999999999999999,1.0
MO_m0-256k_s1235,MO,1235,256k,MO-ADAM+MO-LBFGS,256000,0.32225,W2,0.9999999999999998,1.3108523810692778e-29,1.0541547552442668e-29,9.226736137076441e-30,9.114370770511717e-30,8.641063607565604e-30,5.720493177359152e-30,4.51446672854627e-30,9.285430585057507e-29,3.5490790283881095e-29,2.220446049250313e-16,1.0,1,0.09238448518122873,0.9999999999999998,1.0
MO_m0-256k_s1235,MO,1235,256k,MO-ADAM+MO-LBFGS,256000,0.32225,W3,1.0000000000000009,1.5215438987103616e-30,1.2894705375133348e-30,9.81796388743378e-31,8.61161162655362e-31,8.454201244118768e-31,6.194613422087533e-31,4.871233195811574e-31,1.1268637880939795e-29,3.835883731446774e-30,-8.881784197001252e-16,1.0,1,0.06446969895595187,1.0,1.0000000000000002
MO_m0-256k_s1235,MO,1235,256k,MO-ADAM+MO-LBFGS,256000,0.32225,W4,1.0000000000000002,1.3459211745110707e-30,9.856670820927637e-31,7.767428594782775e-31,5.9315577413546455e-31,5.3327224549383345e-31,3.6026667726521886e-31,3.285137635253263e-31,9.282543146044757e-30,2.9844500430085078e-30,-2.220446049250313e-16,1.0,1,0.05575194994335272,1.0000000000000002,1.0000000000000004
MO_m0-256k_s1235,MO,1235,256k,MO-ADAM+MO-LBFGS,256000,0.32225,PRE,1.0000000000000007,1.1907829657973061e-28,9.872784529431305e-29,7.736363054574929e-29,6.524298060465321e-29,6.075427578481426e-29,4.5683954886932717e-29,3.338000170287847e-29,9.477126629677498e-28,2.9057620461317266e-28,-6.661338147750939e-16,1.0,1,0.10938579987207799,1.0,1.0
MO_m0-256k_s1235,MO,1235,256k,MO-ADAM+MO-LBFGS,256000,0.32225,POST,1.0000000000000004,3.739187532563804e-30,3.1578980412480455e-30,2.6894563933173417e-30,2.42242549479276e-30,2.304289028238777e-30,1.4904974491855914e-30,1.090400899048986e-30,2.629155712017892e-29,9.823333853168906e-30,-4.440892098500626e-16,1.0,1,0.06911668549072818,1.0,1.0
MO_m0-256k_s1236,MO,1236,256k,MO-ADAM+MO-LBFGS,256000,0.34750000000000003,FULL,1.0,1.13684840343999e-28,9.736471713700312e-29,8.009872878877055e-29,8.133425579703434e-29,8.552691792630863e-29,6.263389263421351e-29,3.839575325802338e-29,1.2252472046520717e-27,3.1770624031710156e-28,0.0,1.0,1,0.052004806415536925,1.0000000000000002,1.0000000000000002
MO_m0-256k_s1236,MO,1236,256k,MO-ADAM+MO-LBFGS,256000,0.34750000000000003,W1,0.9999999999999997,1.9930716352500025e-28,1.6976232369671294e-28,1.4114149441352933e-28,1.4715262143091867e-28,1.5601674820942252e-28,1.1374245087037018e-28,6.813373963958312e-29,2.2052836175877025e-27,5.645991457875352e-28,3.3306690738754696e-16,1.0,1,0.07453549606777354,1.0000000000000002,1.0000000000000002
MO_m0-256k_s1236,MO,1236,256k,MO-ADAM+MO-LBFGS,256000,0.34750000000000003,W2,1.0000000000000002,1.386308556002921e-28,1.2602227783564846e-28,9.300033318985447e-29,6.828308392472789e-29,6.28208997351405e-29,4.845698033140735e-29,4.113540152990192e-29,1.1133904247811783e-27,3.3558749005518903e-28,-2.220446049250313e-16,1.0,1,0.02746059481675961,1.0,1.0
MO_m0-256k_s1236,MO,1236,256k,MO-ADAM+MO-LBFGS,256000,0.34750000000000003,W3,1.0000000000000002,3.5974310988332115e-30,3.314349049752554e-30,2.5681808740434035e-30,2.130108954993674e-30,2.122643964443574e-30,1.9318641460264466e-30,1.1976809927882653e-30,3.2607455015995044e-29,9.485936930108455e-30,-2.220446049250313e-16,1.0,1,0.043262834689507645,1.0000000000000002,1.0000000000000002
MO_m0-256k_s1236,MO,1236,256k,MO-ADAM+MO-LBFGS,256000,0.34750000000000003,W4,1.0000000000000002,1.8794378144669705e-30,1.3378030649596452e-30,1.1147988446179256e-30,8.046334405182426e-31,7.820143775680534e-31,6.948041319533454e-31,5.3057264984447405e-31,1.1882047303428487e-29,4.3068236864974235e-30,-2.220446049250313e-16,1.0,1,0.05112625481950417,1.0,0.9999999999999999
MO_m0-256k_s1236,MO,1236,256k,MO-ADAM+MO-LBFGS,256000,0.34750000000000003,PRE,0.9999999999999998,2.0399866114328807e-28,1.7471634395001352e-28,1.4379997075023326e-28,1.4642292891976137e-28,1.5418035928184093e-28,1.1294859165240093e-28,6.914812076857615e-29,2.2096737539784313e-27,5.711271119439385e-28,2.220446049250313e-16,1.0,1,0.06498611680242511,1.0000000000000002,1.0
MO_m0-256k_s1236,MO,1236,256k,MO-ADAM+MO-LBFGS,256000,0.34750000000000003,POST,0.9999999999999993,6.663598702082956e-30,5.703584086859195e-30,4.613205659385302e-30,4.204636512076652e-30,4.173073389178732e-30,3.0113286223043686e-30,1.954414321405262e-30,5.870867619903368e-29,1.7404292072052253e-29,6.661338147750939e-16,1.0,1,0.04354752226634568,1.0000000000000007,1.0
MO_m0-384k_s1234,MO,1234,384k,MO-ADAM,384000,0.34725,FULL,1.0000000000000002,3.3551902072430548e-28,2.8600919139949562e-28,2.1597614909584584e-28,1.7610840793347278e-28,1.7132940088753429e-28,1.3209687433110731e-28,9.208895082668619e-29,2.358955672857509e-27,8.149135215343718e-28,-2.220446049250313e-16,1.0,1,0.04180294599714603,0.9999999999999999,1.0000000000000002
MO_m0-384k_s1234,MO,1234,384k,MO-ADAM,384000,0.34725,W1,1.0,5.558481171307142e-28,4.747856006226313e-28,3.582645057280077e-28,2.9033234418452804e-28,2.8032854744887374e-28,2.160167674624864e-28,1.5050303824638522e-28,3.896535649867603e-27,1.344944208553981e-27,0.0,1.0,1,0.06306321418878978,0.9999999999999999,1.0000000000000002
MO_m0-384k_s1234,MO,1234,384k,MO-ADAM,384000,0.34725,W2,0.9999999999999998,6.309803000361433e-29,5.177169724863742e-29,3.97209728276839e-29,3.6210054637762333e-29,3.9781923472224474e-29,3.084302175375882e-29,2.176672198259978e-29,4.631278498707269e-28,1.643676482861225e-28,2.220446049250313e-16,1.0,1,0.04325485889195885,1.0000000000000002,1.0000000000000002
MO_m0-384k_s1234,MO,1234,384k,MO-ADAM,384000,0.34725,W3,1.0,2.9258554944372794e-30,2.2521422754208303e-30,1.707335641648418e-30,1.286795015305001e-30,1.3305255185908937e-30,1.0261963863945954e-30,6.832501355533795e-31,2.4886703836959746e-29,6.646966790229971e-30,0.0,1.0,1,0.031665263167476934,1.0000000000000002,1.0
MO_m0-384k_s1234,MO,1234,384k,MO-ADAM,384000,0.34725,W4,1.0,5.6440868733766074e-30,6.186967003445885e-30,3.674186515833252e-30,4.3762576093485045e-30,3.59010481998973e-30,4.0847570825725135e-30,1.972348858441466e-30,8.329938631144659e-29,1.4880727067641058e-29,0.0,1.0,1,0.011021280397166234,1.0000000000000004,1.0
MO_m0-384k_s1234,MO,1234,384k,MO-ADAM,384000,0.34725,PRE,0.9999999999999996,4.242275869336219e-28,3.6177517001405047e-28,2.73208029283987e-28,2.2268277308466624e-28,2.1649605360991306e-28,1.6684503631388135e-28,1.1646949427782436e-28,2.9787889525424524e-27,1.0304011641053464e-27,4.440892098500626e-16,1.0,1,0.06267131284866477,1.0,1.0
MO_m0-384k_s1234,MO,1234,384k,MO-ADAM,384000,0.34725,POST,1.0000000000000004,1.9881664486096463e-29,1.6423353135915438e-29,1.2337198236219146e-29,1.0390370623431908e-29,1.0620199232962148e-29,8.458104694133812e-30,5.339602850415455e-30,1.535030760183559e-28,4.8178664805693214e-29,-4.440892098500626e-16,1.0,1,0.02423584250736739,1.0000000000000002,0.9999999999999998
MO_m0-384k_s1235,MO,1235,384k,MO-ADAM,384000,0.418,FULL,1.0000000000000004,2.9852558396018536e-28,2.504107675262791e-28,1.9922941801030537e-28,1.769367816326628e-28,1.5926391921727357e-28,1.1547804397443415e-28,7.863335235577081e-29,1.9947176772561627e-27,7.356522735435351e-28,-4.440892098500626e-16,1.0,1,0.04786649343792944,1.0000000000000002,1.0
MO_m0-384k_s1235,MO,1235,384k,MO-ADAM,384000,0.418,W1,1.0000000000000007,4.146600462453657e-28,3.4707315065129775e-28,2.7677292547805307e-28,2.4628005101221215e-28,2.199011457238331e-28,1.5805902423322696e-28,1.0729517841534388e-28,2.7393054094655416e-27,1.0186292958625958e-27,-6.661338147750939e-16,1.0,1,0.07877587927352937,1.0000000000000002,1.0
MO_m0-384k_s1235,MO,1235,384k,MO-ADAM,384000,0.418,W2,1.0,1.161272533830722e-28,1.00874435801026e-28,7.754059258778459e-29,6.627554088485452e-29,6.866000694604281e-29,5.703524414071012e-29,4.054577678338503e-29,9.289493599106342e-28,3.028736297002846e-28,0.0,1.0,1,0.034564969000988384,0.9999999999999999,1.0000000000000002
MO_m0-384k_s1235,MO,1235,384k,MO-ADAM,384000,0.418,W3,1.0,1.332743541835391e-29,1.1716554972786421e-29,8.241628783995615e-30,8.105722923196054e-30,7.961916983062441e-30,5.80849819460211e-30,3.888200338786073e-30,1.1561936454629233e-28,3.341918152419804e-29,0.0,1.0,1,0.0216524199177875,1.0,1.0000000000000004
MO_m0-384k_s1235,MO,1235,384k,MO-ADAM,384000,0.418,W4,1.0000000000000002,2.0519805366647572e-30,1.9798061844636374e-30,1.3862931499657536e-30,1.0286316458159083e-30,9.763419287932676e-31,6.9680846626632935e-31,5.333942794268873e-31,1.4688686069739276e-29,4.948009894850666e-30,-2.220446049250313e-16,1.0,1,0.03555679607093432,1.0000000000000002,1.0
MO_m0-384k_s1235,MO,1235,384k,MO-ADAM,384000,0.418,PRE,1.0000000000000009,3.8861415543148202e-28,3.259185701733665e-28,2.5936642169897287e-28,2.3016890644374704e-28,2.0702221979799624e-28,1.5015636404723046e-28,1.0227196761410146e-28,2.5929306138307375e-27,9.572747645425525e-28,-8.881784197001252e-16,1.0,1,0.06470832926127779,1.0000000000000002,1.0
MO_m0-384k_s1235,MO,1235,384k,MO-ADAM,384000,0.418,POST,0.9999999999999996,9.50162482964665e-30,8.165122935701278e-30,6.296678457605675e-30,6.1564127738633355e-30,6.044782874495292e-30,4.222363040155021e-30,2.7954734911574794e-30,7.551895417533043e-29,2.4638559652905095e-29,4.440892098500626e-16,1.0,1,0.030563974685068312,1.0000000000000002,1.0000000000000002
MO_m0-384k_s1236,MO,1236,384k,MO-ADAM,384000,0.419,FULL,1.0000000000000013,2.219806404123667e-28,1.8047025847257839e-28,1.371945206088619e-28,1.1586059019150572e-28,1.0969362626689129e-28,9.114998547681921e-29,6.719029233751298e-29,1.3834046513268648e-27,5.360590796256329e-28,-1.3322676295501878e-15,1.0,1,0.056488869957476685,1.0000000000000002,1.0000000000000002
MO_m0-384k_s1236,MO,1236,384k,MO-ADAM,384000,0.419,W1,1.0000000000000002,4.109714513403466e-28,3.3194435805162965e-28,2.5267399049481595e-28,2.137241565603706e-28,2.026218745702752e-28,1.6924359524325159e-28,1.254132428394688e-28,2.5324718138914484e-27,9.916805592449065e-28,-2.220446049250313e-16,1.0,1,0.08037715130970294,1.0000000000000002,1.0000000000000002
MO_m0-384k_s1236,MO,1236,384k,MO-ADAM,384000,0.419,W2,1.0000000000000007,2.0806309978628777e-28,1.8971972865422214e-28,1.3945573004497002e-28,1.1465832750691604e-28,1.0602161104341223e-28,8.048172827787262e-29,5.31553820334726e-29,1.5186415353689656e-27,5.066958229081427e-28,-6.661338147750939e-16,1.0,1,0.026634517286704306,1.0000000000000002,1.0000000000000002
MO_m0-384k_s1236,MO,1236,384k,MO-ADAM,384000,0.419,W3,1.0000000000000002,4.046733006663339e-30,3.249387375910084e-30,2.8253106514822618e-30,2.4251717805183044e-30,2.285138774074228e-30,1.885995970478589e-30,1.3904511305472583e-30,3.2387656320481537e-29,1.0547633562767088e-29,-2.220446049250313e-16,1.0,1,0.05397763987240221,1.0000000000000002,0.9999999999999998
MO_m0-384k_s1236,MO,1236,384k,MO-ADAM,384000,0.419,W4,1.0000000000000002,1.2488336032807138e-30,9.01040494813591e-31,7.653867151820774e-31,5.976446787959572e-31,5.834958687527918e-31,3.8836531908833797e-31,3.2331580215474143e-31,1.1105555284139312e-29,2.921031989370324e-30,-2.220446049250313e-16,1.0,1,0.05152032797012021,1.0,1.0
MO_m0-384k_s1236,MO,1236,384k,MO-ADAM,384000,0.419,PRE,1.0000000000000002,3.944487459233733e-28,3.20791162886303e-28,2.437443657623389e-28,2.056862909686594e-28,1.9484415543361847e-28,1.6205523784663636e-28,1.1940068621236779e-28,2.4521762650517007e-27,9.524379533316985e-28,-2.220446049250313e-16,1.0,1,0.06512431510393896,1.0000000000000004,1.0000000000000004
MO_m0-384k_s1236,MO,1236,384k,MO-ADAM,384000,0.419,POST,1.0000000000000004,5.032199004118739e-30,3.9599325815663035e-30,3.1649690587533035e-30,2.8684185417544134e-30,2.5823749832152133e-30,1.9579349019458474e-30,1.5145922253111984e-30,3.8991809706223905e-29,1.2294135271398452e-29,-4.440892098500626e-16,1.0,1,0.04932674421620137,1.0000000000000002,1.0
MO_m0-512k_s1234,MO,1234,512k,MO-ADAM,512000,0.39625,FULL,0.9999999999999998,1.2131003723089344e-28,9.824903783208764e-29,7.653546513783677e-29,7.332619214993557e-29,7.110473265429578e-29,5.348536686637138e-29,3.815283488337985e-29,9.287858541836426e-28,3.0710306990640587e-28,2.220446049250313e-16,1.0,1,0.06383446540893782,1.0,1.0
MO_m0-512k_s1234,MO,1234,512k,MO-ADAM,512000,0.39625,W1,1.0000000000000002,1.8054487733751487e-28,1.4630823965164644e-28,1.1377852992853362e-28,1.089809638246784e-28,1.0579045227369705e-28,7.99994141966917e-29,5.742332638522838e-29,1.3853571675550259e-27,4.57537185924974e-28,-2.220446049250313e-16,1.0,1,0.10016017874844077,1.0,1.0
MO_m0-512k_s1234,MO,1234,512k,MO-ADAM,512000,0.39625,W2,1.0000000000000007,6.785609411919323e-29,5.445784128763748e-29,4.337600148270312e-29,4.222931728286315e-29,4.045821802358068e-29,2.867324236665706e-29,1.8539811068051822e-29,5.08437371817433e-28,1.7023012469352886e-28,-6.661338147750939e-16,1.0,1,0.04610002157536243,1.0000000000000002,1.0
MO_m0-512k_s1234,MO,1234,512k,MO-ADAM,512000,0.39625,W3,1.0,5.839119783434678e-30,4.591198176467965e-30,3.701494151574019e-30,3.244894178512353e-30,2.9057671090926644e-30,2.2181503360535677e-30,1.7473964684757547e-30,4.6156630652973156e-29,1.4193777512577117e-29,0.0,1.0,1,0.0324489836889381,1.0000000000000002,1.0
MO_m0-512k_s1234,MO,1234,512k,MO-ADAM,512000,0.39625,W4,1.0,1.6919413654211502e-30,1.4843714194075567e-30,1.0943462086169895e-30,7.716524088952218e-31,8.057581074584527e-31,4.171595480763938e-31,3.9010835394029514e-31,1.005400217659182e-29,3.9821540354368876e-30,0.0,1.0,1,0.0551496888305189,1.0,1.0
MO_m0-512k_s1234,MO,1234,512k,MO-ADAM,512000,0.39625,PRE,1.0000000000000004,1.6364984869297324e-28,1.3250476789531582e-28,1.0323433451254186e-28,9.911573231698463e-29,9.610773818274444e-29,7.232990282777699e-29,5.160427835357749e-29,1.255120916760432e-27,4.145961997418371e-28,-4.440892098500626e-16,1.0,1,0.08660284476932763,1.0000000000000004,1.0
MO_m0-512k_s1234,MO,1234,512k,MO-ADAM,512000,0.39625,POST,1.0000000000000009,6.2017063896668996e-30,5.1187244659706375e-30,3.949825690133842e-30,3.2127263767000354e-30,3.1296016131166676e-30,2.2531340082349485e-30,1.5826860850956854e-30,4.1585768707963537e-29,1.4863819778013096e-29,-8.881784197001252e-16,1.0,1,0.04263598557395883,1.0,1.0000000000000002
MO_m0-512k_s1235,MO,1235,512k,MO-ADAM,512000,0.36975,FULL,1.0000000000000009,5.626980855088459e-29,5.139684346036551e-29,4.304603088963513e-29,3.697200325906845e-29,3.6920252773130016e-29,2.958313770836921e-29,2.0406070170012845e-29,4.46628609567556e-28,1.5664216238366258e-28,-8.881784197001252e-16,1.0,1,0.08767249320445394,1.0000000000000002,1.0
MO_m0-512k_s1235,MO,1235,512k,MO-ADAM,512000,0.36975,W1,1.0000000000000004,9.889751195828345e-29,9.071643913679702e-29,7.627822152753068e-29,6.562766109952473e-29,6.554307632165819e-29,5.242276938588573e-29,3.5953770752255916e-29,7.7879758480739985e-28,2.7667258055972826e-28,-4.440892098500626e-16,1.0,1,0.12807287160016306,1.0000000000000002,1.0
MO_m0-512k_s1235,MO,1235,512k,MO-ADAM,512000,0.36975,W2,1.0,2.4711550346445596e-29,2.173493654932971e-29,1.653546600379398e-29,1.4211492963584216e-29,1.429169403916745e-29,1.2415571614647383e-29,9.122202949801102e-30,2.4598251736398343e-28,6.466091333920812e-29,0.0,1.0,1,0.05572947134231182,1.0000000000000004,1.0000000000000002
MO_m0-512k_s1235,MO,1235,512k,MO-ADAM,512000,0.36975,W3,1.0,2.1698007558020123e-30,1.7522280363323928e-30,1.4234086789382684e-30,1.1708280173826e-30,1.1000299785982446e-30,7.997012960709105e-31,7.058914624053164e-31,1.542866240691855e-29,5.399130875743843e-30,0.0,1.0,1,0.0619435385521006,1.0000000000000002,1.0
MO_m0-512k_s1235,MO,1235,512k,MO-ADAM,512000,0.36975,W4,0.9999999999999999,1.8129566348477664e-30,1.2657559908440108e-30,1.1107076557847415e-30,7.22922280153685e-31,6.992935449837748e-31,4.089612154285783e-31,4.3129144111662e-31,8.148406019765199e-30,4.0542492767329034e-30,1.1102230246251565e-16,1.0,1,0.08561949730859957,1.0000000000000004,1.0
MO_m0-512k_s1235,MO,1235,512k,MO-ADAM,512000,0.36975,PRE,0.9999999999999999,9.435303559008995e-29,8.635696450653727e-29,7.2414773719713e-29,6.237368652243517e-29,6.229999946190662e-29,5.002343697216931e-29,3.4430537986276847e-29,7.501334871217923e-28,2.6349834675798643e-28,1.1102230246251565e-16,1.0,1,0.11025216147586968,1.0,1.0000000000000002
MO_m0-512k_s1235,MO,1235,512k,MO-ADAM,512000,0.36975,POST,0.9999999999999997,2.8160877743304117e-30,2.3267227273515686e-30,1.8239837878684614e-30,1.318131726158577e-30,1.2971714758199008e-30,8.930782154704734e-31,7.212891004203835e-31,2.0628340146982972e-29,6.658532138439157e-30,3.3306690738754696e-16,1.0,1,0.07120448275246284,1.0000000000000002,1.0000000000000004
MO_m0-512k_s1236,MO,1236,512k,MO-ADAM,512000,0.34625,FULL,1.000000000000001,3.7030698723109713e-28,3.2685078753453867e-28,2.518878319010803e-28,2.0043319627717068e-28,1.8119875669095507e-28,1.3840388921406514e-28,1.0064970286724466e-28,2.9064605998451574e-27,9.040432786903772e-28,-1.1102230246251565e-15,1.0,1,0.036098562982813547,1.0000000000000002,1.0000000000000002
MO_m0-512k_s1236,MO,1236,512k,MO-ADAM,512000,0.34625,W1,0.9999999999999999,5.287175909818836e-28,4.688587008911701e-28,3.6065633851463143e-28,2.8404031463350064e-28,2.546537335614152e-28,1.9301671383405279e-28,1.4064205179492525e-28,4.1863058087691224e-27,1.2846697148528554e-27,1.1102230246251565e-16,1.0,1,0.05815810651911739,1.0000000000000002,1.0000000000000002
MO_m0-512k_s1236,MO,1236,512k,MO-ADAM,512000,0.34625,W2,0.9999999999999999,1.8485313871039995e-28,1.52281601106495e-28,1.2130876137846635e-28,1.1116334910203007e-28,1.1024418666527196e-28,9.154758569748404e-29,6.549796351219163e-29,1.2652325581268857e-27,4.819040502663299e-28,1.1102230246251565e-16,1.0,1,0.025752881239767517,1.0,1.0000000000000002
MO_m0-512k_s1236,MO,1236,512k,MO-ADAM,512000,0.34625,W3,0.9999999999999998,9.070693404546874e-30,7.635988064361112e-30,5.429471283842893e-30,4.7125772007682115e-30,5.09005884805233e-30,3.925380475320671e-30,2.7558441035476872e-30,6.541014052351561e-29,2.2346067639989786e-29,2.220446049250313e-16,1.0,1,0.028926404073051807,1.0,1.0
MO_m0-512k_s1236,MO,1236,512k,MO-ADAM,512000,0.34625,W4,1.0000000000000002,3.983704878539144e-30,3.733021852972635e-30,3.016219150048355e-30,2.394470550354339e-30,2.478938368167592e-30,2.5105292576742815e-30,1.3556953672133549e-30,4.23237535822251e-29,1.0834557763968446e-29,-2.220446049250313e-16,1.0,1,0.017705305030551337,1.0,1.0000000000000002
MO_m0-512k_s1236,MO,1236,512k,MO-ADAM,512000,0.34625,PRE,1.0,5.078825307285031e-28,4.490894874716748e-28,3.45468893088343e-28,2.7251136775109533e-28,2.452597944210001e-28,1.875984707976181e-28,1.3681341177524296e-28,3.985024473909055e-27,1.235424630013089e-27,0.0,1.0,1,0.05183252112540834,1.0,1.0000000000000002
MO_m0-512k_s1236,MO,1236,512k,MO-ADAM,512000,0.34625,POST,0.9999999999999991,2.3395959537938052e-29,1.8613204450831875e-29,1.591346259246951e-29,1.8680597634997732e-29,1.9662193802950209e-29,1.4354640196145903e-29,9.459153271439976e-30,1.867497233892954e-28,6.843076920479774e-29,8.881784197001252e-16,1.0,1,0.023810287918551703,0.9999999999999998,1.0
MO_m0-640k_s1234,MO,1234,640k,MO-ADAM,640000,0.37025,FULL,0.9999999999999997,6.422167304919152e-29,5.640895371810592e-29,4.412150208805528e-29,3.858636503404769e-29,3.977797833724344e-29,2.914736618919899e-29,2.0006832725428762e-29,6.054777642660658e-28,1.68127986199919e-28,3.3306690738754696e-16,1.0,1,0.07426476830867083,1.0,1.0
MO_m0-640k_s1234,MO,1234,640k,MO-ADAM,640000,0.37025,W1,1.0000000000000004,9.840936491955322e-29,8.754338668118296e-29,6.798714719173355e-29,5.852025510001181e-29,6.095120114997778e-29,4.475771199253945e-29,3.074984811727113e-29,9.695707701422313e-28,2.580975613785357e-28,-4.440892098500626e-16,1.0,1,0.11216569107659487,1.0,1.0
MO_m0-640k_s1234,MO,1234,640k,MO-ADAM,640000,0.37025,W2,0.9999999999999997,2.768346139029077e-29,2.2027337471169185e-29,1.8321543358988022e-29,1.822680791649071e-29,1.756587973930107e-29,1.274553957743403e-29,8.648994299321073e-30,1.7681568558201646e-28,7.221987878790093e-29,3.3306690738754696e-16,1.0,1,0.07612953835251811,1.0,1.0
MO_m0-640k_s1234,MO,1234,640k,MO-ADAM,640000,0.37025,W3,1.0000000000000002,3.0599761132336864e-30,2.4484244336154972e-30,1.8674131008473235e-30,1.3513844423686618e-30,1.2104662593507033e-30,7.118008752436735e-31,5.58983758971281e-31,1.6333499270578495e-29,6.696839232402995e-30,-2.220446049250313e-16,1.0,1,0.05788590674923929,1.0,1.0
MO_m0-640k_s1234,MO,1234,640k,MO-ADAM,640000,0.37025,W4,1.0,3.336794918445853e-30,3.081013966138051e-30,2.4192629282616328e-30,2.3481038547930757e-30,1.6790724757847933e-30,1.6047404202780642e-30,1.0500307864962168e-30,3.1704272718742944e-29,8.485161108988496e-30,0.0,1.0,1,0.01663938375003629,1.0000000000000002,1.0000000000000002
MO_m0-640k_s1234,MO,1234,640k,MO-ADAM,640000,0.37025,PRE,1.0000000000000002,7.948906828382463e-29,7.000374196761601e-29,5.480261759831747e-29,4.7865064076936387e-29,4.9384967583994497e-29,3.6252617396685684e-29,2.4807006679034187e-29,7.547201752347521e-28,2.084836601451708e-28,-2.220446049250313e-16,1.0,1,0.10823065595620097,1.0000000000000002,1.0
MO_m0-640k_s1234,MO,1234,640k,MO-ADAM,640000,0.37025,POST,1.0,7.297571370503482e-30,5.7211253936074034e-30,4.297229774154479e-30,3.990967479578256e-30,3.958558959956282e-30,2.6556145857490265e-30,2.109504071056455e-30,4.903116376917286e-29,1.7662864175670695e-29,0.0,1.0,1,0.043071090458415034,1.0000000000000002,1.0
MO_m0-640k_s1235,MO,1235,640k,MO-ADAM,640000,0.3215,FULL,1.0000000000000009,1.4855308345950773e-28,1.207432761156787e-28,1.0205819389747316e-28,1.0952307974304126e-28,1.115415106251729e-28,8.290241710693054e-29,5.436919904728562e-29,1.6034321316774642e-27,4.165219870294394e-28,-8.881784197001252e-16,1.0,1,0.04574999376764639,1.0,1.0
MO_m0-640k_s1235,MO,1235,640k,MO-ADAM,640000,0.3215,W1,1.0000000000000002,1.8797461031822798e-28,1.5222540117745215e-28,1.287345462460404e-28,1.4016433274491389e-28,1.4361048157886506e-28,1.0652607538419763e-28,6.94333476107435e-29,2.073525622334178e-27,5.297529857538769e-28,-2.220446049250313e-16,1.0,1,0.07816183333453229,1.0,1.0
MO_m0-640k_s1235,MO,1235,640k,MO-ADAM,640000,0.3215,W2,1.0000000000000004,6.061193919203373e-29,5.151936929557877e-29,4.3359807830847095e-29,3.784877944331522e-29,3.488402359505429e-29,2.670740249304977e-29,1.9390353357827945e-29,4.643047377156103e-28,1.5824612397576307e-28,-4.440892098500626e-16,1.0,1,0.03770154052370921,1.0000000000000002,1.0000000000000002
MO_m0-640k_s1235,MO,1235,640k,MO-ADAM,640000,0.3215,W3,1.0000000000000002,4.0277093908882844e-30,3.819068290917561e-30,2.9200993999264358e-30,2.9280656468713562e-30,2.9418971821751873e-30,2.4390251440671025e-30,1.5878983438385385e-30,3.2917348745456536e-29,1.1477604316828446e-29,-2.220446049250313e-16,1.0,1,0.02283316356224553,1.0,1.0
MO_m0-640k_s1235,MO,1235,640k,MO-ADAM,640000,0.3215,W4,1.0000000000000002,1.3240940077558164e-30,9.270453468214137e-31,8.501415894146199e-31,1.0786407488454773e-30,7.926956749161919e-31,8.015206899124644e-31,4.604394850885002e-31,1.7280256696932047e-29,3.427370757175128e-30,-2.220446049250313e-16,1.0,1,0.0169731060957793,1.0000000000000004,0.9999999999999998
MO_m0-640k_s1235,MO,1235,640k,MO-ADAM,640000,0.3215,PRE,1.0000000000000002,1.8784316864819297e-28,1.5294873490779059e-28,1.2937249034098215e-28,1.3878753179027352e-28,1.4147525859039087e-28,1.0516727587449526e-28,6.885483574228338e-29,2.037911861524196e-27,5.275457533218494e-28,-2.220446049250313e-16,1.0,1,0.07092268979882979,1.0000000000000002,1.0000000000000002
MO_m0-640k_s1235,MO,1235,640k,MO-ADAM,640000,0.3215,POST,1.0,1.5304082513816588e-29,1.1521186409383935e-29,9.424067624818195e-30,1.0275165675403551e-29,1.0023736057607788e-29,7.393031654408222e-30,5.242387323636413e-30,1.2993087416675903e-28,3.999427351987898e-29,0.0,1.0,1,0.026501361249339304,1.0000000000000002,1.0000000000000002
MO_m0-640k_s1236,MO,1236,640k,MO-ADAM,640000,0.296,FULL,0.9999999999999993,7.57760286870901e-29,6.731494094129608e-29,5.310412903001275e-29,4.733210364233619e-29,4.6132491488655686e-29,3.824853392689754e-29,2.6100623271057615e-29,6.7204286107533995e-28,2.0111327247681614e-28,6.661338147750939e-16,1.0,1,0.07070273724257407,1.0,0.9999999999999998
MO_m0-640k_s1236,MO,1236,640k,MO-ADAM,640000,0.296,W1,1.0000000000000002,8.22039661350556e-29,7.31748459011724e-29,5.734092948112154e-29,5.06494753517568e-29,4.9311241986482364e-29,4.121663756471841e-29,2.817729987108363e-29,7.305607824085053e-28,2.1703343747374316e-28,-2.220446049250313e-16,1.0,1,0.13218335622283967,1.0,0.9999999999999998
MO_m0-640k_s1236,MO,1236,640k,MO-ADAM,640000,0.296,W2,0.9999999999999999,7.666665085681087e-29,6.521650330008068e-29,5.957445457807961e-29,6.260048530518768e-29,6.21019405771519e-29,4.4703744254180535e-29,2.9586492077539536e-29,6.5201649103934544e-28,2.279295380895819e-28,1.1102230246251565e-16,1.0,1,0.02918234498551883,0.9999999999999999,1.0000000000000002
MO_m0-640k_s1236,MO,1236,640k,MO-ADAM,640000,0.296,W3,1.0000000000000002,4.5719060190254466e-30,3.767911805205908e-30,2.9116914107397234e-30,2.7183882605411104e-30,2.7578530202571317e-30,2.1157434509025305e-30,1.2397155020791026e-30,3.810152626518352e-29,1.1481165952101403e-29,-2.220446049250313e-16,1.0,1,0.028914793899291885,1.0,1.0
MO_m0-640k_s1236,MO,1236,640k,MO-ADAM,640000,0.296,W4,1.0000000000000004,1.7724905146554855e-30,1.6691346772351672e-30,1.221030951812149e-30,9.363196637754012e-31,8.357238266291591e-31,7.789436546843377e-31,6.003524281736011e-31,1.4680365496114606e-29,4.429597721270395e-30,-4.440892098500626e-16,1.0,1,0.027122047969750714,1.0000000000000002,1.0000000000000004
MO_m0-640k_s1236,MO,1236,640k,MO-ADAM,640000,0.296,PRE,1.0,8.238759800263817e-29,7.325797230005905e-29,5.767789988155892e-29,5.125508058029861e-29,4.993743762590863e-29,4.151787752506476e-29,2.838733032750114e-29,7.346235892414418e-28,2.1839026583760683e-28,0.0,1.0,1,0.12286846243910049,1.0000000000000002,1.0000000000000002
MO_m0-640k_s1236,MO,1236,640k,MO-ADAM,640000,0.296,POST,1.0000000000000004,2.1090639808017325e-29,1.815914063679e-29,1.5273709998878382e-29,1.4884509254780635e-29,1.466114947454603e-29,1.1207249549125816e-29,7.18688907786594e-30,1.5442725534449653e-28,5.821238835930767e-29,-4.440892098500626e-16,1.0,1,0.02766308135105718,1.0,1.0000000000000002
MO_ml-384k_s1234,MO,1234,384k,MO-LBFGS,384000,0.38875,FULL,1.0000000000000002,2.5034314044041902e-28,2.043084368213679e-28,1.6871059998056625e-28,1.7010354627815196e-28,1.679783640848843e-28,1.303385085298257e-28,8.706067131609409e-29,1.84535542282642e-27,6.740927758219637e-28,-2.220446049250313e-16,1.0,1,0.046236648420296685,1.0,1.0
MO_ml-384k_s1234,MO,1234,384k,MO-LBFGS,384000,0.38875,W1,1.0000000000000007,2.652093405917334e-28,2.166069119815144e-28,1.7893102106700874e-28,1.7897308688055303e-28,1.7514501753014787e-28,1.3622480957334493e-28,9.19703530820678e-29,1.9208575351329257e-27,7.112557322709578e-28,-6.661338147750939e-16,1.0,1,0.08743706670510257,1.0,1.0
MO_ml-384k_s1234,MO,1234,384k,MO-LBFGS,384000,0.38875,W2,1.0000000000000002,1.1947338489145898e-28,9.607909633725128e-29,7.912533474908724e-29,9.280905504799206e-29,1.077013042068613e-28,8.002807633601448e-29,4.4057405654342817e-29,1.2007089683601713e-27,3.5035742950175033e-28,-2.220446049250313e-16,1.0,1,0.028492963307444993,1.0,1.0
MO_ml-384k_s1234,MO,1234,384k,MO-LBFGS,384000,0.38875,W3,1.0000000000000002,9.7351448710992e-29,7.425625191996197e-29,5.696903208925471e-29,6.303750453757269e-29,4.8911481573575814e-29,3.938959207679203e-29,3.1927492832979916e-29,6.619921706130739e-28,2.351594552068024e-28,-2.220446049250313e-16,1.0,1,0.006004986913755693,1.0000000000000002,1.0000000000000002
MO_ml-384k_s1234,MO,1234,384k,MO-LBFGS,384000,0.38875,W4,1.0000000000000004,5.167523040029869e-29,4.677902038952821e-29,2.663089437745943e-29,4.6714836496676603e-29,2.617356280346314e-29,4.253965546626523e-29,2.0705435055340727e-29,7.2336221250126555e-28,1.25185122636562e-28,-4.440892098500626e-16,1.0,1,0.003755244983666521,1.0,1.0
MO_ml-384k_s1234,MO,1234,384k,MO-LBFGS,384000,0.38875,PRE,1.0000000000000013,2.553881430861876e-28,2.0838326653183305e-28,1.7231224315626242e-28,1.7395480804266699e-28,1.7190268831305984e-28,1.333353502081673e-28,8.907094997940197e-29,1.8836503778809745e-27,6.886740245349119e-28,-1.3322676295501878e-15,1.0,1,0.07300574192600222,1.0,0.9999999999999998
MO_ml-384k_s1234,MO,1234,384k,MO-LBFGS,384000,0.38875,POST,1.0000000000000007,8.51102534443918e-29,7.085045387222854e-29,5.075032490540127e-29,4.3967814622598897e-29,3.9449705675997555e-29,3.218656746043607e-29,2.1220438807303615e-29,5.911269465828726e-28,1.9653072283309421e-28,-6.661338147750939e-16,1.0,1,0.010183476486562693,1.0,1.0
MO_ml-384k_s1235,MO,1235,384k,MO-LBFGS,384000,0.4935,FULL,0.9999999999999998,2.8793477244507137e-28,2.3235154736846735e-28,1.952235684785832e-28,1.8995656223551358e-28,1.8565446204181295e-28,1.3996017496198397e-28,9.472107841763732e-29,2.5144724152130563e-27,7.635338813831049e-28,2.220446049250313e-16,1.0,1,0.04074674984572869,1.0000000000000004,1.0000000000000004
MO_ml-384k_s1235,MO,1235,384k,MO-LBFGS,384000,0.4935,W1,1.0000000000000002,2.826908277736299e-28,2.2535128867539507e-28,1.9301043625348392e-28,1.9207664538021963e-28,1.8882805201090233e-28,1.422554530051315e-28,9.536195911880612e-29,2.5006032462304512e-27,7.598912751568223e-28,-2.220446049250313e-16,1.0,1,0.07703636430600376,1.0000000000000002,1.0000000000000002
MO_ml-384k_s1235,MO,1235,384k,MO-LBFGS,384000,0.4935,W2,0.9999999999999994,3.6672300008450853e-28,3.2124722341922866e-28,2.353704169052254e-28,1.8846474610718288e-28,1.741639599184644e-28,1.3114449791090587e-28,9.763010805601384e-29,2.8849513432718233e-27,8.738874849642121e-28,5.551115123125783e-16,1.0,1,0.024043886947301064,1.0000000000000004,1.0
MO_ml-384k_s1235,MO,1235,384k,MO-LBFGS,384000,0.4935,W3,1.0000000000000002,1.4406610339537393e-28,1.3547130404801665e-28,9.192123339516277e-29,6.417442539177783e-29,5.57150943471182e-29,4.701766439123556e-29,3.5523137359004336e-29,1.0972830432049213e-27,3.2722556849665924e-28,-2.220446049250313e-16,1.0,1,0.009268593211360903,0.9999999999999998,1.0
MO_ml-384k_s1235,MO,1235,384k,MO-LBFGS,384000,0.4935,W4,0.9999999999999997,7.083390081770828e-29,9.002763652785716e-29,6.445764253348401e-29,6.888126154358399e-29,4.4923571578355845e-29,6.24216946026708e-29,4.340109481065662e-29,1.3849851913390737e-27,2.2361620974020476e-28,3.3306690738754696e-16,1.0,1,0.0028947048903088437,1.0,1.0
MO_ml-384k_s1235,MO,1235,384k,MO-LBFGS,384000,0.4935,PRE,1.0000000000000002,2.901069287818957e-28,2.3383571171625663e-28,1.9676979347885155e-28,1.917673695495801e-28,1.8754915223616915e-28,1.4128604868520582e-28,9.555655673961284e-29,2.5348272651940435e-27,7.699824312365293e-28,-2.220446049250313e-16,1.0,1,0.05760889711280803,1.0000000000000002,1.0000000000000002
MO_ml-384k_s1235,MO,1235,384k,MO-LBFGS,384000,0.4935,POST,1.0000000000000004,1.4040203568778276e-28,1.315471879791225e-28,9.020405304827503e-29,6.696663086852574e-29,5.696721014294455e-29,4.9906905929106286e-29,3.7975437575481384e-29,1.1319721443670384e-27,3.255487364544837e-28,-4.440892098500626e-16,1.0,1,0.006893226036783011,1.0,1.0
MO_ml-384k_s1236,MO,1236,384k,MO-LBFGS,384000,0.6365000000000001,FULL,1.0000000000000002,9.297121989497245e-28,7.860215874761084e-28,6.065080323235007e-28,5.377797780977206e-28,5.345479349006801e-28,4.125362367201103e-28,2.7662667993276726e-28,7.588771969623024e-27,2.3473948461066727e-27,-2.220446049250313e-16,1.0,1,0.02489751352761008,1.0,0.9999999999999999
MO_ml-384k_s1236,MO,1236,384k,MO-LBFGS,384000,0.6365000000000001,W1,1.0,8.657060325165005e-28,7.286467680872934e-28,5.587388354896996e-28,4.953400818750801e-28,4.93735682486014e-28,3.775402015449684e-28,2.5056684597363536e-28,7.174366231283281e-27,2.1687473964658492e-27,0.0,1.0,1,0.04844269272144352,1.0,0.9999999999999999
MO_ml-384k_s1236,MO,1236,384k,MO-LBFGS,384000,0.6365000000000001,W2,1.0000000000000002,3.526957279471193e-27,3.0443409602684633e-27,2.4875486499313314e-27,2.221164392019249e-27,2.167384894507428e-27,1.777499351531735e-27,1.2864597455508917e-27,2.4596361812376763e-26,9.468350569460844e-27,-2.220446049250313e-16,1.0,1,0.008335155866270596,1.0000000000000002,1.0000000000000002
MO_ml-384k_s1236,MO,1236,384k,MO-LBFGS,384000,0.6365000000000001,W3,1.0,3.8685412921830996e-28,4.0073159748133725e-28,2.809136757278724e-28,2.1640704377471837e-28,2.1181305423155874e-28,1.776752397903679e-28,1.1403801799216406e-28,3.757173045283205e-27,9.936188771699052e-28,0.0,1.0,1,0.006377832017175447,1.0000000000000002,1.0000000000000002
MO_ml-384k_s1236,MO,1236,384k,MO-LBFGS,384000,0.6365000000000001,W4,1.0000000000000004,1.4664821590286835e-28,1.6630450144666728e-28,1.0625659131164621e-28,1.4486829444513606e-28,1.098419230278477e-28,1.3167968285730026e-28,6.268614960256851e-29,2.4697110437561812e-27,4.254328798449308e-28,-4.440892098500626e-16,1.0,1,0.002980639257877942,1.0000000000000002,1.0
MO_ml-384k_s1236,MO,1236,384k,MO-LBFGS,384000,0.6365000000000001,PRE,1.0,9.358748314079293e-28,7.906690501783391e-28,6.101692593912504e-28,5.409013830827803e-28,5.377857127851778e-28,4.148848904038045e-28,2.78282222320156e-28,7.631603909735729e-27,2.3621120259045138e-27,0.0,1.0,1,0.031071492644169342,1.0,1.0
MO_ml-384k_s1236,MO,1236,384k,MO-LBFGS,384000,0.6365000000000001,POST,0.9999999999999992,1.9645588255219327e-28,2.330466364719125e-28,1.7087960706847124e-28,1.6635789173395865e-28,1.4930330105277512e-28,1.3308339570145767e-28,7.964317964297189e-29,2.492444897677089e-27,5.962819703164114e-28,7.771561172376096e-16,1.0,1,0.003771177651510067,1.0,1.0000000000000002
MO_ml-512k_s1234,MO,1234,512k,MO-LBFGS,512000,0.761,FULL,0.999999999999999,1.4358269399569092e-27,1.2082836657804992e-27,9.49855771960484e-28,8.70991272331714e-28,9.331508479013703e-28,7.570132662182664e-28,5.43793452612594e-28,1.3398088177170175e-26,3.8626270124313574e-27,9.992007221626409e-16,1.0,1,0.01794622406503162,1.0000000000000002,1.0000000000000002
MO_ml-512k_s1234,MO,1234,512k,MO-LBFGS,512000,0.761,W1,0.9999999999999986,1.6081460615872638e-27,1.3488635521966565e-27,1.0583165978684033e-27,9.747205354355631e-28,1.05361653730751e-27,8.604752782211352e-28,6.278785484554141e-28,1.5056619032815138e-26,4.347957745218592e-27,1.4432899320127035e-15,1.0,1,0.031207779326873054,1.0000000000000002,1.0000000000000002
MO_ml-512k_s1234,MO,1234,512k,MO-LBFGS,512000,0.761,W2,1.0,2.8227964008742535e-27,2.3915222834705552e-27,1.9136712392140266e-27,1.7245008471223628e-27,1.7665258938973876e-27,1.3718090304649576e-27,8.694660524248941e-28,2.593537555605997e-26,7.37245958641056e-27,0.0,1.0,1,0.009263342056114591,1.0,1.0000000000000002
MO_ml-512k_s1234,MO,1234,512k,MO-LBFGS,512000,0.761,W3,1.0000000000000002,1.518353864538545e-28,1.3991486401847783e-28,1.0731026112593593e-28,8.803225138549782e-29,8.469423395964261e-29,6.630007499437494e-29,5.0329112954565037e-29,1.3192028291332682e-27,3.9416899449399807e-28,-2.220446049250313e-16,1.0,1,0.014003360312535846,1.0000000000000002,1.0000000000000002
MO_ml-512k_s1234,MO,1234,512k,MO-LBFGS,512000,0.761,W4,1.0000000000000004,9.874327256221005e-29,1.04768461964637e-28,6.959324874150223e-29,7.983402201106869e-29,7.370767523497198e-29,6.346948279587718e-29,3.952570702416083e-29,1.0769864351413553e-27,2.815699035628451e-28,-4.440892098500626e-16,1.0,1,0.0052176496533026685,1.0000000000000002,1.0
MO_ml-512k_s1234,MO,1234,512k,MO-LBFGS,512000,0.761,PRE,0.9999999999999988,1.4630655174584616e-27,1.2307925582466203e-27,9.677404818728911e-28,8.871427986650822e-28,9.507493770692271e-28,7.711732697139783e-28,5.541011213860176e-28,1.3648492758687822e-26,3.935656497786597e-27,1.2212453270876722e-15,1.0,1,0.02037388158015444,1.0000000000000002,1.0
MO_ml-512k_s1234,MO,1234,512k,MO-LBFGS,512000,0.761,POST,1.0000000000000004,9.145487408020726e-29,9.734730122363713e-29,6.714798697508724e-29,7.382553110996832e-29,6.456764041066921e-29,5.814001737602605e-29,3.50538915062689e-29,1.0392590664840362e-27,2.582243929722326e-28,-4.440892098500626e-16,1.0,1,0.0051674717864822264,1.0000000000000002,1.0
MO_ml-512k_s1235,MO,1235,512k,MO-LBFGS,512000,0.88125,FULL,0.9999999999999998,5.005433073936022e-28,4.139426982404177e-28,3.3611461709509107e-28,3.364080239301079e-28,3.341471407654174e-28,2.389079837672966e-28,1.6076091058958883e-28,4.607562821976367e-27,1.3315659758436994e-27,2.220446049250313e-16,1.0,1,0.030878534507035246,1.0000000000000002,0.9999999999999999
MO_ml-512k_s1235,MO,1235,512k,MO-LBFGS,512000,0.88125,W1,1.0000000000000002,4.246662917153147e-28,3.4663013773933264e-28,2.8838716813682905e-28,3.004903227376599e-28,3.004604224470848e-28,2.115037389603277e-28,1.3804132986174142e-28,4.020625247799301e-27,1.15155521216097e-27,-2.220446049250313e-16,1.0,1,0.06048862099613231,1.0000000000000002,0.9999999999999999
MO_ml-512k_s1235,MO,1235,512k,MO-LBFGS,512000,0.88125,W2,1.0000000000000004,3.871771752198328e-27,3.349945175462683e-27,2.4205270164121067e-27,1.938972893678768e-27,1.869573017932734e-27,1.4736298059981377e-27,1.1800992857012031e-27,3.087508076836313e-26,9.341971072244372e-27,-4.440892098500626e-16,1.0,1,0.008709892764084253,1.0000000000000004,1.0
MO_ml-512k_s1235,MO,1235,512k,MO-LBFGS,512000,0.88125,W3,0.9999999999999998,1.5379112650357253e-27,1.4394443055231931e-27,1.0851513162331069e-27,8.754779661932683e-28,7.7473320335155845e-28,5.918533000311868e-28,4.493614027482968e-28,1.2464608967144782e-26,3.8471571873686874e-27,2.220446049250313e-16,1.0,1,0.005650310778613263,1.0000000000000002,1.0000000000000002
MO_ml-512k_s1235,MO,1235,512k,MO-LBFGS,512000,0.88125,W4,1.0000000000000004,1.4852520117279987e-28,1.3250772619243259e-28,1.0138995404181352e-28,9.003247709791931e-29,8.813539910582271e-29,8.807149787049645e-29,5.346654769123824e-29,1.5313497777593031e-27,3.915171020116743e-28,-4.440892098500626e-16,1.0,1,0.005062701287304352,1.0000000000000002,1.0000000000000002
MO_ml-512k_s1235,MO,1235,512k,MO-LBFGS,512000,0.88125,PRE,0.9999999999999987,5.0174108593871665e-28,4.14891241916421e-28,3.3692019961337085e-28,3.3722190661631097e-28,3.349466271437068e-28,2.3942842807461056e-28,1.611417123208717e-28,4.617757019245367e-27,1.3347496250166658e-27,1.3322676295501878e-15,1.0,1,0.03286784699873676,1.0000000000000002,1.0
MO_ml-512k_s1235,MO,1235,512k,MO-LBFGS,512000,0.88125,POST,1.0,5.653028845026867e-29,6.232031954644009e-29,3.748752329027435e-29,3.470408204486012e-29,3.777986830401892e-29,4.5980794492719037e-29,1.9598817633944024e-29,8.286035781543816e-28,1.5139649767850599e-28,0.0,1.0,1,0.004628127756466423,1.0,1.0000000000000002
MO_ml-512k_s1236,MO,1236,512k,MO-LBFGS,512000,1.0,FULL,0.9999999999999997,1.0267215013832372e-27,8.242057325288058e-28,7.192082652074108e-28,7.440744083889012e-28,7.153908967627765e-28,5.437126954248627e-28,3.7116785304040837e-28,7.657439002340027e-27,2.8324885163938332e-27,3.3306690738754696e-16,1.0,1,0.026174561886707002,1.0000000000000002,1.0000000000000002
MO_ml-512k_s1236,MO,1236,512k,MO-LBFGS,512000,1.0,W1,1.0,8.975651929895549e-28,7.185804680003519e-28,6.309057267746869e-28,6.619768901352446e-28,6.4051357635703375e-28,4.843533220957923e-28,3.3211482645101164e-28,6.862962571764282e-27,2.501099322572287e-27,0.0,1.0,1,0.05202337880835766,1.0000000000000002,1.0000000000000002
MO_ml-512k_s1236,MO,1236,512k,MO-LBFGS,512000,1.0,W2,1.0000000000000007,3.796594268235518e-26,3.0978208304594094e-26,2.635761339685171e-26,2.4840312385150667e-26,2.2473414175557372e-26,1.746613462883859e-26,1.1243797555875887e-26,2.276629168010747e-25,9.804076781064015e-26,-6.661338147750939e-16,1.0,1,0.0028971128141426924,1.0000000000000002,1.0000000000000004
MO_ml-512k_s1236,MO,1236,512k,MO-LBFGS,512000,1.0,W3,1.0000000000000002,7.520957144221852e-27,6.176642980189927e-27,4.7564446717947575e-27,4.233818802852404e-27,4.315505656363684e-27,3.767902366995822e-27,2.7842248634734188e-27,5.613585753858401e-26,1.9377132335853716e-26,-2.220446049250313e-16,1.0,1,0.0024212608674962326,1.0,1.0000000000000002
MO_ml-512k_s1236,MO,1236,512k,MO-LBFGS,512000,1.0,W4,1.0000000000000002,2.2124914286577584e-27,1.8558155501702695e-27,1.2898255604091748e-27,1.0979432663825848e-27,8.679701014547583e-28,8.239577878814e-28,6.8930184017051485e-28,1.7910683261348802e-26,5.0595889306922064e-27,-2.220446049250313e-16,1.0,1,0.0018900942671171502,1.0000000000000002,1.0000000000000002
MO_ml-512k_s1236,MO,1236,512k,MO-LBFGS,512000,1.0,PRE,0.9999999999999997,1.0267215230968447e-27,8.242002576641228e-28,7.192084768473726e-28,7.440689188909392e-28,7.153887657006345e-28,5.437128867200677e-28,3.711631673394547e-28,7.65731362582053e-27,2.8324819329843065e-27,3.3306690738754696e-16,1.0,1,0.02620071876526429,1.0000000000000002,1.0000000000000002
MO_ml-623k_s1234,MO,1234,623k,MO-LBFGS,623360,1.0,FULL,1.0000000000000002,5.8156219361005294e-27,4.9783498370981935e-27,3.773489738864942e-27,3.2497223683768994e-27,3.2823710882312356e-27,2.5460131625136716e-27,1.733789708232029e-27,4.9879325128489296e-26,1.4605272471428734e-26,-2.220446049250313e-16,1.0,1,0.010135070941045266,1.0,1.0
MO_ml-623k_s1234,MO,1234,623k,MO-LBFGS,623360,1.0,W1,1.0000000000000002,6.004062106279447e-27,5.144179907486985e-27,3.876438433842206e-27,3.335678909352437e-27,3.393021117675279e-27,2.6356526403948165e-27,1.8100468117715195e-27,5.3168691018253e-26,1.5083568469568451e-26,-2.220446049250313e-16,1.0,1,0.017972550487231242,1.0000000000000002,1.0000000000000002
MO_ml-623k_s1234,MO,1234,623k,MO-LBFGS,623360,1.0,W2,0.9999999999999991,3.563789640389337e-26,3.059784623958224e-26,2.3848220148376773e-26,2.0350639596845488e-26,1.9844359039868388e-26,1.53715661565443e-26,9.989207308973726e-27,2.546572242722746e-25,8.931968290111225e-26,8.881784197001252e-16,1.0,1,0.003274977205611794,1.0000000000000002,1.0
MO_ml-623k_s1234,MO,1234,623k,MO-LBFGS,623360,1.0,W3,0.9999999999999991,7.0802785857485515e-28,5.447087099410445e-28,4.292489677575708e-28,4.150845882106616e-28,4.2175871662175085e-28,3.123441602830956e-28,2.1096413939704306e-28,6.077077244278296e-27,1.7699996823512203e-27,8.881784197001252e-16,1.0,1,0.008331786524586073,1.0,1.0000000000000002
MO_ml-623k_s1234,MO,1234,623k,MO-LBFGS,623360,1.0,W4,1.0000000000000002,1.3436401555320427e-27,1.4550318115114009e-27,9.7496912842498e-28,7.955522596107377e-28,7.515643508258252e-28,5.847812121564716e-28,4.484978335307778e-28,1.1847661872696334e-26,3.518671468313626e-27,-2.220446049250313e-16,1.0,1,0.002441228225948007,1.0000000000000002,1.0000000000000002
MO_ml-623k_s1234,MO,1234,623k,MO-LBFGS,623360,1.0,PRE,1.0000000000000002,5.8436903811549755e-27,5.002368324775509e-27,3.7917405595317634e-27,3.2654448833406536e-27,3.2982559611799576e-27,2.558333095093932e-27,1.7421794777924654e-27,5.0119919153189556e-26,1.4675866379659162e-26,-2.220446049250313e-16,1.0,1,0.010120739116666479,1.0,1.0
MO_ml-623k_s1235,MO,1235,623k,MO-LBFGS,623360,1.0,FULL,1.000000000000001,1.3460833247874743e-27,1.1763911503783806e-27,8.6315914343619e-28,6.77579179676992e-28,6.536751812297232e-28,5.187088630378402e-28,3.75771068696659e-28,8.965735674882434e-27,3.238688718150046e-27,-1.1102230246251565e-15,1.0,1,0.024239796721310797,1.0,1.0000000000000002
MO_ml-623k_s1235,MO,1235,623k,MO-LBFGS,623360,1.0,W1,1.0000000000000004,1.160464733933345e-27,1.0147766722415845e-27,7.376080026314021e-28,5.6318224370334095e-28,5.460659801774028e-28,4.41596384661741e-28,3.2501513802348016e-28,7.691178117003883e-27,2.7691538547656297e-27,-4.440892098500626e-16,1.0,1,0.047925861847036955,0.9999999999999999,1.0000000000000002
MO_ml-623k_s1235,MO,1235,623k,MO-LBFGS,623360,1.0,W2,0.9999999999999998,1.324105740675837e-26,1.1457498981774552e-26,8.900246251099499e-27,8.039301164799206e-27,7.567842432412544e-27,5.392922714854534e-27,3.491839408905965e-27,8.865871736570065e-26,3.320098549917638e-26,2.220446049250313e-16,1.0,1,0.00560510774547025,1.0,1.0000000000000002
MO_ml-623k_s1235,MO,1235,623k,MO-LBFGS,623360,1.0,W3,0.9999999999999994,1.3162472991050082e-26,1.1869388323862927e-26,8.721187016669978e-27,7.583571278491418e-27,7.304565919844823e-27,5.728322921929871e-27,4.343779306716398e-27,9.933061617549174e-26,3.3532005234281285e-26,5.551115123125783e-16,1.0,1,0.002113732493066724,1.0000000000000002,1.0
MO_ml-623k_s1235,MO,1235,623k,MO-LBFGS,623360,1.0,W4,1.0,2.197415161877146e-27,2.06605215246892e-27,1.666779417467341e-27,1.3888000228821585e-27,1.2302654535489332e-27,1.0746813983422766e-27,8.692405436469742e-28,2.033491465655497e-26,5.963700576540394e-27,0.0,1.0,1,0.001955271024820829,1.0000000000000002,1.0000000000000002
MO_ml-623k_s1235,MO,1235,623k,MO-LBFGS,623360,1.0,PRE,1.000000000000001,1.3460791698814578e-27,1.1763834198483476e-27,8.631645629199714e-28,6.775785977698001e-28,6.536551195727793e-28,5.186930848313194e-28,3.757682096187138e-28,8.965697561984382e-27,3.238667061992922e-27,-1.1102230246251565e-15,1.0,1,0.024263906337607805,1.0,1.0000000000000002
MO_ml-623k_s1236,MO,1236,623k,MO-LBFGS,623360,1.0,FULL,1.0,9.844366520501478e-28,8.003201448854644e-28,6.374859229256329e-28,6.1080686474458555e-28,5.89469424318319e-28,4.684860340555412e-28,3.4831789847371505e-28,8.195862412085804e-27,2.5597098977678146e-27,0.0,1.0,1,0.02405507681718828,1.0000000000000002,1.0
MO_ml-623k_s1236,MO,1236,623k,MO-LBFGS,623360,1.0,W1,1.0000000000000007,8.651801734020648e-28,7.025137195197301e-28,5.559508888585659e-28,5.284273324503685e-28,5.0695923319774875e-28,4.07535829441572e-28,3.0876959148735603e-28,7.244869258455023e-27,2.2368598869457355e-27,-6.661338147750939e-16,1.0,1,0.04787314345645101,1.0000000000000002,1.0
MO_ml-623k_s1236,MO,1236,623k,MO-LBFGS,623360,1.0,W2,1.0000000000000004,5.601957705807567e-26,4.5869227956659756e-26,3.834547956534216e-26,3.8997082165006234e-26,3.933891587489835e-26,2.881356862395013e-26,1.8712589813147522e-26,4.509134540145942e-25,1.524165623114637e-25,-4.440892098500626e-16,1.0,1,0.002022970096763155,1.0000000000000002,1.0
MO_ml-623k_s1236,MO,1236,623k,MO-LBFGS,623360,1.0,W3,0.9999999999999999,1.42698417865901e-26,1.1629586615321025e-26,9.727875219036938e-27,9.37859846382572e-27,9.222955329736357e-27,6.987972972847769e-27,4.562076476923298e-27,1.0840706999703077e-25,3.77827488122867e-26,1.1102230246251565e-16,1.0,1,0.001800926629691958,1.0,1.0000000000000002
MO_ml-623k_s1236,MO,1236,623k,MO-LBFGS,623360,1.0,W4,0.9999999999999997,5.193353020558271e-27,4.539991941345588e-27,3.30785633662792e-27,3.4108362017989854e-27,2.951024780347463e-27,2.612223748069017e-27,1.8372306175539106e-27,4.3422788094852755e-26,1.3289464755087566e-26,3.3306690738754696e-16,1.0,1,0.0013068069611375274,1.0000000000000002,1.0
MO_ml-623k_s1236,MO,1236,623k,MO-LBFGS,623360,1.0,PRE,1.0,9.844250553654383e-28,8.0031055277157275e-28,6.374787753710367e-28,6.10792754870528e-28,5.89454118777524e-28,4.684820952127374e-28,3.483127149575874e-28,8.195764124788084e-27,2.5596706644715862e-27,0.0,1.0,1,0.024079019121892583,1.0000000000000002,1.0
MX_init_s1234,MX,1234,0k,MX,0,0.0245,FULL,0.18643232375881047,0.011845836332940455,0.08142240900265356,0.09773600374785987,0.06943877872810889,0.08349561789842296,0.16980588274581537,0.11947437774704253,0.18034877003834593,0.3125518357262659,0.8135676762411895,4.682405028333541,1,8.921803655585308,0.6184299814909153,0.1863942572950841
MX_init_s1234,MX,1234,0k,MX,0,0.0245,W1,0.1450375197652794,0.009636237883088605,0.1114300716220847,0.02118171332533596,0.1257280139445564,0.13672632042926705,0.32414603551075793,0.005507730206118194,0.12060635731351185,0.1730520018438098,0.8549624802347207,4.941369752170096,7,10.525799903306236,0.29724794803056087,0.14500341650791235
MX_init_s1234,MX,1234,0k,MX,0,0.0245,W2,0.2544946320085475,0.007965660460520772,0.0820368904708802,0.15451849284809063,0.059031146476573856,0.08104920721849858,0.061848406708512355,0.09224486143732093,0.2068107023710554,0.3357782219644309,0.7455053679914525,3.8918317722066536,1,7.84945883047521,0.8998772055243849,0.25445242618306974
MX_init_s1234,MX,1234,0k,MX,0,0.0245,W3,0.22076096096186798,0.010765460190128006,0.05799894729495998,0.20508687787651636,0.03491830341258294,0.0660754437616392,0.15208292330754222,0.06098872980769141,0.19132235338707151,0.342916511635975,0.7792390390381321,4.155142324081681,1,8.042397434572297,0.9051723403519152,0.2211636548234724
MX_init_s1234,MX,1234,0k,MX,0,0.0245,W4,0.16433644749665263,0.018701623224387672,0.05830261881848784,0.07438762511400256,0.027342223060097696,0.0259163541594183,0.05336468841746123,0.34385946332087874,0.23378895638861316,0.4628650658186873,0.8356635525033473,5.339045750791845,8,9.003229797066972,0.6863346229308714,0.1639137657553861
MX_init_s1234,MX,1234,0k,MX,0,0.0245,PRE,0.18166520716953194,0.009178390736915247,0.23797664160710838,0.00018945353948198593,0.03329569547882837,0.12149773423456517,0.26875992032706547,0.0037860372356727907,0.14365091967083082,0.1346516157466352,0.8183347928304681,4.346104218583834,7,9.190314064935055,0.23342016025587742,0.17739034821066618
MX_init_s1234,MX,1234,0k,MX,0,0.0245,POST,0.1865672952736326,0.011921359800021337,0.07698988432432693,0.1004978421465488,0.07046209892704607,0.08241966283999808,0.1670041941149679,0.12274986519813498,0.18138779737532335,0.31758872998470317,0.8134327047263674,4.692365660054886,1,8.914540120228365,0.8332681449444608,0.18664891393741084
MX_init_s1235,MX,1235,0k,MX,0,0.0245,FULL,0.14567950307686486,0.011624820424094233,0.04856385392320204,0.04564970686457987,0.08001889015692572,0.08893482903534077,0.15100894216725808,0.06680284090137524,0.36171661345035955,0.2130121972253901,0.8543204969231352,4.735213769027656,rem,9.819249138442386,0.5296021364894478,0.145625299467749
MX_init_s1235,MX,1235,0k,MX,0,0.0245,W1,0.15101423473570016,0.012203818095251208,0.0990367632804324,0.11233813430739376,0.17276979769972883,0.04337474847437236,0.09466368214321873,0.03384407144655596,0.28075474981734694,0.2017607723235733,0.8489857652642998,4.14237080211557,rem,8.874965643558427,0.3495418552099655,0.15080423239488672
MX_init_s1235,MX,1235,0k,MX,0,0.0245,W2,0.15097777723866126,0.01441870288290018,0.031088442831447557,0.04596964853049091,0.07117572765688139,0.056035560347657665,0.11208417775205036,0.1422503807137323,0.37599958204617856,0.2586742924747811,0.8490222227613388,4.92250214517107,rem,9.105413673999575,0.682667982102294,0.1508811635599001
MX_init_s1235,MX,1235,0k,MX,0,0.0245,W3,0.2230613701650238,0.018240516536341914,0.06283918063602621,0.03274219838807723,0.09359788087280373,0.07612623501992727,0.09283616718647004,0.04246618415844419,0.3580902670368856,0.1695751341027906,0.7769386298349762,3.884281650077108,rem,8.46124965288603,0.8011080764861637,0.22317933008040278
MX_init_s1235,MX,1235,0k,MX,0,0.0245,W4,0.10370642851068695,0.006700111847516627,0.025092484564994764,0.016824352002089055,0.03017832848721325,0.1365395195301676,0.2287921807983424,0.05437276266463825,0.3977938315943511,0.2144367460444115,0.896293571489313,5.42395247972853,rem,12.350931812680733,0.8118899185123423,0.10363880878726711
MX_init_s1235,MX,1235,0k,MX,0,0.0245,PRE,0.19890599465715023,0.003060654661809905,0.2780217762480126,0.01802622891896203,0.27397270517636846,0.07351998719159576,0.027553654929329766,0.02585562877404082,0.10108336944273053,0.12046249954640852,0.8010940053428498,3.6954501665747865,3,8.401470581524414,0.05415119814014789,0.19872971334708187
MX_init_s1235,MX,1235,0k,MX,0,0.0245,POST,0.14464884003182582,0.011790654558577082,0.044120694250073866,0.046184600242834106,0.07626322218690076,0.08923331776457637,0.15339949616570991,0.06759573137910589,0.3667634434203966,0.21480430394509345,0.8553511599681742,4.763794735539878,rem,9.85422885754613,0.793444279957062,0.1445870341330108
MX_init_s1236,MX,1236,0k,MX,0,0.0245,FULL,0.2008380177297573,0.013717934985019952,0.254383786145349,0.09414609682400753,0.07188151660796871,0.08483847503382219,0.05262139969493591,0.07833640736442038,0.1492363656147192,0.27103891420727,0.7991619822702427,3.798339506823745,3,7.5687040898339735,0.8330110308104335,0.20085156114854064
MX_init_s1236,MX,1236,0k,MX,0,0.0245,W1,0.2730788061321563,0.02790131659320144,0.030774333538692314,0.06396346086238816,0.03570435977966132,0.13981588142384122,0.0857376073995231,0.18928744211069062,0.1537367921598455,0.42096810099012144,0.7269211938678437,4.500890649882982,1,7.260836416556286,0.8837690719428251,0.27330299525395596
MX_init_s1236,MX,1236,0k,MX,0,0.0245,W2,0.26961299194136146,0.020929421572843637,0.10318163574107767,0.08786580579090861,0.045668798412907594,0.06338577558872432,0.048091221134179865,0.07458257106902272,0.2866817787489742,0.24676357402149932,0.7303870080586385,3.5249873796191418,rem,6.731229076412239,0.7210663894413982,0.2694077040502163
MX_init_s1236,MX,1236,0k,MX,0,0.0245,W3,0.15105824363982204,0.010096586454056729,0.32606382706106724,0.10756530401999506,0.1107041000632634,0.061725566330876426,0.07068341373626728,0.041538254920574134,0.12056470377407767,0.22092571172550235,0.848941756360178,3.787280271697812,3,7.967821753552408,0.6769905908579829,0.15087899152493925
MX_init_s1236,MX,1236,0k,MX,0,0.0245,W4,0.14475341176236303,0.0011471330730526673,0.4640003764151752,0.10946590205167729,0.08142146393165468,0.07771158266819582,0.012698511294632064,0.028236906508449535,0.0805647122947999,0.2165615243013753,0.855246588237637,3.44241090643564,3,8.22570828825211,0.866845682710008,0.1449018862081212
MX_init_s1236,MX,1236,0k,MX,0,0.0245,PRE,0.34497069292895155,0.005156736155686877,0.007340696482801494,0.009398029029675813,0.03024616853322984,0.03148226281155999,0.0320145280483956,0.4142985255008406,0.12509236050885827,0.46033555349776334,0.6550293070710484,4.907389645363712,8,6.662988055430075,0.7871305644558289,0.341934512233756
MX_init_s1236,MX,1236,0k,MX,0,0.0245,POST,0.19788010381139248,0.013893629282931067,0.25945364412403993,0.09588531028783134,0.07273596391074745,0.08593345979383822,0.05304429722579087,0.071441738796688,0.14973185276674075,0.26715413816128863,0.8021198961886076,3.7749198480687896,3,7.591354248822696,0.8399285069209903,0.19796824546978625
MX_mx-128k_s1234,MX,1234,128k,MX,128000,0.03375,FULL,0.003665974467627153,0.00015145599845922575,0.0020608630541888596,0.0007063283860944279,0.01245821432234131,0.002202995568306429,0.0038494270235216012,0.0026359463343203844,0.9722687948451406,0.005696726287180467,0.9963340255323728,4.9229520776282145,rem,2.7892868878459995,0.9998863698443122,0.019204689173784966
MX_mx-128k_s1234,MX,1234,128k,MX,128000,0.03375,W1,0.011954234738141481,0.00018240790376223052,0.0007031699683470176,0.0006621857018292961,0.01990010086356218,0.0016428958927814819,0.004205454672183246,0.003745858991842525,0.9570036912675506,0.006233348490215534,0.9880457652618585,4.322237025716876,rem,3.0206161500318593,0.9999021987081285,0.062039271965819674
MX_mx-128k_s1234,MX,1234,128k,MX,128000,0.03375,W2,0.00014112570657327512,9.332381184965609e-05,0.0022970848702607606,0.0009092317133670273,0.009525822669455989,0.001470905930285828,0.0020228023570209542,0.002591518878701983,0.9809481840624844,0.005064980334204494,0.9998588742934267,5.364437258236945,rem,2.9007920906343414,0.9969668108117817,0.0002573920211869729
MX_mx-128k_s1234,MX,1234,128k,MX,128000,0.03375,W3,0.00014884737652569216,0.00012649248495278973,0.0015593713441844964,0.0006808386523118509,0.014358900140473847,0.003953428719751918,0.006564257316058639,0.0023139017977950216,0.9702939621679457,0.00707466165481158,0.9998511526234743,5.647989494675775,rem,2.6638853735994243,0.9945444952783992,0.0002895333971105963
MX_mx-128k_s1234,MX,1234,128k,MX,128000,0.03375,W4,0.0003284814374494215,0.000210398795107145,0.004232053768115289,0.0005332738698142266,0.0036150973779511047,0.002031554585716444,0.0027421484873316458,0.0014700546809262615,0.9848369369975887,0.004245281931564078,0.9996715185625505,5.064862360714202,rem,2.5445493517667352,0.997261768022459,0.0004658551305445852
MX_mx-128k_s1234,MX,1234,128k,MX,128000,0.03375,PRE,0.07446054094639067,0.0009014551843150547,0.0005107739606341551,0.0009361186661711017,0.05482950466763215,0.0002588906272845134,0.015122752948412685,0.008342862670068564,0.8446371003290912,0.010439327147839234,0.9255394590536093,3.4103591532163193,rem,2.853076115410243,0.9999079892772345,0.34935019170126036
MX_mx-128k_s1234,MX,1234,128k,MX,128000,0.03375,POST,0.0010601204090422078,0.0001238495235614089,0.0021179197769928544,0.000697870110781155,0.010898583344914845,0.002274555491657279,0.00343447085419552,0.002425882316201493,0.9769667481726533,0.005522157442201336,0.9989398795909578,5.29849907119367,rem,2.787019816051929,0.9994879805769089,0.0019150958879989286
MX_mx-128k_s1235,MX,1235,128k,MX,128000,0.0335,FULL,0.0179585048893257,0.001996500536270952,0.010479295667328999,0.008764861939826056,0.025942027137849166,0.006154973937097183,0.009680912805562106,0.012572310975978029,0.9064506121107618,0.02948864738917222,0.9820414951106743,4.526311791404656,rem,1.5021166152933665,0.999653314754453,0.06443108394838058
MX_mx-128k_s1235,MX,1235,128k,MX,128000,0.0335,W1,0.04725635695861959,0.003016877967528621,0.020918348607998193,0.003438138505595075,0.04031228087656422,0.004629751304076834,0.006621670523080155,0.00799932871194902,0.8658072465445883,0.01908409648914955,0.9527436430413804,3.4985789933916416,rem,1.6488744251311425,0.9996900708343729,0.18070648670677442
MX_mx-128k_s1235,MX,1235,128k,MX,128000,0.0335,W2,0.002517278348658917,0.0013127290764083813,0.004323025434671524,0.008978867482328172,0.01631197911606934,0.002163429278509509,0.007583615400288653,0.019626106608912057,0.9371829692541533,0.032081132446158116,0.9974827216513411,5.709628589588156,rem,1.7230366086168811,0.9898325505333427,0.0027125905721225585
MX_mx-128k_s1235,MX,1235,128k,MX,128000,0.0335,W3,0.006162854387375066,0.001526951823466754,0.004699543541210525,0.010021555823415159,0.020427705866558798,0.008984013050714364,0.015379692397723448,0.006301817866901065,0.926495865242635,0.026834338564497344,0.9938371456126249,5.135991472508642,rem,1.433309305148756,0.9892036008308168,0.006363921515251656
MX_mx-128k_s1235,MX,1235,128k,MX,128000,0.0335,W4,0.009975079674696822,0.002151431780349357,0.011684455698934964,0.017658359328962633,0.026361258236062012,0.014139920710552608,0.011949495493611038,0.016067409243351028,0.8900125898334799,0.050017121063215625,0.9900249203253032,4.989628400767751,rem,1.1312383721827948,0.9911531460042786,0.011064969542721868
MX_mx-128k_s1235,MX,1235,128k,MX,128000,0.0335,PRE,0.3100813475121058,0.0003126619436677556,0.08828967294386525,0.0077803715322239285,0.085751217235069,0.0072468323957357765,0.0329744960006271,0.0012690522588850537,0.4662943481778205,0.016608918130512514,0.6899186524878942,2.473101310579582,rem,1.526043985798652,0.9997035159874634,0.7063710903277766
MX_mx-128k_s1235,MX,1235,128k,MX,128000,0.0335,POST,0.007356548881518711,0.0020576117541502028,0.007655339178921292,0.008800591853645168,0.0237713841419774,0.006115347336036797,0.008835523441002314,0.01298253788801115,0.922425115524737,0.029956088831843315,0.9926434511184813,5.038977910215592,rem,1.5012692585204899,0.9985007756502721,0.009170696728974834
MX_mx-128k_s1236,MX,1236,128k,MX,128000,0.0335,FULL,0.005053393232034621,0.00016471279913829988,0.0032409303347583594,0.0005156121460621925,0.010583059832298144,0.0032476978190148667,0.005382184494567322,0.002507707772805881,0.9693047015693202,0.00643573053702124,0.9949466067679654,4.798992212813989,rem,2.385707416646394,0.9992503000545828,0.024600384273703646
MX_mx-128k_s1236,MX,1236,128k,MX,128000,0.0335,W1,0.017416857426509533,0.00022490023512253233,0.0036947063090398153,0.0004926870824989222,0.010053310655275179,0.0032214982077800607,0.006909945348373274,0.0016611746415648235,0.9563249200938359,0.0056002601669663385,0.9825831425734904,3.713240653399893,rem,2.544513551746733,0.9992951923136462,0.08142508241946461
MX_mx-128k_s1236,MX,1236,128k,MX,128000,0.0335,W2,0.00010206051146693797,0.00010607148807763404,0.005189333963736321,0.0008464648253813403,0.008022272623848187,0.003585745396675924,0.00445196835783098,0.002441995881074803,0.9752540869519079,0.0069802775912097,0.9998979394885331,5.317793102938829,rem,2.5919698272371066,0.9889874448342174,0.00023631141287476767
MX_mx-128k_s1236,MX,1236,128k,MX,128000,0.0335,W3,0.00012358785903826994,0.00015170840417643678,0.002427304783593415,0.00031317495094463195,0.013230533250970032,0.0037734441431562103,0.003651584595443784,0.0026327606219188077,0.9736959013907582,0.0068710881201960875,0.9998764121409617,5.488807247265602,rem,2.3147711972817784,0.9838507276991602,0.0003212848862636038
MX_mx-128k_s1236,MX,1236,128k,MX,128000,0.0335,W4,6.209270270831659e-05,0.0001815443862859907,0.00046316408538379163,0.0002807738216978321,0.012121597866948344,0.002079481305267151,0.00670113773859462,0.0037659743170693266,0.974344233776045,0.0063077738303203,0.9999379072972917,5.965848127676282,rem,2.0516123953060292,0.9793357257451434,0.00011729425853361553
MX_mx-128k_s1236,MX,1236,128k,MX,128000,0.0335,PRE,0.08166198899254988,0.0006389540326598464,0.015782403116949794,0.0016873868513980637,0.02022330146671141,0.005025409397065649,0.009941615859180292,0.00691377025798122,0.8581251700255037,0.014265520539104778,0.9183380110074502,2.771507043772726,rem,2.9066986595821396,0.9992799049458464,0.33393429266138475
MX_mx-128k_s1236,MX,1236,128k,MX,128000,0.0335,POST,0.000989893919109941,0.00013955793358509796,0.002575701250116065,0.0004534584717549429,0.01007171884152572,0.0031534038340608867,0.005140341578201256,0.002273999900947967,0.975201924270698,0.006020420140348895,0.99901010608089,5.414265056541724,rem,2.365322950771111,0.9986648407854481,0.0019400438258991165
MX_mx-256k_s1234,MX,1234,256k,MX,256000,0.03375,FULL,0.002189359064710696,0.0003293973428606517,0.002458326404119116,0.007357068875699276,0.01728483385780459,0.005190964744827427,0.00560651864712824,0.0015633503057105732,0.9580201807571395,0.014440781269097928,0.9978106409352893,4.977958527887088,rem,4.418292314518037,0.9997736505065088,0.00954965676002168
MX_mx-256k_s1234,MX,1234,256k,MX,256000,0.03375,W1,0.00427391803898299,0.00027958634697307453,0.004421802040406828,0.005425856143946206,0.008903494201499657,0.004265566951542195,0.00916303496079182,0.0036118711861651952,0.9596548701296923,0.013582880628626672,0.995726081961017,5.030322346561851,rem,4.639489584997324,0.9997981137123311,0.029708091309015677
MX_mx-256k_s1234,MX,1234,256k,MX,256000,0.03375,W2,0.0009104785599648048,0.00021005775170925616,0.002115422336605314,0.01013900077058343,0.01606078142788481,0.008127215439706771,0.003913848911214934,0.0008230765227766109,0.9577001182795538,0.01929935048477607,0.9990895214400352,4.9948512832789005,rem,4.434936365867115,0.9962360343771616,0.0010803717247452164
MX_mx-256k_s1234,MX,1234,256k,MX,256000,0.03375,W3,0.0017758213649973502,0.0005210271874290115,0.0025605147382264256,0.01081375354562581,0.03551686913668967,0.006214724134179753,0.006577881894256298,0.001048424252384491,0.9349709837462109,0.018597929119619067,0.9982241786350027,4.967931402247105,rem,4.172568810112503,0.9890783022538489,0.0019566443825128474
MX_mx-256k_s1234,MX,1234,256k,MX,256000,0.03375,W4,0.0015279214201240766,0.0003341063927548662,0.0005248223754378588,0.003606955328016028,0.01155671353335614,0.0023398622158679015,0.0024837809775229034,0.0004885345598223521,0.9771373031970979,0.006769458496461148,0.998472078579876,4.868887860731664,rem,4.411954759439575,0.9978238905235352,0.0018431314020832786
MX_mx-256k_s1234,MX,1234,256k,MX,256000,0.03375,PRE,0.03201638482052181,0.0002931197312014756,0.0037402107886265433,0.0056617024906842435,0.009052010795110992,0.0024793652698371174,0.008898753228523288,0.001776235032079365,0.936082217843415,0.010210422523802202,0.9679836151794782,3.177636304164111,rem,4.24131015831372,0.9997846671858277,0.18724149887502947
MX_mx-256k_s1234,MX,1234,256k,MX,256000,0.03375,POST,0.0012266196629329314,0.0003305682905251159,0.0024169504849915267,0.007411790926522109,0.017550568135677583,0.005278488176690373,0.005500253812767854,0.0015564789362421652,0.9587282815736503,0.014577326329979764,0.9987733803370671,5.067953487232308,rem,4.424379933592097,0.9997086540897913,0.0027252823271862923
MX_mx-256k_s1235,MX,1235,256k,MX,256000,0.034,FULL,0.01366992024354313,0.0024045298902755302,0.016464727502721176,0.005142739218184414,0.02039693265632419,0.018028082559826648,0.03882087967356119,0.011184519368652316,0.8738876688869113,0.0367598710369389,0.9863300797564569,5.231999003476065,rem,1.3557198772358732,0.9997650895899904,0.08130877313515791
MX_mx-256k_s1235,MX,1235,256k,MX,256000,0.034,W1,0.05315392218644411,0.0023031065641874013,0.015367092779468754,0.007078884466430908,0.05274949477148003,0.010529084066743436,0.038059066278955146,0.010750570964310452,0.8100087779219799,0.0306616460616722,0.9468460778135559,4.271339236455505,rem,1.312705213241739,0.9997783089535305,0.27753177763308506
MX_mx-256k_s1235,MX,1235,256k,MX,256000,0.034,W2,0.0015101466361949062,0.0012366975516575449,0.006451529962132557,0.00506682922660844,0.0061326400761135234,0.01235873768799071,0.049579077301361026,0.0125851283959263,0.9050792131620147,0.031247392862182994,0.9984898533638051,6.280559434629801,rem,1.6256085994577094,0.9934671495506116,0.0017480156743885456
MX_mx-256k_s1235,MX,1235,256k,MX,256000,0.034,W3,0.0012735444735232832,0.0017807226705662533,0.01807453044148542,0.0030286503945576334,0.016366781220367766,0.027198233814706305,0.012198209854417497,0.011610342921755291,0.9084689842086202,0.04361794980158548,0.9987264555264768,5.402176516749133,rem,1.4201144972105262,0.9927727643107633,0.0018301775221440668
MX_mx-256k_s1235,MX,1235,256k,MX,256000,0.034,W4,0.0018700667071225269,0.00706322743834496,0.04235459762099898,0.006277531759382771,0.009706226120708867,0.02783305622375753,0.06621880447922626,0.0072617511643696415,0.8314147384860884,0.048435566585854906,0.9981299332928775,5.370134624878013,rem,0.985038229059507,0.996577188009895,0.002425572284967254
MX_mx-256k_s1235,MX,1235,256k,MX,256000,0.034,PRE,0.3145108886096263,0.005646905180112021,0.037036458260408495,0.004657306940761231,0.1480326092491707,0.0034874334219064714,0.06078154829325878,0.008885866850753042,0.4169609831940033,0.022677512393532766,0.6854891113903737,2.93837748721421,rem,1.317425903029381,0.999784653552818,0.780087861952534
MX_mx-256k_s1235,MX,1235,256k,MX,256000,0.034,POST,0.00371118324611853,0.002297197558067581,0.01578374160738148,0.005158808480317075,0.016171809523726887,0.01850942159194998,0.038093915775462596,0.01126061165089218,0.8890133105660836,0.03722603928122682,0.9962888167538815,5.630854664635113,rem,1.3570452695469042,0.999524249888411,0.008887610718859417
MX_mx-256k_s1236,MX,1236,256k,MX,256000,0.05625,FULL,0.003327113449708375,0.00036072196299856483,0.006563819467444324,0.0028573330900158594,0.017631349492235455,0.0012875460356110465,0.03401450102332002,0.013952582535200098,0.9200050329434662,0.018458183623825567,0.9966728865502916,6.010047343578702,rem,2.4524990063155605,0.9998985046441738,0.03509423937341737
MX_mx-256k_s1236,MX,1236,256k,MX,256000,0.05625,W1,0.007697535373377475,0.00048121411573154944,0.008062125048946872,0.001256899745240536,0.02307669190166516,0.0011965061102799115,0.03759487140361976,0.007743019660887073,0.9128911366402511,0.01067763963213907,0.9923024646266225,5.573998698729965,rem,2.8288546395265524,0.9999178663026768,0.09626563921640983
MX_mx-256k_s1236,MX,1236,256k,MX,256000,0.05625,W2,0.0007297115327748792,0.00024199387119758318,0.007335776190251029,0.004991703774404675,0.014861142309805127,0.0018007928947335662,0.0413279190575925,0.01265105814489353,0.9160599022243472,0.019685548685229353,0.9992702884672251,6.180624328194968,rem,2.4887010522532726,0.9945305941953618,0.0008627838716862571
MX_mx-256k_s1236,MX,1236,256k,MX,256000,0.05625,W3,0.0023966470709297655,0.00035517864785962326,0.005994288995134796,0.0035853592213485976,0.017933099045638314,0.0007562000218014101,0.0301957638856528,0.013634019033795462,0.925149444077839,0.018330756924805094,0.9976033529290702,6.013001473688833,rem,2.210007895326054,0.9931139173202939,0.002760869301753
MX_mx-256k_s1236,MX,1236,256k,MX,256000,0.05625,W4,0.0003808909934884575,0.00031850688672980826,0.003725662050031183,0.002078458576508693,0.01194101632292157,0.0013179053675560213,0.0228262771981856,0.02598303067864804,0.9314282519259306,0.029697901509442563,0.9996191090065115,6.64660647657974,rem,2.2277607075019454,0.9934083579012701,0.00046477386680118376
MX_mx-256k_s1236,MX,1236,256k,MX,256000,0.05625,PRE,0.023166766199773474,0.000927788435806779,0.01437549654859159,0.0029947530036055006,0.009521591453026206,0.00042302405805807943,0.022685836532250744,0.007773438273033826,0.9181313054958536,0.012119003770504186,0.9768332338002266,4.290557097344451,rem,2.9630427670716086,0.9999247286810108,0.28122818516136977
MX_mx-256k_s1236,MX,1236,256k,MX,256000,0.05625,POST,0.0014961038689389051,0.0003083871687496288,0.005842876628492107,0.002844650550581275,0.018379802343430927,0.0013673331187635006,0.03506002805354503,0.014522858259655309,0.9201779600078436,0.019043229097749713,0.998503896131061,6.172808703266017,rem,2.417617799270078,0.9996371053582732,0.004283299388281773
MX_mx-384k_s1234,MX,1234,384k,MX,384000,0.035,FULL,0.0014592016989522822,0.00011417936444333848,0.008600212178130583,0.0005618477907485412,0.01775885702417143,0.000982585248747367,0.029093052504178898,0.0005919230911146493,0.940838141099513,0.0022505354950538956,0.9985407983010477,5.625450977741263,rem,4.2445666442467465,0.9997348759663673,0.011135389211841772
MX_mx-384k_s1234,MX,1234,384k,MX,384000,0.035,W1,0.003937355205066999,4.818622447016138e-05,0.005678113015590464,0.0010926112270970814,0.014241207223522534,0.0008351672901685622,0.02087341947620624,0.0003327461807960176,0.9529611941570821,0.0023087109225318225,0.996062644794933,5.323933139031987,rem,4.300251516419716,0.9997433943806178,0.03993253978976213
MX_mx-384k_s1234,MX,1234,384k,MX,384000,0.035,W2,0.00016797805146545502,3.750208152170405e-05,0.006497145981523265,0.00018891416094466557,0.010314730487045115,0.0015896090983850023,0.019992807791738693,0.0007009739084892852,0.960510338438887,0.0025169992493406573,0.9998320219485346,5.752362027386152,rem,4.3955049554202485,0.9981900793348509,0.00028549325857870825
MX_mx-384k_s1234,MX,1234,384k,MX,384000,0.035,W3,0.0009574178711175461,0.0003277922801471095,0.016987759270557297,0.0008052799313356126,0.012795607409524633,0.0010426718659291582,0.033666173157540474,0.0010582986401444945,0.9323589995737039,0.003234042717556375,0.9990425821288824,5.472436349295309,rem,4.1574238242076635,0.9957155759849563,0.001068982880807057
MX_mx-384k_s1234,MX,1234,384k,MX,384000,0.035,W4,0.0007180736837038101,5.637942436094144e-05,0.005660510959497424,0.00015537289473124596,0.03515837693967256,0.0003920296613769033,0.04382906204511425,0.0002773451789613702,0.9137528492125816,0.000881127159430461,0.9992819263162962,5.8622239782756225,rem,4.118832077333172,0.9991485377290507,0.0009184032497185538
MX_mx-384k_s1234,MX,1234,384k,MX,384000,0.035,PRE,0.025585567483313018,2.436407588091758e-05,0.004684920454604731,0.004516706844046129,0.01320928570986023,0.0005172035745521188,0.03188027246166924,0.0006871838873229398,0.9188944955087509,0.005745458381802106,0.974414432516687,4.383980038498107,rem,3.8878388827652697,0.9997184356942854,0.225755180682715
MX_mx-384k_s1234,MX,1234,384k,MX,384000,0.035,POST,0.0007093614852326846,0.00011697079667863146,0.008721898270805443,0.0004389319573295737,0.01790025633632424,0.0009970491716257124,0.029006426543713586,0.0005889624141346863,0.9415201430241557,0.002141914339768604,0.9992906385147673,5.678963744524041,rem,4.2572831526271,0.9997865885003194,0.002748448966640438
MX_mx-384k_s1235,MX,1235,384k,MX,384000,0.05675,FULL,0.01326894271394007,0.0001237853464277411,0.06754195788882694,0.0035810809437565047,0.024555611575459782,0.005319931740564452,0.038843291319501976,0.0059856865607365185,0.8407797119107859,0.015010484591485218,0.9867310572860599,4.4275318136366915,rem,0.943926462729743,0.999955196049527,0.20991045095057892
MX_mx-384k_s1235,MX,1235,384k,MX,384000,0.05675,W1,0.05396734066395806,0.00010076707494962757,0.09385999605330528,0.00486610439876505,0.03654852496293212,0.011907661012222414,0.06730883562141653,0.0058663555011489645,0.7255744147113021,0.022740887987086057,0.946032659336042,4.108562121238812,rem,0.91745554455384,0.9999591093241534,0.5371073200857291
MX_mx-384k_s1235,MX,1235,384k,MX,384000,0.05675,W2,0.0005825993947793562,6.890383259650647e-05,0.04435298465563881,0.002111732873454845,0.02334352780794241,0.00039762840464499673,0.025875196818089606,0.008247980450286477,0.8950194457625672,0.010826245560982826,0.9994174006052207,4.843181930315189,rem,1.138631727479385,0.996870185869104,0.0008772999750656365
MX_mx-384k_s1235,MX,1235,384k,MX,384000,0.05675,W3,0.000638180648840609,8.891820553009313e-05,0.07441932638656912,0.0022395876006012154,0.017730180425850676,0.0029096285332082927,0.01739896785226991,0.0027247257008266956,0.8818504846463034,0.007962860040166298,0.9993618193511594,4.085768774234042,rem,0.9946985213165568,0.9982049064231194,0.0013858618263265525
MX_mx-384k_s1235,MX,1235,384k,MX,384000,0.05675,W4,0.00047883820039830135,0.0004104050304103799,0.06967060292124767,0.008485483598557886,0.020317976147580765,0.012594282479051042,0.07062027737666222,0.0068894063390775445,0.810532727907014,0.028379577447096852,0.9995211617996017,5.124189252612361,rem,0.6608712527624383,0.9989008663828155,0.002473109848919742
MX_mx-384k_s1235,MX,1235,384k,MX,384000,0.05675,PRE,0.13981571884957383,7.486231176461906e-05,0.06504942662931165,0.004465769182661146,0.03515677876330951,0.01835791893103068,0.10502103986776248,0.00584720703303636,0.6262112784315499,0.028745757458492806,0.8601842811504261,3.8011664366733755,rem,1.0462596452689306,0.9999607246442442,0.7927756621279671
MX_mx-384k_s1235,MX,1235,384k,MX,384000,0.05675,POST,0.003580540436801109,0.00012753088665333107,0.06773278570971628,0.003513349344342421,0.02374398779918111,0.004321745388902409,0.03377673277640877,0.005996288532690899,0.8572070391253035,0.013958914152589059,0.9964194595631989,4.553062012019277,rem,0.9372747894167291,0.9999021669997672,0.028330318703556432
MX_mx-384k_s1236,MX,1236,384k,MX,384000,0.05675,FULL,0.0058848097282728044,0.0005963691596942383,0.03517949515195658,0.0023499878205098016,0.0266441119345894,0.0026799642613233995,0.002669325498982466,0.0018463142573341604,0.9221496221873371,0.0074726354988616,0.9941151902717272,3.914844489405099,rem,1.6052923838591675,0.9999504262620577,0.08600278556229239
MX_mx-384k_s1236,MX,1236,384k,MX,384000,0.05675,W1,0.01319434756353496,0.0003525602305084301,0.0063521056557481895,0.002371357668157107,0.011830391400591797,0.0023223291439598793,0.00210433393084713,0.0011915139626004526,0.9602810604440521,0.006237761005225869,0.986805652436465,3.5194695102816,rem,1.8293089056948924,0.9999586492626032,0.22089904162942586
MX_mx-384k_s1236,MX,1236,384k,MX,384000,0.05675,W2,0.0018113944520135115,0.0008370281783698758,0.025930576074640117,0.0014022836812787912,0.028121270579216918,0.0031438457486249183,0.0027202288783018014,0.0017131535119962662,0.9343202188955578,0.007096311120269851,0.9981886055479865,4.2494442992415635,rem,1.5689234182080953,0.9982661678693551,0.0024742938891879653
MX_mx-384k_s1236,MX,1236,384k,MX,384000,0.05675,W3,0.003541092253639763,0.0011354935522696979,0.07695909148845718,0.0029554401926671636,0.055282406350456365,0.0024668908796240704,0.002008500495145646,0.001672468386436044,0.8539786164013041,0.008230293010996976,0.9964589077463603,3.884114286579178,rem,1.5151573814467023,0.9973306427830015,0.004721418926277241
MX_mx-384k_s1236,MX,1236,384k,MX,384000,0.05675,W4,0.0016771699346140707,0.00013794992997844983,0.04613974494216587,0.002746134232958454,0.017812753074182192,0.0029318416625404168,0.004169505584238054,0.0031818327051599065,0.9212030679341627,0.008997758530637227,0.9983228300653859,3.967830338480308,rem,1.4826009699234393,0.9958200854717839,0.0023832446095665405
MX_mx-384k_s1236,MX,1236,384k,MX,384000,0.05675,PRE,0.03516869105229314,0.0005920679589294992,0.007237775734418204,0.001580493614554176,0.009503855897956832,0.0024214225175640917,0.000885677554944721,0.000963809408447343,0.941646206260892,0.00555779349949511,0.9648313089477069,2.405090609985922,rem,2.0874293443671883,0.9999623684573408,0.4570962336637267
MX_mx-384k_s1236,MX,1236,384k,MX,384000,0.05675,POST,0.0027076585548274023,0.0005968358179526059,0.03821102863118483,0.0024334740016058167,0.028503741946655916,0.0027080147166397765,0.00286284216761357,0.0019420615145091212,0.9200343426490112,0.00768038605070732,0.9972923414451726,4.03437560698307,rem,1.570851616237765,0.9998689770676956,0.015304406938627169
MX_mx-512k_s1234,MX,1234,512k,MX,512000,0.07875,FULL,0.0032007077864589246,5.482903594458822e-05,0.002032346353576793,0.0009591988084762741,0.0034502598414156704,0.0015214752712858098,0.0033847516524226763,0.0020519139248743475,0.983344517325545,0.004587417040581019,0.996799292213541,4.787187829507855,rem,1.6465033501633175,0.9999707513562429,0.09505135123855371
MX_mx-512k_s1234,MX,1234,512k,MX,512000,0.07875,W1,0.0110833791950973,0.00013435778474503581,0.004078681341256331,0.0004536946466774306,0.003602342353503075,0.0012360854159094963,0.004824699275467612,0.0013177992178144689,0.9732689607695291,0.003141937065146432,0.9889166208049027,3.559398850470802,rem,1.6508979547735971,0.9999728650650831,0.2933190317142086
MX_mx-512k_s1234,MX,1234,512k,MX,512000,0.07875,W2,0.0006422155217573372,2.1279859224062167e-05,0.0016127689696732955,0.0010375337487234925,0.002686528291817179,0.001701596190906033,0.0018308442650898102,0.0029489837742244533,0.9875182493785842,0.005709393573078041,0.9993577844782426,5.586012564490558,rem,1.635064267371945,0.9996360089062449,0.0015713330590255018
MX_mx-512k_s1234,MX,1234,512k,MX,512000,0.07875,W3,0.0006049058045030612,3.06933175412544e-05,0.0010457686552629924,0.001678092759715868,0.004412583936157796,0.0018541629783794418,0.0018782351981775382,0.0015115539409145766,0.9869840034093477,0.005074502996551141,0.999395094195497,5.296862551375843,rem,1.7252581514838714,0.9974262948524051,0.0007929190054266528
MX_mx-512k_s1234,MX,1234,512k,MX,512000,0.07875,W4,0.0003286007997255521,3.1755083101526545e-05,0.0013989088588330781,0.0005700876888892711,0.002947741481403058,0.0012428494681115303,0.005281766047240195,0.002548980976338309,0.9856493095963578,0.004393673216440637,0.9996713992002745,6.022651191270881,rem,1.5711022555589924,0.9996985611464978,0.0013077854835780085
MX_mx-512k_s1234,MX,1234,512k,MX,512000,0.07875,PRE,0.023464947914238806,0.00015719998628931697,0.007751300102914093,0.0010177886993669798,0.0017295402092982104,0.002840755080956496,0.008096884613758971,0.001632658873733882,0.9533089245194432,0.005648402640346675,0.9765350520857612,3.138417701953825,rem,1.8529979402619396,0.99997313416757,0.48897843004094554
MX_mx-512k_s1234,MX,1234,512k,MX,512000,0.07875,POST,0.0009210134842156016,4.331246928605441e-05,0.0013889732887617673,0.000952607540331485,0.0036438380223077762,0.0013730584223831973,0.002854644300968382,0.0020990794413331356,0.9867234730304127,0.004468057873333873,0.9990789865157844,5.439500473211868,rem,1.6273513338252588,0.9999460745607083,0.0112039357845488
MX_mx-512k_s1235,MX,1235,512k,MX,512000,0.08,FULL,0.00879309159955682,0.00010070504357350873,0.03135264462655993,0.000831454825119025,0.027397088277154844,0.005005035722373055,0.011702889915243238,0.00195518620000813,0.9128619037904113,0.00789238179107372,0.9912069084004432,4.257100461563912,rem,1.0659144076926983,0.9999579871986829,0.20495194389851645
MX_mx-512k_s1235,MX,1235,512k,MX,512000,0.08,W1,0.03250886825551844,0.00023634898836223106,0.07664609763179416,0.0007642342116423161,0.03590351703814348,0.004245110972751622,0.02576104181915739,0.001489454586886415,0.8224453264957439,0.006735148759642585,0.9674911317444815,3.735232440472582,rem,0.9729594823505042,0.9999603849734844,0.5545505648542698
MX_mx-512k_s1235,MX,1235,512k,MX,512000,0.08,W2,0.0018846881671079477,2.9615858052336188e-05,0.010036029218852929,0.0005288064172052901,0.019756532343208733,0.0028475738263614935,0.004472949614755567,0.0018721639946013033,0.9585716405598547,0.005278160096220424,0.998115311832892,4.738862455476817,rem,1.2717848137875478,0.9989348042698701,0.0028526839884884135
MX_mx-512k_s1235,MX,1235,512k,MX,512000,0.08,W3,0.0027017622984788986,9.525037689756932e-05,0.020481922732902454,0.0006540192411787272,0.033319561331191266,0.004926376722001621,0.012315826779383466,0.0027155348843472178,0.922789745633619,0.008391181224425136,0.9972982377015212,4.805647187398523,rem,1.109078998524493,0.9983574695026605,0.003640270065568085
MX_mx-512k_s1235,MX,1235,512k,MX,512000,0.08,W4,0.003522863996097218,9.040965896757778e-05,0.03750874619276788,0.0018578441476729813,0.02334972049158746,0.01073783495096335,0.008412501460559515,0.001481057756718259,0.9130390213446661,0.014167146514322167,0.9964771360039028,4.318866792115731,rem,0.8672181347416986,0.9992524963773901,0.005241725636747938
MX_mx-512k_s1235,MX,1235,512k,MX,512000,0.08,PRE,0.04775996217837625,0.00020328540542023546,0.07913930410145477,0.0005332135434403145,0.04216723517540891,0.002685793141051625,0.027256036934957338,0.002333415421346777,0.7979217540985436,0.005755707511258952,0.9522400378216238,3.583403116331949,rem,1.2859204099571853,0.9999588149522222,0.6755891023799997
MX_mx-512k_s1235,MX,1235,512k,MX,512000,0.08,POST,0.0036698213487911047,8.721802477123987e-05,0.02506976978353178,0.0008706668702044548,0.025455144952499047,0.005309964148615516,0.009657999621302153,0.0019054575333517989,0.9279739577169328,0.008173306576943009,0.9963301786512089,4.505612014949732,rem,1.0446426531567297,0.9999489806273083,0.027182605445580297
MX_mx-512k_s1236,MX,1236,512k,MX,512000,0.08025,FULL,0.006119645186522004,9.459792391797583e-05,0.028113822510080308,0.0015259231469052688,0.05077979583280145,0.002072711554505837,0.03485492475525571,0.008571141746329926,0.8678674373436814,0.012264374371659007,0.993880354813478,5.113371324357516,rem,1.309992217256608,0.9999675797507305,0.14788845123837152
MX_mx-512k_s1236,MX,1236,512k,MX,512000,0.08025,W1,0.013353932158113242,2.3475384680919183e-05,0.02281350354683482,0.0004263488665907426,0.024569664832911862,0.0003163051596625637,0.02415930262658605,0.00836857601895378,0.9059688914056659,0.009134705429888005,0.9866460678418868,4.725634711078854,rem,1.5429027409703415,0.9999714833058532,0.3310051325488714
MX_mx-512k_s1236,MX,1236,512k,MX,512000,0.08025,W2,0.0023933061341049958,0.00013129619964750625,0.03802884276517459,0.0013995339667798124,0.07183008654189105,0.00242896043732202,0.040447502615421294,0.007085575508286863,0.8362548958313719,0.011045366112036202,0.997606693865895,5.104774794016839,rem,1.3078193306271575,0.9989957907686783,0.003782808669471112
MX_mx-512k_s1236,MX,1236,512k,MX,512000,0.08025,W3,0.003209827611849036,9.309854056570215e-05,0.02375527497314186,0.002719824121708304,0.057524694515266164,0.0043408276810124775,0.04915059341777607,0.007201814437373752,0.8520040447013065,0.014355564780660236,0.9967901723881509,5.411487446185214,rem,1.2070144549173416,0.9983947485795066,0.0043376392441347635
MX_mx-512k_s1236,MX,1236,512k,MX,512000,0.08025,W4,0.0009742118846421584,0.00017855382795580819,0.02972301755349498,0.0023765555207336114,0.06379319021798324,0.0023022409889540897,0.03124940217478993,0.012401227355390117,0.857001600476056,0.017258577693033628,0.9990257881153578,5.2500001949221735,rem,1.1450670368959632,0.9972951874422911,0.0014424401644176992
MX_mx-512k_s1236,MX,1236,512k,MX,512000,0.08025,PRE,0.023539211328061818,1.9759023344151666e-05,0.014197432864850309,0.00017100198806673197,0.0066862399801589,0.0003016845666949719,0.017112174600379233,0.005829482568997844,0.9321430130794458,0.006321928147103699,0.9764607886719382,3.9571080026224306,rem,1.7894964754954878,0.9999728993856696,0.5088965420049189
MX_mx-512k_s1236,MX,1236,512k,MX,512000,0.08025,POST,0.002980031788256243,0.00010808650411818785,0.030622041315912667,0.0017701271982185243,0.058726992542942884,0.0023919123896151404,0.03805278718510657,0.009065284356811108,0.8562827367190186,0.013335410448762961,0.9970199682117438,5.211768180384393,rem,1.258416604462056,0.9999151630785061,0.020740833516221798
MX_mx-640k_s1234,MX,1234,640k,MX,640000,0.081,FULL,0.0025116920342752526,1.7083408428383523e-05,0.003650267133071766,0.00016887080602944135,0.0018363046241179743,0.0004705165554295266,0.004190619282632863,0.0009482015773207068,0.986206444578694,0.0016046723472080582,0.9974883079657247,4.574361837642444,rem,1.7499644452563985,0.9999628764178693,0.0894992559716506
MX_mx-640k_s1234,MX,1234,640k,MX,640000,0.081,W1,0.008168471514183269,2.204482578424099e-05,0.006001406417897901,0.00014604292161856568,0.0031447269219804313,0.0005976550447028602,0.007345525017635122,0.0013192988970861731,0.9732548284391114,0.00208504168919184,0.9918315284858167,4.0412372393315605,rem,1.7967400218738176,0.9999645286422258,0.2699409370355746
MX_mx-640k_s1234,MX,1234,640k,MX,640000,0.081,W2,0.0005440668178601697,9.376062975912582e-06,0.003626359436635726,0.00029979437695620267,0.0016331610881661514,0.0005087727655131995,0.0041436877844227005,0.0009341732589480442,0.9883006084085219,0.0017521164643933588,0.9994559331821399,5.157423519522862,rem,1.7085439957469994,0.9996537766173315,0.001412681692450118
MX_mx-640k_s1234,MX,1234,640k,MX,640000,0.081,W3,0.00061990514816916,9.35888048508746e-06,0.0038022738156223953,0.00015800175574890503,0.0019383679388377726,0.0001705595159352439,0.004429058708883242,0.0008538440140301543,0.9880186302222881,0.0011917641661993907,0.9993800948518309,5.110167900595307,rem,1.7010871734502453,0.9981500687537799,0.0008595428347196046
MX_mx-640k_s1234,MX,1234,640k,MX,640000,0.081,W4,0.000269860685284179,2.6034285738218746e-05,0.0011492643867351555,8.267216007996342e-05,0.0006015124021546511,0.0005773392407332642,0.000817035280504312,0.0006695694758009794,0.9958067120829693,0.001355615162352426,0.9997301393147158,5.162491035847036,rem,1.790832259646507,0.9996793299469369,0.0009675987627710585
MX_mx-640k_s1234,MX,1234,640k,MX,640000,0.081,PRE,0.01785989492988218,9.45690248440733e-06,0.011204056099502481,8.63112242949013e-05,0.006697907526098621,0.0003897729271894775,0.013709966893252422,0.0014456795907930656,0.9485969539065024,0.0019312206447618518,0.9821401050701178,3.7974325830463207,rem,1.9398301182252409,0.999962477654539,0.4717553949653642
MX_mx-640k_s1234,MX,1234,640k,MX,640000,0.081,POST,0.0007957632012577612,1.7936051668341866e-05,0.002805753650015203,0.00017810096591876047,0.0012927774990903363,0.00047954369174782495,0.00312635637526319,0.0008925835435407513,0.9904111850214979,0.0015681642528756787,0.9992042367987423,5.039998461516996,rem,1.7320317166238899,0.9999664781497188,0.010748456075094394
MX_mx-640k_s1235,MX,1235,640k,MX,640000,0.10325000000000001,FULL,0.008202428609459023,7.676109005868998e-05,0.010407650698693965,0.001226335549565266,0.021501114262730926,0.0027299850261163013,0.007287349241245246,0.0038698376915905896,0.9446985378305398,0.007902919357330847,0.9917975713905409,4.526821949275011,rem,0.8635054058637635,0.9999857028105751,0.31087289584216987
MX_mx-640k_s1235,MX,1235,640k,MX,640000,0.10325000000000001,W1,0.045887449530496956,0.00021932037148994816,0.011093112153565107,0.0020466709421261605,0.039320504010522825,0.005622754246167472,0.00983578156989671,0.007185844876950958,0.8787885622987835,0.01507459043673454,0.954112550469503,3.666884862242014,rem,0.7183663120919457,0.999987161462165,0.7285037563271767
MX_mx-640k_s1235,MX,1235,640k,MX,640000,0.10325000000000001,W2,0.00021332633024539522,5.542713565312888e-05,0.006262805575818073,0.0010225024674514439,0.010468642205738378,0.0018489553478090947,0.0024175296526682236,0.005406121537612598,0.9723046897470033,0.008333006488526267,0.9997866736697546,5.300941886652201,rem,1.0699207557521606,0.9996663306465433,0.002246170290732952
MX_mx-640k_s1235,MX,1235,640k,MX,640000,0.10325000000000001,W3,0.00018163691582356346,3.8594152310861816e-05,0.005073237174936239,0.0012860908010499722,0.016513168978709573,0.0016282142218415373,0.010386605732715513,0.0014552007096493118,0.9634372513129633,0.004408099884851683,0.9998183630841765,5.396363322383622,rem,0.9754598010550344,0.9989624643539509,0.0008669339436953675
MX_mx-640k_s1235,MX,1235,640k,MX,640000,0.10325000000000001,W4,0.000608749380569134,4.070100767560951e-05,0.03584157117109881,0.0005538149157224139,0.04328575849489225,0.004213841305225839,0.010780975293697403,0.00068261710525345,0.9039919713258648,0.005490974333877311,0.9993912506194309,4.510765763618928,rem,0.610000549042741,0.999075350439509,0.0021562065762451964
MX_mx-640k_s1235,MX,1235,640k,MX,640000,0.10325000000000001,PRE,0.05740721032969332,0.0001536532704561729,0.01026096312196073,0.0015977845388349796,0.03887908589834407,0.0028756148573147477,0.008975195280394354,0.007427916302656223,0.8724225764003453,0.012054968969262125,0.9425927896703067,3.3609971757777974,rem,0.9340425589996243,0.9999873325160566,0.7824826415516524
MX_mx-640k_s1235,MX,1235,640k,MX,640000,0.10325000000000001,POST,0.0014009131987788763,6.613238017216259e-05,0.010427927138885877,0.001174990620546699,0.0190989789873827,0.002709854796766183,0.007054040395137569,0.003378008937158324,0.9546891535451716,0.007328986734643368,0.9985990868012211,4.980558022982149,rem,0.8549603573283472,0.9999650127726809,0.0385130365817389
MX_mx-640k_s1236,MX,1236,640k,MX,640000,0.10350000000000001,FULL,0.00622913262718967,0.0007785049612314026,0.019733578051348143,0.003791104922797429,0.04240891098536219,0.003741065161896466,0.012859905668025294,0.004825584968947605,0.9056322126532019,0.013136260014872904,0.9937708673728103,4.718413711285789,rem,1.1841238496442967,0.9999393121153201,0.19732454991865647
MX_mx-640k_s1236,MX,1236,640k,MX,640000,0.10350000000000001,W1,0.01106800042632666,0.0004669753131582903,0.01893851485335838,0.00555660957387873,0.04063925095576078,0.0032944547740124887,0.007058064959515243,0.005396078682866233,0.9075820504611233,0.014714118343915741,0.9889319995736734,4.399383491402984,rem,1.4395371424779917,0.999942260098784,0.3958012213275833
MX_mx-640k_s1236,MX,1236,640k,MX,640000,0.10350000000000001,W2,0.0027290938125850094,0.0007757449484427642,0.014653169281044624,0.0018399814686541666,0.035416245015000854,0.0035413489769433497,0.020682068518272638,0.0035593113458174536,0.9168030366332397,0.009716386739857735,0.997270906187415,5.134542049031097,rem,1.1190921211666076,0.9992999041364302,0.005738534863121502
MX_mx-640k_s1236,MX,1236,640k,MX,640000,0.10350000000000001,W3,0.003361473470529465,0.0012717208822490094,0.03239635786538134,0.001587319008070947,0.06039698656258632,0.004632940081719482,0.018596824318743734,0.004343049093401721,0.8734133287173178,0.01183502906544116,0.9966385265294705,4.772603584748622,rem,1.0931129586815915,0.9985808491004763,0.004966491859181144
MX_mx-640k_s1236,MX,1236,640k,MX,640000,0.10350000000000001,W4,0.004108854135446124,0.0008383478525696677,0.01317515400882941,0.0050727733661125604,0.0340672133908655,0.003849323583858593,0.008677873541013034,0.005721350632946052,0.924489109488359,0.015481795435486874,0.9958911458645539,4.8410240054487055,rem,1.04101196985001,0.9982392717013929,0.005063421059391284
MX_mx-640k_s1236,MX,1236,640k,MX,640000,0.10350000000000001,PRE,0.01556124638368314,0.0006972981403035632,0.02564595853563176,0.00539669072669423,0.030235243596572262,0.0026149912020134694,0.006529631372173542,0.004017231130601248,0.909301708912327,0.012726211199612508,0.9844387536163168,3.9713197536958114,rem,1.7350161273226161,0.9999405314460261,0.5027069807157318
MX_mx-640k_s1236,MX,1236,640k,MX,640000,0.10350000000000001,POST,0.0035533936424072213,0.000801788888351953,0.018038357936435073,0.0033307452828486963,0.045899390984847306,0.0040639373506447815,0.014674945878608986,0.005057359241657995,0.9045800807941979,0.013253830763503427,0.9964466063575927,4.922023665294463,rem,1.1026816723913684,0.9999247589606837,0.027899613674334273
