state,problem,seed,level,trajectories,pde_evaluations,collapse_time_s,n_g1,L_W1,cos_g1_full,C_12,C_13,C_14,n_g2,L_W2,cos_g2_full,C_23,C_24,n_g3,L_W3,cos_g3_full,C_34,n_g4,L_W4,cos_g4_full,minC,frac_neg,starv,max_late_over_early,cos_behind_front,cos_front_ahead,cos_behind_ahead,n_g_BEHIND,n_g_FRONT,n_g_AHEAD,front_over_behind,ahead_over_front,D_FULL.C_st,D_FULL.n_gtime,D_FULL.n_gspace,D_FULL.ratio_space_time,D_FULL.C_TS,D_FULL.chi,D_FULL.n_gT,D_FULL.n_gS,D_FULL.n_g,D_FULL.L,D_FULL.L_time,D_FULL.L_space,D_W1.C_st,D_W1.n_gtime,D_W1.n_gspace,D_W1.ratio_space_time,D_W1.C_TS,D_W1.chi,D_W1.n_gT,D_W1.n_gS,D_W1.n_g,D_W1.L,D_W1.L_time,D_W1.L_space,D_W2.C_st,D_W2.n_gtime,D_W2.n_gspace,D_W2.ratio_space_time,D_W2.C_TS,D_W2.chi,D_W2.n_gT,D_W2.n_gS,D_W2.n_g,D_W2.L,D_W2.L_time,D_W2.L_space,D_W3.C_st,D_W3.n_gtime,D_W3.n_gspace,D_W3.ratio_space_time,D_W3.C_TS,D_W3.chi,D_W3.n_gT,D_W3.n_gS,D_W3.n_g,D_W3.L,D_W3.L_time,D_W3.L_space,D_W4.C_st,D_W4.n_gtime,D_W4.n_gspace,D_W4.ratio_space_time,D_W4.C_TS,D_W4.chi,D_W4.n_gT,D_W4.n_gS,D_W4.n_g,D_W4.L,D_W4.L_time,D_W4.L_space,D_BEHIND.C_st,D_BEHIND.n_gtime,D_BEHIND.n_gspace,D_BEHIND.ratio_space_time,D_BEHIND.C_TS,D_BEHIND.chi,D_BEHIND.n_gT,D_BEHIND.n_gS,D_BEHIND.n_g,D_BEHIND.L,D_BEHIND.L_time,D_BEHIND.L_space
FF_b1-128k_s1234,FF,1234,128k,FF-B1+FF-LBFGS,128000,0.0345,65370.68457157387,2372.313832588632,0.8558756859719145,0.7742612833600045,0.7897174230956052,0.6059004629343967,99846.71087114052,211.83461853856625,0.9657802893246056,0.9215606839448974,0.7877756554807798,99954.09355150654,224.70643860355466,0.9598320695880075,0.7480417738861368,72037.52991133792,159.51381362380027,0.8552662395481968,0.6059004629343967,0.0,1.1019852458859378,1.5290354415987117,nan,0.41142155602965996,nan,nan,97706.22388646792,80841.57915114715,nan,0.8273943658398154,0.3735535632526842,111841.919687498,165001.68466720943,1.4753116284864143,-0.04595671493504157,0.8418936584988961,15383.259804387417,76650.20946919739,77482.39415108405,742.0921758386384,6821.661612192026,8298.120522164176,0.7931751701865206,445723.3804263209,343536.5973756647,0.7707394596331976,-0.5417128307476824,0.4832404872604773,62540.65705208699,72735.02099005028,65370.68457157387,2372.313832588632,26945.482529489404,31680.678828034946,-0.32179118421367464,10188.41622959043,201403.30015150033,19.767871238569988,-0.626208530299798,0.9674883376736484,2071.2767909027284,101130.70196495969,99846.71087114052,211.83461853856625,153.10706653139505,594.9523958898976,0.16649678149847771,7117.72344205799,203710.12007837574,28.62012295598209,-0.3026692218567236,0.9771373460837521,1806.6887286366111,100486.08920284908,99954.09355150654,224.70643860355466,80.62723742018575,532.9785521228998,0.21854418798370112,4705.240666236221,148881.7311290457,31.641682474902606,-0.4446444061872995,0.9572979054575453,2243.743042061814,73007.15795819391,72037.52991133792,159.51381362380027,107.42961532712525,383.8723126089586,,,,,,,,,,,,
FF_b1-128k_s1235,FF,1235,128k,FF-B1+FF-LBFGS,128000,0.0345,88882.31487057944,2948.084371348879,0.2185926065093967,-0.0967691445874998,-0.30233168727153414,0.059553010975252015,98562.9193292061,199.42988901924537,0.913617088698504,0.850681020236907,0.8335196956021208,93251.66452557042,171.9422648415579,0.8116769107272025,0.7428140338775656,76119.67124903791,169.41079620992534,0.9140062679760083,-0.30233168727153414,0.3333333333333333,0.8564096396440048,1.1089148552523915,nan,-0.264997444190185,nan,nan,161148.000779461,72828.10120352867,nan,0.451933010966717,0.12553961731249477,109112.67628402488,131235.47026059913,1.202751822519573,-0.3370314475759015,0.7149760209785512,21445.671933500587,67627.89712230137,63685.46597787549,872.216830354902,6758.7191856226445,8005.6948618294355,0.4914499000718068,435640.4408493692,349975.00480413716,0.8033574755405858,-0.6421417586462285,0.44236808453819243,86108.58721769419,114815.29942156827,88882.31487057944,2948.084371348879,26528.64380358624,30629.76972452111,0.18240078425178297,7707.0771297877245,207342.7804567634,26.90290715469643,0.006065637098628487,0.9867027651580935,1345.6243796761096,98545.57164166466,98562.9193292061,199.42988901924537,168.23028360709398,553.2226755860181,-0.025644073594466108,6087.76378669109,186146.26683724477,30.577117207502837,-0.03298735233192103,0.9873355148872056,1164.972599111253,93282.82464863954,93251.66452557042,171.9422648415579,105.4697518115986,411.39019067996577,-0.07319457941077212,8596.986811517805,145823.82037437186,16.96220124230091,-0.17769881000931545,0.9674725326607356,2199.201736934621,76479.69474779986,76119.67124903791,169.41079620992534,232.53290348564644,428.39685653065067,,,,,,,,,,,,
FF_b1-128k_s1236,FF,1236,128k,FF-B1+FF-LBFGS,128000,0.05425,112658.22510796697,1913.2071390167387,0.913008186515493,0.7724668047945846,0.8635675215571273,0.7479249763438085,88141.46866142402,160.8269979984824,0.9449767413461349,0.9085997844740162,0.9125714407418554,123717.46419217323,201.87231886500683,0.9770491007847065,0.8919537753071944,72777.7784184411,132.28003523212885,0.9285127195771218,0.7479249763438085,0.0,0.6460050151570726,1.0981662818991471,nan,0.7507623102383346,nan,nan,177595.5188993456,86661.6261154928,nan,0.4879719187318534,0.7306309712201422,118645.7002520127,236067.1949222378,1.989681837780996,0.2811662482294534,0.9038693602952602,15512.560068954572,88098.27856403666,93650.66243485722,602.0466227780892,8808.299038404288,9848.355671228916,0.7846337753330451,474970.3031196466,477294.3540598592,1.0048930447334243,-0.23824912016064306,0.6518596780565555,63364.52832715127,109461.35567881222,112658.22510796697,1913.2071390167387,34979.81324845409,38239.60640710749,-0.1108781027649916,6781.209164023151,170407.15569441655,25.129317142802524,-0.2560536167308519,0.9833347687316937,1195.3042104587225,88439.9568055928,88141.46866142402,160.8269979984824,113.21090916196322,407.5731154917377,-0.01549902588344952,4479.683538933505,244036.25177640343,54.47622575466616,-0.1441491305868602,0.9850535312208081,1650.1108183421459,123944.55005135317,123717.46419217323,201.87231886500683,53.505022764402774,431.02897830567434,-0.044201015761875864,7050.930407398385,153764.0516203835,21.8076257651107,-0.3312907301340671,0.9719760805017685,1587.738725162383,73288.36149828203,72777.7784184411,132.28003523212885,86.66697323670115,315.2141840107615,,,,,,,,,,,,
FF_b1-256k_s1234,FF,1234,256k,FF-B1+FF-LBFGS,256000,0.079,119295.69872997203,1057.5765872560214,0.9255503490164009,0.8704435887325569,0.841076355225202,0.8432977518444844,142718.26308579763,215.96264007604088,0.9710600724261995,0.9374451158668257,0.8914530943210427,143277.13313765294,229.9961175512374,0.9612263952561427,0.8799675170890956,158083.15027232078,232.36169912242596,0.9528115496585529,0.841076355225202,0.0,1.3251370498289703,1.3251370498289703,nan,0.6566730263047331,nan,nan,107152.814984018,145478.7252270602,nan,1.3576752533170366,0.006526667896505603,133334.14237541612,246108.6070887401,1.8458033531711313,-0.15291791826830237,0.9437450726942112,7104.741233838717,135239.68302490463,134336.84901968337,433.97426100143144,12738.309671364264,14198.493352612806,0.8117581254207006,531995.302056317,469765.33364402776,0.8830253421942783,-0.34205711081553175,0.7717943977829183,28562.062330096713,126007.21035789473,119295.69872997203,1057.5765872560214,50641.19404375451,55185.994745231095,-0.03782494984637725,8216.312327238227,284065.6462605336,34.57337488483929,-0.08647458922475301,0.9886151941862857,1520.1148655263344,142841.67921277214,142718.26308579763,215.96264007604088,91.3811697365136,512.9303054349504,-0.02846036452496484,6372.536485858552,288445.82054529135,45.26389471215871,-0.2209416042397661,0.9834192183459586,1989.3152383996467,143703.51897185194,143277.13313765294,229.9961175512374,36.2165014553716,480.1016395906932,0.09821599695407664,9041.234197309002,322111.65660686325,35.626956406320645,-0.2526178419426768,0.9888259971749248,1430.959907575611,158438.5729768391,158083.15027232078,232.36169912242596,184.44697051065154,614.9467201945009,,,,,,,,,,,,
FF_b1-256k_s1235,FF,1235,256k,FF-B1+FF-LBFGS,256000,0.0345,78780.8434689347,2130.9420912500814,0.496677383920494,0.3665422973036403,0.23930793594700106,0.23170325421809101,118507.01323693592,213.26750357907514,0.9603677553513676,0.9214371214480899,0.8277938820745522,117779.59348461535,193.93572133243995,0.9387766244591159,0.8562604033604615,91920.93053863723,157.77237870668114,0.894190905085786,0.23170325421809101,0.0,1.1667929218717237,1.5042617979035253,nan,-0.08727493350378354,nan,nan,140341.81776350748,95530.24527155557,nan,0.6806969354817344,0.15918289183221226,120612.72351245375,176987.81602129285,1.4674058496242988,-0.22029490865809573,0.7771469686488304,22665.82414108221,88543.05292959766,86425.64170231928,673.9794237170694,8462.798139320234,9001.660923037589,0.6249763637623116,482113.5821128942,348176.3617674597,0.7221874153421567,-0.63678215492705,0.42633247400315133,91140.91408311199,93646.42507780867,78780.8434689347,2130.9420912500814,33503.13881385855,34639.34129059454,0.12239494238416716,7437.086093045759,242065.23863534516,32.54839806973521,0.021437112288947974,0.9940792994495219,723.5419483335139,118489.29479674304,118507.01323693592,213.26750357907514,142.53583943938048,549.4232264625629,-0.04849249366156756,4439.940497410724,233940.04067966226,52.68990447419081,-0.13717330151849547,0.9906932132312829,976.4727499945518,117909.56776345655,117779.59348461535,193.93572133243995,46.22580747825696,416.1568209734052,-0.09706549968476487,6905.247529996605,184686.1314715448,26.745765545588718,-0.15797741842043758,0.9786089593010464,1749.1646415777248,92181.03052472249,91920.93053863723,157.77237870668114,159.2920965047421,401.72235411984644,,,,,,,,,,,,
FF_b1-256k_s1236,FF,1236,256k,FF-B1+FF-LBFGS,256000,0.10375000000000001,60878.78258585569,785.7846594801977,0.8525268642992739,0.7599739000221423,0.8206968345560207,0.7093606962283624,90530.75724655026,201.4507589941691,0.9550068530541564,0.8947307495213253,0.8681872907426194,68288.61295804052,174.9317286645338,0.9331869236773587,0.8057722480279231,138023.28482962292,345.37545103625763,0.9463021990465684,0.7093606962283624,0.0,2.2671820783369383,2.2671820783369383,0.19682316674776018,0.6378476465464618,0.48978829553277886,103377.98180490245,85938.21356857097,88092.25195585363,0.8313009411496903,1.0250649658380895,0.7951078338452967,141746.8602497633,244160.34203508942,1.7225097021893092,0.22866432379116175,0.9305785762735483,8590.71712096884,80788.10544380281,83174.0174513313,376.8856495437895,16397.93853903624,17287.834751382357,0.9395876574111263,565261.7989546591,533791.0786094118,0.944325407442275,-0.19519546863314008,0.657691188359216,35885.57210512742,56678.816263422654,60878.78258585569,785.7846594801977,65338.16383287281,67424.59939485836,-0.10992036240293533,10462.779116095455,175514.62387617043,16.775143767124632,-0.5018504381056,0.9731353888075148,1671.7796848561993,91358.19156866806,90530.75724655026,201.4507589941691,168.5027172890661,570.07714053032,0.12034546786127127,3590.0081532574964,139450.07508291164,38.843943837948565,-0.4399213487283744,0.9358625423570648,3294.729658400786,69673.90608381914,68288.61295804052,174.9317286645338,18.692349083860627,379.8450478262434,0.3311373708543915,9962.456469671353,296667.86751872674,29.77858607682462,-0.6741180581544667,0.9431632481195085,4997.802343934771,141343.01946481955,138023.28482962292,345.37545103625763,66.3952568992434,776.8174223144944,0.7029666244913245,4031673.115364345,4488930.394290617,1.1134162581742317,-0.8968134312609606,0.23534588074349164,233521.92235833127,205737.86616363676,103377.98180490245,1507.1126949999918,303638.5122642682,304394.35048144334
FF_b1-384k_s1234,FF,1234,384k,FF-B1,384000,0.105,80853.77262503907,628.9773802233535,0.8779586381977263,0.664808786214742,0.6872926258339793,0.580169226616636,65830.2416104475,93.22841385184243,0.9012715345282515,0.8517304573888157,0.6175564984688343,50412.55321789706,72.89604482662249,0.9065154646736162,0.6530178533019773,44360.051065995285,80.30186603359125,0.7822877718175513,0.580169226616636,0.0,0.5486454079479491,0.8141888680412789,-0.10279062388299237,0.7625165300173984,0.18288387090578948,182719.80747618334,68446.15225760732,53031.22316348236,0.37459623673546694,0.7747874995791061,0.6503619793894714,150651.79545816983,158056.43712641107,1.0491507030880174,-0.5205632602314229,0.8189850115216132,7945.8503085570255,56377.4500660055,52679.818898369274,218.85092623385242,17271.688390231284,18057.654422652555,0.900264846632003,601999.5634639635,543271.3836109254,0.9024448132236003,-0.5327655981094593,0.6564062145992149,30342.866878794695,92833.56080692785,80853.77262503907,628.9773802233535,68893.90320396681,71557.52357379383,0.22973613429712955,6224.567244495853,137652.21405562284,22.114342836820253,-0.573420352429248,0.954112664637506,2025.5073866777943,66970.79048288066,65830.2416104475,93.22841385184243,64.22083270902023,251.34874106512186,0.23873261481823588,8259.824354383563,102476.7980581985,12.40665583933551,-0.013458531530188592,0.9628853744883513,1954.7601503788787,50400.9558606622,50412.55321789706,72.89604482662249,24.158231162606807,161.50432524907623,-0.08189940494834072,6969.480144950253,93123.56413102445,13.361622702734474,-0.5763869335395503,0.9345744505871941,1988.8772942866215,45476.63071112035,44360.051065995285,80.30186603359125,104.47129308667867,260.24105050218435,0.8463467125308953,3824944.3537761797,5143686.07774682,1.3447740939469384,-0.6504189267205137,0.4232517149858185,200177.9309366881,231526.89389150086,182719.80747618334,1631.600083754363,291772.726803965,303368.3812281616
FF_b1-384k_s1235,FF,1235,384k,FF-B1,384000,0.07825,44889.99813317136,1063.7402631965144,0.8273845195384681,0.7868576213918975,0.7343889665768912,0.7013232796201162,97451.76847947006,153.974169634129,0.9656236356751179,0.9018321997094368,0.863586290964391,116036.44405457313,201.85871993464215,0.9604790097002764,0.85053686139044,86881.78196840765,142.3199736769512,0.9309060349385617,0.7013232796201162,0.0,1.9354374154942673,2.5849064130129307,nan,0.7911595084273445,nan,nan,60302.81890641167,86794.67476368994,nan,1.4393137226037958,0.5335938640145729,124979.6655820266,200393.04383931842,1.6034051852042805,-0.0909133491019644,0.8628317490895397,12700.160587304981,81052.86973880757,80893.09113872435,390.47328161055924,11982.281513807031,13115.775512880606,0.8423981552541134,499770.082683336,405009.6918326037,0.8103920299871685,-0.7110361711593945,0.39310899124226695,50906.91871401125,63285.32601515179,44889.99813317136,1063.7402631965144,47611.34099058828,51237.5155881854,-0.0016725537390853524,7468.479512812709,186138.55966210118,24.92322022745958,-0.1794357789277992,0.9819116120338458,1531.9805354535395,97715.00593985354,97451.76847947006,153.974169634129,132.5878234139655,407.455019834242,0.0604960041573168,2635.495168629261,235853.35265710615,89.49109657437737,0.0030930972332421864,0.9888821581845486,1316.1138115115668,116024.90917508985,116036.44405457313,201.85871993464215,23.71732885254004,426.79953504622176,0.12143195031656663,7901.816099550409,169023.83640030588,21.390504951124193,0.01964509998537959,0.9844949940761413,1407.3610461308722,86842.73925015178,86881.78196840765,142.3199736769512,161.47991237333858,391.33190845655696,,,,,,,,,,,,
FF_b1-384k_s1236,FF,1236,384k,FF-B1,384000,0.12875,68796.43062197839,465.7390244760483,0.8360997231691056,0.3910559452441399,0.3773799993759338,0.6518836524648002,29253.780709356968,87.4051263472517,0.7755232608304525,0.7589999110646322,0.6755098750455905,38021.57835266227,121.64609417078735,0.7643821940618671,0.6033785691193815,38340.83639704469,83.96237631244922,0.8802341302077132,0.3773799993759338,0.0,0.5573085122354581,0.5573085122354581,0.6369818924948513,0.4348576783809963,0.25711454455023885,132709.51905156803,91262.24529216423,30369.69150345451,0.6876842440872813,0.33277388043905654,0.8873744707070709,154594.99224894546,174012.0134247915,1.1255992894296258,-0.18920858995207823,0.8616848285515923,5125.4789986362675,36368.69309503169,35754.89856642254,189.68815532663413,21320.274162917838,21885.32991201042,0.9557829023793019,617467.5594774463,633016.2385352827,1.0251813699670231,-0.21596314971472663,0.7632672861599976,19836.424909068304,70297.70224328701,68796.43062197839,465.7390244760483,85047.23189260371,86666.31758606412,0.40220088006475124,10332.850156715253,62909.60829573831,6.088311292780507,-0.2839876256616618,0.9295742685236061,1764.2325754687088,29705.851849113318,29253.780709356968,87.4051263472517,168.25517506435523,390.2954833396334,0.11249089750271715,3799.785858914225,81098.42413526785,21.342893296213653,-0.5596029727145677,0.9397866752670314,1576.390117013906,38881.27900439474,38021.57835266227,121.64609417078735,16.68508410892937,272.54645794777036,0.3154889977696606,7385.189710060732,84201.04662626995,11.40133834498038,-0.6025945249529856,0.9289878679188202,1846.4514579881584,39425.170832342024,38340.83639704469,83.96237631244922,48.9244998943419,212.1601206901544,0.8066463513480316,2046811.459944666,1964600.4183896594,0.959834580192731,-0.4897083795909574,0.6345049758592545,58048.08103519875,151106.3371344163,132709.51905156803,743.2598078851644,234190.06016270214,235751.7176108011
FF_b1-512k_s1234,FF,1234,512k,FF-B1,512000,0.13,67064.01143829229,630.7179299380372,0.44741537187324293,-0.03767670095732871,-0.13146744037705035,0.2963368311460923,55678.95074959442,110.0970595355262,0.7985582750854424,0.7826028959160313,0.20212387960064634,69536.73112027443,134.48033680720425,0.7788779243626254,0.22293311445916625,24282.13686115648,57.289767324620264,0.503442826132635,-0.13146744037705035,0.3333333333333333,0.36207402957843104,1.0368710375199874,-0.3601872830392314,0.34770577126954066,-0.40973222449723157,233718.91019405256,104245.41634519241,40633.16555009163,0.4460290194688968,0.3897837139960308,0.8731720910970404,168812.7507214919,189237.84872582252,1.1209926259541143,-0.5045322867180975,0.7645241177474515,7621.01588889895,38438.240328217704,35213.41222349493,233.14627340134692,21831.481696093702,22299.689623174294,0.958956742796417,675094.9071139458,689720.2682187778,1.0216641555886652,-0.22989558781184624,0.6953416062112658,28928.77438066935,67518.80022040552,67064.01143829229,630.7179299380372,87095.37179788075,88327.0659304624,0.17078722713989236,8950.732988279362,120467.47361284979,13.45895065472261,-0.7507443250067533,0.9234781396093648,2651.017362538978,57641.639671169316,55678.95074959442,110.0970595355262,142.2150907558494,390.6128028332094,0.39695073552251336,5339.46066857188,148343.76121845064,27.78253655684806,-0.7571360046830896,0.9467595732766455,2234.130824670649,71212.95445761952,69536.73112027443,134.48033680720425,23.18999125863883,304.49588393350746,0.030009034134498,5951.719813018137,45777.48250413167,7.691471363286129,-0.22514729452233123,0.9588534711306272,862.3796745427875,24461.757529157712,24282.13686115648,57.289767324620264,65.14990447957591,176.58387546807668,0.8280682804124418,2308898.977473879,2286425.87912707,0.9902667468061351,0.14910379906815918,0.7837781181816993,103520.16855942005,194675.07926946957,233718.91019405256,1071.6041853660145,237300.97516072262,234331.6815328367
FF_b1-512k_s1235,FF,1235,512k,FF-B1,512000,0.10475,138371.84294152888,721.3566403093107,0.9220875184412719,0.7651218840604883,0.7834220870694255,0.7360242299866804,82945.33634935724,123.92409972721511,0.9267944594824088,0.8767138777368685,0.8371945446962182,77628.35633205937,109.9013815314422,0.9352797080990982,0.851362043381518,73061.25556278629,106.8297109364929,0.9046373125886982,0.7360242299866804,0.0,0.5280066667440386,0.5994379679137977,0.4094534983673195,0.8097662098667927,0.43588422420990247,150610.5742249312,156807.99495686198,79319.06831653249,1.0411486428746708,0.505835613409592,0.4494176242142044,140537.94817880675,196268.95084251862,1.3965548336653186,-0.20428705391309745,0.9069550695585069,7574.900492606458,87016.99366615599,85790.59794643131,265.5029581261152,17645.909648406316,18411.91037088991,0.7936995215622765,560668.1979699512,500707.59628900053,0.8930551047873697,-0.28757595891644494,0.7930364310331417,30462.295693067554,144021.293618539,138371.84294152888,721.3566403093107,70314.3414348124,72672.44365162299,0.14097921229988084,8203.589081400181,171330.0263232228,20.884764536984868,-0.1758254836173756,0.9833217260025473,1203.6760474842044,83148.50915903118,82945.33634935724,123.92409972721511,122.75297373248573,417.0776500725755,0.06043201274440464,2499.1152646038922,155417.1770685914,62.188879108473174,-0.5110179768348173,0.9630700397555376,1982.4037672588809,78622.69568299947,77628.35633205937,109.9013815314422,21.151345426963697,228.82641308860886,0.02674635633129986,7528.452633350494,152947.1482388176,20.315881056523214,-0.17331201439566546,0.9730937985479522,1738.863408297101,73342.54772782163,73061.25556278629,106.8297109364929,125.39283965341387,329.2937687754743,0.6941835666612073,3878251.678437484,4242621.34734033,1.0939520431148624,-0.8090307833084991,0.3515252244280851,176475.79695412554,251973.04187377784,150610.5742249312,1243.1569658853984,312459.0906795604,306230.67182532384
FF_b1-512k_s1236,FF,1236,512k,FF-B1,512000,0.17675,59011.92891976482,411.0419424729414,0.6428658405737714,0.4163924604479407,0.12541109494709632,0.6238493143703714,89344.87457361446,259.0757272134941,0.8881221476996937,0.593550276414152,0.7461027398548359,71838.33105314312,153.80694407116135,0.7096861068781324,0.5220573816329963,96671.31398145098,288.7171282841358,0.9229453628631318,0.12541109494709632,0.0,1.6381656344921294,1.6381656344921294,0.5243299914593746,0.4852375678785896,0.3439274875381336,67329.69195277437,67860.21319973275,74719.6563024064,1.0078794545403607,1.1010819562633005,0.7581902570193343,179526.1015858446,217396.09395471538,1.210944213873894,-0.4439807276251427,0.880994897799502,6187.542685290355,66880.67890007354,64372.73040798904,278.16043551043316,25475.16427500041,26120.294010372552,0.9674461746095806,710380.8079366103,690247.2731081025,0.971658109842539,-0.20090154386613837,0.7127083221229014,23809.129613049503,58990.42118213348,59011.92891976482,411.0419424729414,101006.79658557595,102017.23515790218,0.17293870722962773,17661.549998023853,182672.430600491,10.342944453965263,-0.4956371270920736,0.9527494239206644,2987.79389660015,90788.04299233847,89344.87457361446,259.0757272134941,788.1752784227378,1425.6032275766236,0.21157851062799343,6043.6780594005695,152161.4973615716,25.176969366343684,-0.28515308620264324,0.9474628033012976,3148.9606695577427,72672.8349754352,71838.33105314312,153.80694407116135,31.011722521217294,370.9371102188066,0.4565163261422848,12470.371230964385,211331.18370385235,16.946663398368553,-0.7199060655531822,0.9275220133398684,4420.440987755387,99804.91710736087,96671.31398145098,288.7171282841358,74.67351348174033,667.4005457925996,0.9642062435082173,1300782.657005984,1278734.269068266,0.9830499062860609,-0.33518119401924,0.5959640182126383,46057.12219158519,66918.9802159117,67329.69195277437,529.9279046073266,177962.35351631918,178885.05722893606
FF_b1-640k_s1234,FF,1234,640k,FF-B1,640000,0.15325,85473.2404326443,609.9875627289028,0.779269896419728,0.5994506460495164,0.6443125098606168,0.5520566621887976,168679.0556552641,381.88089861437516,0.9433614533232307,0.8620173867060922,0.6747399872883498,67340.7245980995,66.14185463675386,0.9260873663999527,0.7367333785681139,68038.39211762632,134.3334071402924,0.8116410305761096,0.5520566621887976,0.0,0.7960198042478897,1.9734721042685712,-0.3990729668106011,-0.336813029946008,0.7248164432521577,244306.79403474642,79189.51281231311,90881.381762591,0.32413962585522865,1.147644158109531,0.48290901868864056,169274.0170888649,187006.6920398832,1.1047572170613111,-0.21619390865108717,0.9428922201831719,4361.223061990398,86666.72794593615,85829.54682458886,298.08593078008107,22890.944902439365,23791.855732358064,0.9430668340492049,677207.5276998458,615979.9724771413,0.9095881945809645,-0.20522742388369825,0.8211819292356469,16761.506987630277,87324.12542783517,85473.2404326443,609.9875627289028,91224.88190651567,93630.2837410999,0.09163304520264255,11858.029114082006,331838.08909597,27.984253192792007,-0.24965237077276434,0.9825316941207076,2412.7546270791336,169265.2244799656,168679.0556552641,381.88089861437516,299.11366607280934,1076.4901458886823,-0.08761656630453266,3044.7388811016067,135776.45458166953,44.59379273027995,0.012607155398390687,0.977193818298696,1611.2153874055969,67301.13683698769,67340.7245980995,66.14185463675386,13.376272837885848,142.70197732031454,0.2713007382126515,3314.0813942380014,140789.5703100282,42.48223068836232,-0.3576274759267201,0.964082579196874,1883.841804809417,68689.35761375647,68038.39211762632,134.3334071402924,26.407764331089087,317.94706512333147,0.9061809717514157,1561087.8469174495,1508816.0198072728,0.9665157683384741,-0.3195668322875035,0.8128295752314317,45544.073731187294,255019.29339923058,244306.79403474642,1108.2370500608358,193732.2390718465,198465.9086323807
FF_b1-640k_s1235,FF,1235,640k,FF-B1,640000,0.151,58944.8347758376,575.310394794261,0.6650249462065049,0.35014808737616276,0.4661592380283678,0.42595922015087545,52347.08897985389,93.73571892427313,0.8583209032999454,0.781605127843856,0.7852314333398028,91108.8648692644,152.09537211669848,0.9363416773255472,0.8066589942257552,43967.73781617102,77.12839369780926,0.8821015266759954,0.35014808737616276,0.0,0.7459133269840648,1.5456632496425513,0.16399147144587617,0.3069271616377127,0.37727232512143377,111341.90013193375,73017.30543413285,55778.24984919593,0.6557935992435152,0.7639045225999491,0.709911526834537,151915.3677613175,152445.699727754,1.0034909698357162,-0.2348853067974663,0.9013233778001898,4783.5507717204655,52971.36477965215,52055.855569327876,224.56746988326043,21449.39342541603,22068.414945622822,0.9438535388465462,607075.476963217,521523.6776987417,0.8590755144773227,-0.44824660110003617,0.703018300380542,18901.5155313561,64943.861955874185,58944.8347758376,575.310394794261,85543.5133091522,87332.77081135615,0.13733877535514172,8020.457700024055,104030.38392768377,12.970629335451985,-0.2883717513157101,0.9536328737342338,2002.7887602458206,52889.497801639634,52347.08897985389,93.73571892427313,141.21262809535025,396.7144623944392,-0.007509032611760327,3384.401812267025,180150.9708042627,53.22978204044556,0.031566196052854774,0.9847400709282319,1470.11534709905,91050.60921667717,91108.8648692644,152.09537211669848,26.45183952339372,333.19091237511464,0.13929335072714166,6794.725069132114,95267.1892415129,14.0207570243429,-0.3861624284799054,0.9373100073052482,2153.8606718344954,44754.56607437895,43967.73781617102,77.12839369780926,86.39592489317648,210.98359636557743,0.9107997791163571,1463472.0583932588,1280674.8756996808,0.8750934931451506,-0.4804719244849029,0.6496688959678649,45565.967961022914,125816.56369929096,111341.90013193375,821.8102416407306,186765.28408674145,188335.0940728551
FF_b1-640k_s1236,FF,1236,640k,FF-B1,640000,0.24775,128869.4221048981,444.69817671185393,0.9255577607181389,0.8185116465058508,0.7805435275137164,0.8464278458807146,112072.75027091183,206.14146869840067,0.946801763071472,0.8495234408709587,0.8977713720679562,103332.4822698547,135.8060328897432,0.9296903960068038,0.8893115619700324,88833.79612587305,118.63172634678945,0.9599144053455414,0.7805435275137164,0.0,0.6893318420685044,0.8696613086360084,0.7296189878427088,0.876013092420899,0.7495379203948772,116896.2246114002,141829.6367569461,98960.09995991488,1.2132952730375373,0.6977392188453752,0.8196585356273526,196758.93612245785,325763.0749252657,1.6556456410321252,0.08036349815953281,0.9514229059412275,5825.715070280307,101047.5864084747,101681.70706044997,226.31935116169686,29022.63698376621,29313.628994038227,0.9577806722058558,774341.9184913881,839923.5336116372,1.0846933551628182,0.00641341292815824,0.865956430044942,21976.589167558774,126840.8543361634,128869.4221048981,444.69817671185393,113943.27241593496,113984.03927840106,0.21563041988570741,29792.53640990579,281666.2580172103,9.454255728409832,-0.19819487325875385,0.9613651270020349,3810.890494013299,112765.78482226808,112072.75027091183,206.14146869840067,2095.2597751914595,2710.616354087692,0.16669311357077893,3452.273385682539,204261.38240751694,59.16720942629896,0.06969104569382228,0.9850152424700923,1704.7701864814353,103199.6798306889,103332.4822698547,135.8060328897432,17.87597806838365,293.890582240818,-0.06480046679843857,5644.543541001127,179240.14621347334,31.754586515543643,-0.048219611462171845,0.9733730584939569,2347.8256821188857,88916.04827728613,88833.79612587305,118.63172634678945,34.13976587005553,265.96976142335336,0.9383180276770344,984546.4976476696,1121270.4819898556,1.1388700124055635,-0.07998389568163579,0.8060833581913915,29525.257818331036,115492.2809058031,116896.2246114002,469.8891839932985,143788.75329390907,144336.6986438942
FF_init_s1234,FF,1234,0k,FF-B1+FF-LBFGS,0,0.0245,110977332.66179413,3461536.7658722806,0.8489973931299095,0.5072116872765264,-0.006453432154460951,0.06483785749979842,50080884.12384504,1702926.210941163,0.7201834241483017,0.16247679671569953,0.1094921041931203,40697981.70595619,1748784.4137395092,0.35978270192534606,0.237469701636297,45543011.23770711,1855520.94687671,0.41443750868257584,-0.006453432154460951,0.16666666666666666,0.410381202587563,0.4512712904757555,nan,0.4671203931335993,nan,nan,153724406.08463967,35515581.71181269,nan,0.23103411238588906,0.24638775177869227,3641.76066876639,81919951.79323159,22494.60061882132,-0.3039839674800844,0.9995722342425732,13441.06979771165,40955096.536570676,40951012.66884853,2192192.0843574163,129.58190162591816,4387591.369005135,0.3639333359564133,11909.362039251637,222011036.2342864,18641.723671055446,-0.31880780866214786,0.9995155239326774,40793.402714247866,110990331.18166892,110977332.66179413,3461536.7658722806,198.53712398419228,6928874.6799661005,-0.05431123927278813,2810.609650935305,100174202.57870297,35641.44972795043,-0.019685261506450995,0.9991622807965768,41194.89715871478,50081678.1199435,50080884.12384504,1702926.210941163,111.56916795440479,3408197.374060105,0.02359477933579103,3885.288192710432,81419015.07250902,20955.72092316528,-0.19808055639140276,0.9990892733493952,30974.41779947681,40704105.81133591,40697981.70595619,1748784.4137395092,162.5423964364777,3502588.3534274194,0.08675265050023286,1139.57021241066,91096370.87819476,79939.23488530685,-0.1471895127849691,0.9993601538607606,25423.9771066844,45546746.43789723,45543011.23770711,1855520.94687671,45.67891812859779,3710705.0685669165,,,,,,,,,,,,
FF_init_s1235,FF,1235,0k,FF-B1+FF-LBFGS,0,0.0245,43184477.81409032,1773174.4189573473,0.39897971982404523,0.5747539700559714,0.10352337091667659,-0.001324089014660392,55580549.64970022,1978438.5283567877,0.5234690657250854,0.24034271018601772,0.08784697245738621,56759997.75096249,1912762.673799271,0.7203645846340851,0.5222284428585866,136609589.7119304,4729729.344400262,0.8444956315106104,-0.001324089014660392,0.16666666666666666,3.163395660358249,3.163395660358249,nan,0.15262656953284592,nan,nan,43344035.41108709,55023403.91640834,nan,1.2694573404287537,0.03701792892556557,2976.936196251169,101300910.56182726,34028.57968182007,-0.19642615004625458,0.9996655020208451,14165.604612744472,50647411.38914111,50644630.79862865,2598526.2413784172,124.63736910566145,5200227.2441913895,0.1322121328207558,9803.489840865357,86419679.14154334,8815.195460427492,-0.31594629490746245,0.9988436761623911,38001.62726931634,43196469.23608671,43184477.81409032,1773174.4189573473,271.87341502948016,3552392.638604407,0.02573426885322195,1331.1339609807005,111173220.95411076,83517.68057379058,-0.08953027225970221,0.9994670112684065,27210.085027458998,55582979.16890689,55580549.64970022,1978438.5283567877,44.53016058875266,3958344.470235157,0.04004430848878957,2672.335618493151,113540991.1383827,42487.549225723764,-0.12506376632318175,0.9992740423208256,36661.874199297905,56764571.1680768,56759997.75096249,1912762.673799271,85.21848454742177,3829446.246016703,-0.010195096489799264,2865.9797478579903,273223827.021015,95333.48141249784,-0.021823528619653046,0.9997404218749949,34716.83381648845,136610342.9465229,136609589.7119304,4729729.344400262,96.92741625699128,9460725.621909292,,,,,,,,,,,,
FF_init_s1236,FF,1236,0k,FF-B1+FF-LBFGS,0,0.0245,25752015.73698726,1395228.3067196598,0.5543104104212466,0.412970792962114,0.10176832147951861,0.08994462432435318,28070666.391514536,1134187.3705223578,0.45796154440745995,-0.07875895004408832,0.01928903090243196,34148355.42611732,1604566.8402930065,0.6572988571626825,0.439091155763992,41648495.589840285,1757481.089479289,0.7400702127853932,-0.07875895004408832,0.16666666666666666,1.6172907012487234,1.6172907012487234,nan,0.2293161551076764,nan,nan,44311030.37824307,20674279.414284978,nan,0.4665718498939747,-0.04833200861952167,2527.019414342,40208333.880632155,15911.367222757106,-0.24772661550839956,0.9993553274173586,10393.734716152996,20102167.815903462,20099595.533621244,1472865.9017535783,116.03566781387832,2948476.7902471204,-0.04288817472064215,7048.968124405018,51508417.46909374,7307.228031115747,-0.01201528197721794,0.9987174062811004,32699.653605190742,25752387.874687135,25752015.73698726,1395228.3067196598,244.0673466871145,2794563.275022674,0.022226543474277695,1729.2273148813972,56165502.21445698,32480.115095978123,-0.24119792617463776,0.9985470836308324,32921.30469117085,28078588.759958316,28070666.391514536,1134187.3705223578,53.53978837069408,2269600.353071219,-0.08687705343385277,2153.903418761896,68296920.63219413,31708.441537946248,0.010844855340760169,0.9990166023499473,34000.11952373676,34147969.77546249,34148355.42611732,1604566.8402930065,64.79583258073627,3211636.317067134,0.018006255522235483,3341.4083160646187,83314383.56847574,24933.912795967477,-0.15549599738904868,0.9990415082050391,34592.98850132277,41653860.64208849,41648495.589840285,1757481.089479289,101.73970361696841,3518107.215827457,,,,,,,,,,,,
FF_sw-320k_s1234,FF,1234,320k,FF-B1+FF-LBFGS,320000,0.082,83743.96479305558,714.431656591781,0.8349748241898728,0.015096340062190343,0.6952404131783945,0.5949297611454877,58397.953673562675,135.3119341169413,0.3916386216985634,0.1092933014478569,0.25226848519294803,86622.16333185838,140.99724861030361,0.8808179301689244,0.6630527531183787,44407.308883920654,104.2939616079668,0.8112230554818987,0.015096340062190343,0.0,0.5302747367366478,1.0343690264237582,0.5339523906679526,0.4358348458927391,0.1632177345549131,116800.84566314798,109349.91155854464,50525.761001924126,0.9362082178232534,0.4620558012511353,0.8622084235340061,148013.00919814408,201583.79425183244,1.3619329499745085,-0.08270132931094577,0.8713683536510016,7497.070312895326,51352.20477226367,51279.3959445099,273.75870023174815,15973.046605051139,17072.780011565595,0.9488156442691854,590418.6043406287,634244.1897092036,1.0742279884921964,-0.08368123850932438,0.764475344761954,28332.111156929317,81212.25200252899,83743.96479305558,714.431656591781,63651.46487915082,67303.75532230562,0.2870032142039527,6308.104120774031,121919.04117402788,19.327366644523284,-0.5125973979223439,0.9493192443869172,2079.1729600825706,59436.43837809992,58397.953673562675,135.3119341169413,56.299414517464086,327.1306804388086,0.25434819280753473,6219.974549752657,175531.76651466277,28.220656710185885,-0.172512656864996,0.9806716017970802,1466.345845953577,86863.08387661951,86622.16333185838,140.99724861030361,30.427482920875374,299.55304875826226,0.04688212393419607,8557.973235111374,91642.86188118844,10.708477271838042,-0.5360510310738428,0.9082471385682388,2966.556641887127,45926.86343970471,44407.308883920654,104.2939616079668,153.9946436153744,360.68099475969996,0.8476707591811673,3890013.143010841,5486199.982236282,1.410329420632755,-0.774275315196357,0.38578587266697756,181861.79378964004,120899.02234831672,116800.84566314798,1490.8743091182153,293601.49826212996,316507.26469956146
FF_sw-320k_s1235,FF,1235,320k,FF-B1+FF-LBFGS,320000,0.05625,76252.54951912939,1533.1718876033315,0.8640219580149076,0.7753561443666075,0.6575637423232495,0.43994669326257213,60049.99814151373,123.99858513917793,0.9306801728077796,0.786682174222027,0.5954180443284649,49663.403166703836,107.45248678040552,0.8035349988032371,0.37674250711916657,75879.39199775159,142.96184294740047,0.7498233347571619,0.37674250711916657,0.0,0.9951062944946624,0.9951062944946624,nan,0.6209044578283819,nan,nan,94520.71485187863,53162.00307192036,nan,0.562437590058744,0.6439022272115312,123679.28586180812,153806.84947932707,1.2435942559628108,-0.07958879870659108,0.780032937632275,16670.610209202812,53382.08583504431,54643.41028445493,476.89620061757887,10167.828569910997,11049.797372048854,0.7641798734441128,493570.0463438701,400724.6982105722,0.8118902295205074,-0.5293026521117659,0.49534503874486013,68159.12280448373,85779.12943347837,76252.54951912939,1533.1718876033315,40331.67789448787,43217.96383531379,0.1413167401430681,7883.452125980667,118369.69840648027,15.014957472295881,-0.21127021070303437,0.9630020729649212,1929.1268244351224,60427.95404521441,60049.99814151373,123.99858513917793,142.93112938475056,356.1642322118486,-0.06389864443499621,3289.197967263423,99731.99428342683,30.321067711957383,-0.13847312730112102,0.9746438102438786,1146.2831135845424,49809.15583213338,49663.403166703836,107.45248678040552,30.087639115691232,234.22788330915253,0.07283103663648195,7369.019773575816,151802.7074016211,20.600122141884125,-0.11078897684666408,0.9643312992482806,2565.266866910077,76120.75323520773,75879.39199775159,142.96184294740047,166.6176166556708,390.83353736062253,,,,,,,,,,,,
FF_sw-320k_s1236,FF,1236,320k,FF-B1+FF-LBFGS,320000,0.105,105780.31046736878,650.1724588657363,0.8864372937133663,0.7262056710058834,0.20940060944619382,0.5253232007472046,80694.63451158867,184.1310386966052,0.8914935467154046,0.3556841713214703,0.5436415855183788,50204.013899947684,126.00907512555501,0.539785231485182,0.4796952954255755,34061.75432125025,70.27769013935908,0.7245636327490208,0.20940060944619382,0.0,0.32200467337215516,0.7628511785894354,0.43402859552723394,0.686604790169958,0.4060228903950758,96804.83144056442,87307.47159721225,53216.32720603352,0.9018916752188831,0.6095277555573232,0.6233464188257245,141488.515834742,141864.05625963374,1.002654211351898,-0.28351663086184103,0.8659762696428348,6868.029330361094,55918.232660245216,54371.41294344296,257.6475657068139,17701.007067976287,18455.414143354403,0.8582393827718688,565763.250804684,465660.2304340826,0.8230655309827476,-0.40827627612406164,0.7456500671684553,27818.64099075251,114044.56686633358,105780.31046736878,650.1724588657363,70595.16649078084,72804.14027623956,-0.12906761628495367,8823.62603086843,166113.1008911051,18.825945287116397,-0.26180340490953136,0.9576587042977148,2865.0820142283333,81397.33229835801,80694.63451158867,184.1310386966052,129.3065383361449,551.4795277218459,0.09068171256603726,3686.0853684345116,101588.99989740431,27.560132157370347,-0.13663900309705848,0.9634951941271189,1698.270170558775,50407.86819521704,50204.013899947684,126.00907512555501,13.025263038083779,270.1522750590225,0.25181180136489173,10445.458031861954,74557.52497778705,7.137793742539867,-0.5779652851040799,0.9190604383808914,1923.9628316448586,35137.53269008257,34061.75432125025,70.27769013935908,66.52997975006926,195.8844943971941,0.6931297929794425,3820974.0685141734,4245714.655814644,1.1111602904611273,-0.894633706219476,0.23934278431603642,188135.55658207412,216325.48333271188,96804.83144056442,1151.6651635567773,297966.71609296795,304063.72305258224
FF_tr-384k_s1234,FF,1234,384k,FF-LBFGS,384000,0.08,74211.03859342352,1529.1154294210996,0.953609572931306,-0.2863860269323751,0.3907656348550077,-0.3302285379570723,20837.241810593532,34.90702075170111,-0.06687858467661531,-0.7051715161057899,0.30235789571765204,13357.517750861356,21.93127083566128,0.276210294276318,-0.47628668275397784,16772.95155007617,36.14085363791476,-0.10944132138161561,-0.7051715161057899,0.6666666666666666,0.2260169358627271,0.28078358968607803,0.20990700368211299,-0.2946285463097548,-0.140091117560032,153394.82337734624,136552.83071282628,7885.924282344935,0.8902049476396657,0.057749987614165346,0.9240524527840244,155488.16846064696,146528.6738111926,0.942378286797288,-0.5363300273422531,0.6288788660681205,7623.045554187621,20692.670456432494,17807.1553766657,405.5236436615942,17319.088539130866,17151.45475513078,0.9196875664720428,620928.0782862359,575418.8128340874,0.9267076702703568,-0.5392494527906546,0.6368941854871089,30458.371823810718,86061.82930923229,74211.03859342352,1529.1154294210996,69053.07779572417,68223.603346748,0.1535288999940933,6209.342972733728,43236.31573823306,6.963106391141706,-0.5314623078495738,0.9076749315651104,1406.208935644609,21550.51387993842,20837.241810593532,34.90702075170111,84.14588026361686,155.14916114797398,-0.12539853092526954,5170.215046052154,27851.992234276975,5.387008467963833,-0.13800391148856114,0.90204907982058,1331.9433002088183,13476.028959480424,13357.517750861356,21.93127083566128,44.47593961915418,64.17812542686441,0.2691906672246887,6265.348516732719,35695.908526849904,5.6973540149470825,-0.21448231927554642,0.9477985582192088,774.7108118380785,16922.03646069458,16772.95155007617,36.14085363791476,94.65454091652015,162.88838720028082,0.8218651271251177,3906269.616425283,5747156.037212485,1.4712645571228746,-0.6486878724387214,0.49640814518401544,109236.1692742248,199773.31186650816,153394.82337734624,2136.044515656393,326272.355873974,324732.5477780634
FF_tr-384k_s1235,FF,1235,384k,FF-LBFGS,384000,0.035250000000000004,98861.03355308752,4561.759743202618,0.8405636375219997,0.14591614089086183,-0.053939966559109105,0.154296280118927,21451.523774617926,52.1530574520344,0.5779857313383886,0.6684283977340014,0.5535846844117709,30024.742549503226,88.37438617793477,0.42427138935180003,0.47608067497446005,29209.46973022424,83.70858284413394,0.56609636866524,-0.053939966559109105,0.16666666666666666,0.2954598862709543,0.3037065410951849,nan,0.1980438006632007,nan,nan,285082.2297880477,12843.608835501698,nan,0.04505229542034463,0.5414041817584293,95393.35306801645,103632.52120466586,1.0863704636818332,-0.487954296352327,0.6351051313380075,13628.93893627041,35485.63771193959,31192.91965277205,1196.4989424191804,7575.9955054242855,10123.464969227121,0.5692459483359439,381893.5015655198,361817.3005947549,0.947429843952659,-0.5561668716144677,0.5718732360268689,54665.20781589209,118207.07807727501,98861.03355308752,4561.759743202618,30059.37446606047,39852.10060601154,-0.018277702684520645,5340.818045350197,38430.583981382275,7.195636259288137,-0.2887007680072231,0.960244188485323,697.2294190901795,21642.425464377833,21451.523774617926,52.1530574520344,88.9246215523839,188.54827769315597,0.17707106135650869,5108.119968581166,63102.825005694955,12.35343441301799,-0.2646920282766305,0.9659388786410777,845.9148309215536,30237.565929003194,30024.742549503226,88.37438617793477,49.56674426224586,213.2274999894738,0.11323744247556791,5319.408295674467,56749.48711759163,10.668383392141203,-0.03691616601467157,0.9410990825810587,1817.5734004100084,29220.040248212765,29209.46973022424,83.70858284413394,106.11618982204165,239.98349321431743,,,,,,,,,,,,
FF_tr-384k_s1236,FF,1236,384k,FF-LBFGS,384000,0.10475,71752.3718756432,1202.945626606781,0.9893562350566362,0.2718658127056124,0.31074500876419126,-0.16998545958794667,6780.7777025508985,17.908364917479737,0.354245324201566,0.0743994298149406,-0.02332990634670265,5530.316245364244,23.815382399377356,0.37055437581120476,-0.08094934138812797,7127.796164978887,47.96612757219976,-0.07576686375932433,-0.16998545958794667,0.5,0.09933882293580962,0.09933882293580962,0.3962783240098193,-0.41894052420742833,-0.18223525230884285,134683.59406439506,147222.30600771436,7472.989094172423,1.0930975448822986,0.05075989703476621,0.9313479402990934,150239.4071030644,132197.75311604448,0.8799139697440144,-0.34982165126312526,0.7352740241647127,5537.494835659074,19929.18321656105,18724.986853563056,323.15887537395946,19810.70562942576,20232.585066621283,0.9355030599766977,599666.2398008264,529552.6969972666,0.8830790560648414,-0.3623920635648477,0.7267926650587881,21992.484044563123,76732.19401728739,71752.3718756432,1202.945626606781,79013.68472033594,80553.16713372097,0.5311905243306466,10267.369089992291,18511.657573964538,1.8029601752612592,-0.2467564400192377,0.8576099781789447,953.7615209871608,6952.836903799421,6780.7777025508985,17.908364917479737,140.0690411037979,178.33643802137013,0.18398162767315446,3821.907715671162,13335.986117002492,3.4893532521259667,-0.11363992171394678,0.8497340040697969,951.2258662004339,5557.065221218477,5530.316245364244,23.815382399377356,21.425051656537303,60.06588688592292,0.2520509848914983,9716.981931239827,16875.038938696416,1.736654349890642,-0.2680126152430984,0.7370089985892819,2279.2545235281414,7391.992609983511,7127.796164978887,47.96612757219976,67.64370460676977,138.77080785688287,0.690983551565828,3973204.0600815285,4746813.946993444,1.1947068097217342,-0.6435668817280243,0.5161963459802996,87708.41611792815,173207.01870294363,134683.59406439506,1202.182856418663,330087.4708558868,329017.1589592869
FF_tr-512k_s1234,FF,1234,512k,FF-LBFGS,512000,0.078,95869.69945259215,2451.2588041363447,0.9888989869322831,-0.23092726974188763,0.20450119851573906,0.23494740423829588,16182.783806807465,35.89532791526433,-0.1337130950205005,-0.6483882901465334,-0.11335443369926072,9167.3785957576,20.70569125116338,0.18422365117288328,-0.03342748040123183,9939.922640917635,32.670238557377,0.3112512932556318,-0.6483882901465334,0.6666666666666666,0.10368158758892278,0.16879977614626715,nan,0.0673304458417385,nan,nan,150924.2717937472,5579.406090339676,nan,0.03696824920225211,0.8876677107135095,152803.28077630076,136903.48290253806,0.8959459653419385,-0.3653674721983454,0.6723828617313561,10064.13469184021,26159.371972165554,24356.06507268904,635.1325154650373,16426.279343971077,15649.873869002278,0.8851174827906645,611912.388209212,541086.420718365,0.8842547252587544,-0.3740915252316891,0.667546680143901,40253.518897922535,103361.45561131452,95869.69945259215,2451.2588041363447,65394.24259693473,62128.45415344399,0.17775737781321077,10118.051837017594,46086.29980263263,4.5548590326472445,-0.3817447824263419,0.9275783413702355,930.9830445563,16515.28869881145,16182.783806807465,35.89532791526433,207.36390201282663,288.14276430078894,0.21069237532779866,4752.760998988394,19856.445538052332,4.177875879363321,-0.2348465041725126,0.8927826930424461,927.5534819540837,9340.766756778132,9167.3785957576,20.70569125116338,47.290819357215874,64.49644926065865,0.336052877794371,4847.994420264932,23381.621049279882,4.82294718647843,-0.2282707526524261,0.9637053531690354,308.47532284051306,10005.800309469021,9939.922640917635,32.670238557377,56.220057579514446,118.40210900367452,,,,,,,,,,,,
FF_tr-512k_s1235,FF,1235,512k,FF-LBFGS,512000,0.035250000000000004,108126.4389691603,5195.101219595877,0.9144536515283542,0.09386949309604768,0.001452640205367164,0.18142324611806598,16440.869953987054,34.903370735397026,0.4264704616873594,0.6519499284886673,0.5644572120893956,20175.47280146929,48.963432797393196,0.34111376775766344,0.48251327804408983,23790.69609390236,70.04247114834895,0.500656231091469,0.001452640205367164,0.0,0.22002663105078227,0.22002663105078227,nan,0.18086198248201213,nan,nan,300794.80613194214,10070.178311240905,nan,0.03347856447635492,0.4905100520517689,90961.27102084196,97525.55303868643,1.0721656804503137,-0.48825526926059604,0.6335393730735752,13722.240649859667,35478.03774880525,31170.313531735537,1337.252623569254,6946.880437703688,9707.757771351353,0.5129165775178799,364031.14381602866,353790.1259306377,0.9718677424737965,-0.515460489786555,0.5980145616842432,55131.328320864704,125677.71195506756,108126.4389691603,5195.101219595877,27648.192351026228,38393.26785607668,0.015884481426691414,3829.165858683991,30073.97414639412,7.853923088285853,-0.37372278134948433,0.9559817104786644,556.9833959010439,16640.908335474272,16440.869953987054,34.903370735397026,54.078005339188024,129.17630233544025,0.20869192346937196,3652.271020071934,43935.172010836926,12.02954867516146,-0.22254049300916176,0.9642830603163787,618.6415355314767,20304.128584322923,20175.47280146929,48.963432797393196,28.594920279600554,120.3830209609958,0.07098028639095105,3699.949102393482,45674.09309232885,12.34451929697694,-0.08397926391766923,0.9302859061738202,1700.4513552374153,23873.080325739338,23790.69609390236,70.04247114834895,56.6564741697382,188.20390603229296,,,,,,,,,,,,
FF_tr-512k_s1236,FF,1236,512k,FF-LBFGS,512000,0.10575,78610.97344402294,1273.202863321058,0.9908953887878531,0.35982143635008706,0.4269993616658465,-0.06961470515983798,7183.832347874848,11.516803447179601,0.4338378527058288,0.3449012074727773,-0.20750345533364262,8704.148239064045,22.254428174411274,0.5002986651920992,-0.2916820683901463,7315.73909896331,44.66703219819627,-0.02566666046448612,-0.2916820683901463,0.5,0.09306256847426879,0.11072434111583758,0.44741475992781393,-0.12932689506720185,0.010427076522193445,160539.32284761066,148558.39829468873,5592.132448471699,0.9253707793180701,0.03764265442185795,0.9297874746404434,155452.84260300736,135784.51469653964,0.8734772064818632,-0.24718820670958194,0.775113220205991,5496.424436441364,21976.585450200968,21294.693161986368,337.9102817852113,20648.20674975452,21153.83958880561,0.9372803123153906,621240.0625659594,546340.8594589478,0.8794359739169924,-0.2607517890567054,0.7613550905280259,21825.816610994247,81425.57609921084,78610.97344402294,1273.202863321058,82397.66420266988,84326.67248449178,0.36611567555867774,6987.876730910233,16082.822254489563,2.301532049549282,-0.15703364066290612,0.9036855326501072,689.70813446573,7259.774388296217,7183.832347874848,11.516803447179601,78.90359663004575,99.8871936806941,0.24352184928492543,5864.07225131272,20899.72711921998,3.564029606651147,-0.15684980741987764,0.9117111513363604,756.3749764393222,8790.670956152104,8704.148239064045,22.254428174411274,46.1242220115612,74.07814551741457,0.1951689972141013,9116.214585289417,16497.193133786066,1.8096538842347052,-0.16805747251846478,0.7346220416258593,2687.7056229513155,7270.801860396417,7315.73909896331,44.66703219819627,70.13497770657592,114.72053153256235,0.6915923703080428,4058366.80502015,4820526.3232416725,1.187799564415602,-0.569269332668569,0.595610815530564,77966.31907754205,191570.96711932434,160539.32284761066,1119.926996518524,337023.6270996691,330353.73219319165
FF_tr-623k_s1234,FF,1234,623k,FF-LBFGS,623360,0.0775,104158.40181853813,2833.755214072989,0.9924240923066611,-0.20494759144890382,-0.04260545579938526,0.3531250975400923,15415.478320731852,31.11678947093135,-0.155136143615981,-0.5641225054547971,-0.5114978100457307,9648.212559339567,19.03368028270654,-0.0025050847292243435,0.3381407264116284,9532.480990905886,27.32426963553555,0.3980125775013345,-0.5641225054547971,0.6666666666666666,0.09151907886905858,0.14800033460179496,nan,0.08680253849999622,nan,nan,162552.4062796948,5382.940472902385,nan,0.033115107897204926,0.8790020511912481,158388.9104996162,140274.2237583594,0.8856315970346883,-0.3650506932212875,0.663035633453201,11393.834592028625,28101.662322625783,26186.921815356833,727.8074883655406,16778.096878869903,15695.03072718595,0.8729514725830669,634278.0439644841,553765.4307190176,0.8730641648223681,-0.369825033250763,0.6610177690514802,45554.201919483276,112018.56948725064,104158.40181853813,2833.755214072989,66769.41618376726,62295.83828561706,0.2319219855785273,11697.563420111412,49375.67224245236,4.221021974333702,-0.47232223644932364,0.9158748093579618,978.0963431411843,15853.328828971878,15415.478320731852,31.11678947093135,258.22756743051514,324.79923170144735,0.25956397168528184,4729.209072819058,21650.759439817193,4.578093103190146,-0.4014456955949075,0.897616816035816,805.401096080124,9943.297443180076,9648.212559339567,19.03368028270654,43.7432165989992,64.28537472618943,0.3432826767060588,4343.198307407228,21885.726983419354,5.039080749799919,-0.17531933366779215,0.9724001565397171,232.542839601093,9570.50061611696,9532.480990905886,27.32426963553555,41.00054768283243,95.20001669911238,,,,,,,,,,,,
FF_tr-623k_s1235,FF,1235,623k,FF-LBFGS,623360,0.035,106445.06529222353,5268.08560662171,0.9231980970184287,0.0668152873332392,0.022270114913185226,0.1977586737481072,14929.689562863881,32.998801216596554,0.37254378536498256,0.5695787693856759,0.5167420220221889,19822.06842234563,46.14303667072252,0.3288189523196313,0.4014360565507088,23351.1404191628,74.34501857344763,0.4929683948834213,0.022270114913185226,0.0,0.2193726910219552,0.2193726910219552,nan,0.1853912063361845,nan,nan,295411.36517775286,9443.741669060253,nan,0.03196810543622054,0.4678435601487882,90166.7677363312,93740.91621005241,1.0396393101743746,-0.500929480606556,0.6246853871371159,13826.281730813273,34942.70393407967,30465.272690358102,1355.393115770619,6795.567522981905,9538.814153948535,0.4936995892424997,361072.7249272344,341319.175263854,0.9452920470042114,-0.5243321614592109,0.5911676336359509,55572.29258509149,124486.72830131557,106445.06529222353,5268.08560662171,27078.10067686746,37742.795165598465,0.12270823960818274,3490.993776275339,26746.96358484994,7.661704746259156,-0.25727468684704624,0.9686831723563547,387.6369045085812,15024.718743775165,14929.689562863881,32.998801216596554,45.38006768947159,115.78751574498429,0.22114916235359292,2831.903097534416,43343.01791483513,15.305261663992509,-0.20017203217141258,0.9682119124741301,548.3166668305348,19924.544869951333,19822.06842234563,46.14303667072252,18.09148914653871,105.54066290493843,0.09582045843061536,3155.0145135610637,44730.25944602637,14.177513052242459,-0.08313171545936024,0.9354651769587535,1533.4989807164027,23428.56373879453,23351.1404191628,74.34501857344763,40.69785822414596,191.1332715457568,,,,,,,,,,,,
FF_tr-623k_s1236,FF,1236,623k,FF-LBFGS,623360,0.12275,79578.67911299109,1271.2949773420335,0.9924532570074233,0.20050619079787035,0.37035124240251677,-0.04556347481224739,5731.449091875342,10.61269658383857,0.26737982112424613,0.22454167887636006,-0.15830547053561358,8448.673036983037,22.542670594455977,0.4393690761024551,-0.3267358769020674,6796.000654425197,44.828842587006605,-0.005911974814518398,-0.3267358769020674,0.5,0.08539976700010043,0.10616754551790249,0.4967546331590041,0.054350742593125494,0.080805402946378,174878.92001189856,99397.44535031286,5526.909769429091,0.5683786550348663,0.05560414304361893,0.9335012686538113,157936.9095286964,138561.80943141537,0.877323798755473,-0.25178482239279126,0.7698528045883218,5591.319340047981,21745.887359440505,21045.625247211872,337.31979677683364,21058.909685386465,21532.258561052513,0.9384972173954775,631644.7168314329,557085.7784640046,0.8819606396117047,-0.26215335566341624,0.7602563160758613,22213.086391397097,82460.39994508527,79578.67911299109,1271.2949773420335,84043.64141781535,85848.683981223,0.4636540220117638,6155.095268745955,13586.151600669768,2.207301594445966,-0.13917211073811736,0.8912055656225616,645.5888309441075,5785.53022055281,5731.449091875342,10.61269658383857,70.19843805683188,93.42390498363916,0.2743865059459349,5907.391509162469,19593.11212730207,3.3167112924397855,-0.22437227738337825,0.9070257921573617,731.9600080767029,8582.73987150209,8448.673036983037,22.542670594455977,45.49676678285834,73.40055307429333,0.31139380939355105,9883.780106524422,16545.20779916498,1.673975707760157,-0.19121845434143117,0.7013473430536559,2987.981968321892,6701.939468944145,6796.000654425197,44.828842587006605,76.30211889082499,113.52580492913347,0.7273957836378608,2200261.578232107,2263567.3220195067,1.028771917127356,-0.26689677189393546,0.6911756494849566,73510.06474861094,179506.5456343114,174878.92001189856,2300.2615367717576,246056.68836503976,249337.04909802228
MO_init_s1234,MO,1234,0k,MO-ADAM+MO-LBFGS,0,0.0245,31018188.943214327,2135143.495659062,0.6542394844781968,0.5315537784673664,0.1551039851281476,0.18721058941141744,28527120.70860215,1814217.7865853803,0.7812485808361168,0.5569282142383696,0.18916693232132423,30268013.31544179,2034104.946508461,0.7577270659521183,0.4614305411364132,32532252.4034557,2269627.689073802,0.6626829219065747,0.1551039851281476,0.0,1.0488121167555333,1.0488121167555333,nan,0.3355116031570923,nan,nan,30824059.927635264,22761882.306805402,nan,0.7384453040982532,0.29645080392016104,77629.50194441513,43510887.665015675,560.4942267460466,0.0739249978686112,0.9963422544443988,86479.3676660012,21761825.550853495,21768389.378306363,2063273.4794566764,2554.2023405952027,4131533.4839678216,0.6148219164775766,293146.7092660612,62175684.56097843,212.09750133864716,0.036948944246205505,0.9877660532753211,401610.4272887064,31000753.361547224,31018188.943214327,2135143.495659062,4043.9804933031546,4297019.362287278,-0.031009780237693924,47245.494029627764,57050752.5119974,1207.5384898339878,-0.2184538477817987,0.9828113070505083,411792.48462352116,28614247.92003382,28527120.70860215,1814217.7865853803,1445.3468708087967,3611092.047290464,0.07060945994661465,76980.1822359002,60838609.07853969,790.3152124543454,-0.24416961843317087,0.9839249217679784,399454.19232523144,30363069.091518737,30268013.31544179,2034104.946508461,2904.776885695578,4100497.8890494984,-0.03285705620993763,58773.98882824919,64999987.06532907,1105.9311842058848,-0.17360347915810234,0.9880474751333034,336772.23204552196,32589026.600714594,32532252.4034557,2269627.689073802,1822.7051125732823,4517524.637244046,,,,,,,,,,,,
MO_init_s1235,MO,1235,0k,MO-ADAM+MO-LBFGS,0,0.0245,23562060.855587393,1184332.8759583957,0.5330689321859198,0.5805385495463736,0.2313913536682299,-0.011867627295670249,23131387.111317944,1116216.7807696434,0.7952964195602522,0.6225494975146308,0.2501143423158663,36164947.11544757,2639370.095334392,0.8834538633341849,0.5949304507052597,31168128.15222566,2042005.0153114023,0.6894800904201747,-0.011867627295670249,0.16666666666666666,1.322809933445809,1.5348804731939054,nan,0.30450569663222943,nan,nan,28103244.251370363,22231219.415202808,nan,0.7910552680806158,0.3256567868077268,581244.4297366424,42126957.237698056,72.47718013708187,0.3089074157493898,0.9933220447604014,206572.6238625371,21034367.93456455,21099094.508130938,1745481.1918434585,19113.64479437987,3499974.563748667,0.6835911135540288,2310782.8601220255,46514185.33388081,20.129189175059285,0.6913162270315466,0.9897226470285242,816558.5316269448,22990172.50188888,23562060.855587393,1184332.8759583957,65348.29432772011,2359344.0737108774,-0.013486752155374475,75417.84575428166,46187248.689526506,612.4180321990216,-0.1266481753712369,0.9861772772090829,289354.92448861164,23166252.546797484,23131387.111317944,1116216.7807696434,2525.682849722485,2222702.453103006,0.0017986184327278651,45377.41157926188,72650524.89448698,1601.028405236082,-0.19839162016677245,0.9855111238772061,445875.59396740026,36250764.59530529,36164947.11544757,2639370.095334392,1514.3823743512248,5308404.915989647,-0.012923002680890422,134741.24081064848,62457651.99677753,463.53775296272585,-0.19172902620454252,0.9870602434366539,344397.0454686896,31232326.218865603,31168128.15222566,2042005.0153114023,7066.21962572565,4109446.8121911353,,,,,,,,,,,,
MO_init_s1236,MO,1236,0k,MO-ADAM+MO-LBFGS,0,0.0245,17813645.496187467,883915.857708934,0.6309053400700882,0.5663937038623117,0.2907452876482451,0.0827664487312898,24919717.394965738,1341829.879319634,0.836660504536355,0.5999077886924564,0.24383696480408243,21010340.046534747,1081839.8792264953,0.835181374828379,0.546380283995043,21091679.146929108,1098867.8112692614,0.6362922651943066,0.0827664487312898,0.0,1.184018125399611,1.39891171631877,nan,0.41196598491384956,nan,nan,12164708.849030033,16838493.212261524,nan,1.38420848548333,-0.2985717458335615,516118.29937002494,31617716.588084083,61.2605998017833,-0.3158756270996801,0.9838618468069992,197349.03830660062,15825221.760048766,15763996.096265806,1101613.3568810811,19616.96654252024,2221649.6527794143,-0.5205663146687021,1999823.5229165626,35944821.00113094,17.97399649980547,-0.552825866191258,0.9445162684709761,679685.633055529,18180387.073817976,17813645.496187467,883915.857708934,58729.04017854344,1757666.1659656398,0.026987484010337286,57622.36522192423,50146730.0428919,870.2650411825165,-0.2388320270117465,0.9848042793543397,311871.4628194046,24992361.994922753,24919717.394965738,1341829.879319634,1673.6313139731656,2707356.2875014055,0.09382032988656269,234342.83553167616,42168666.690341055,179.94433921851692,-0.16995379987426582,0.9820671477397457,330075.7607664899,21063919.644629788,21010340.046534747,1081839.8792264953,12878.883780288816,2210399.4638931444,0.008982089514124166,100173.06428567342,42227525.47375737,421.5457096663527,-0.15050278408413834,0.9832822260558293,313672.1358934042,21136607.944458168,21091679.146929108,1098867.8112692614,5186.310897275545,2211176.6937574665,,,,,,,,,,,,
MO_m0-128k_s1234,MO,1234,128k,MO-ADAM+MO-LBFGS,128000,0.1505,459021.5984842005,1898.4793017980373,0.9306012635532523,0.6897411130378093,-0.3185392383223463,0.4103832724159577,217179.98416446225,252.84687367548054,0.8216628821558949,-0.18502419616816373,0.3068642986255759,178155.67022856942,316.125906804271,-0.22219466282613914,-0.6103715994628834,241166.56275418855,434.1507264095917,0.55381602302656,-0.6103715994628834,0.5,0.5253926254245518,0.5253926254245518,0.6962303567379596,0.5382984499346348,0.596982083934939,831679.381090104,344196.509878561,104248.94281065359,0.4138572119311334,0.3028762344145633,0.8008953566962769,384792.7343162228,573655.2222097183,1.490816148670542,0.021904771983433845,0.907887557667942,19225.25841480613,173417.3967710127,174897.86971932056,725.4007021718451,54739.94723694942,55533.77435272801,0.8777515188445244,1541012.120766468,1908313.264210339,1.238350586925418,0.01846455387091173,0.8705035674525033,76025.46047718453,451280.36071262433,459021.5984842005,1898.4793017980373,218341.3071715569,219299.81159940016,-0.01650887771529365,27229.652617453685,467698.82712116075,17.17608497221058,-0.2269501523035696,0.9733437721467345,4890.14883442241,218237.57888038718,217179.98416446225,252.84687367548054,477.0161361612356,1045.7876044411296,0.11107454159300274,5737.337303197085,372842.0838155558,64.98521249705722,-0.46839389909784357,0.9508377403115461,6332.956470957871,181034.10172994604,178155.67022856942,316.125906804271,33.33908860439013,709.3205155092376,0.0951788463966009,9841.263573568727,502463.8924997723,51.05684740009096,-0.2985523236529517,0.9526403051062172,9360.350567145204,243795.60080455223,241166.56275418855,434.1507264095917,108.12655147515447,1080.1776915615324,0.8184598551140025,3814264.116460524,4749960.444773907,1.2453150331869702,-0.14331363342792247,0.8014378980023429,201432.47702394114,836301.5547246707,831679.381090104,3857.9456303313905,485375.30902044306,487157.8422161017
MO_m0-128k_s1235,MO,1235,128k,MO-ADAM+MO-LBFGS,128000,0.17500000000000002,281657.5429891861,915.1568941352671,0.8011281256257534,-0.6312872908981382,0.10295100112577019,0.5601867278817831,83729.97426546676,99.65382686792208,-0.4314132669199703,-0.06728621471671879,-0.4052006480233788,100010.85967250145,67.9949313961351,0.5240546367533535,0.48880257119259746,269942.3098012453,248.21256270596027,0.9086126247604127,-0.6312872908981382,0.5,0.9584061088383824,0.9584061088383824,0.741456103338923,0.3542873549110521,0.30772323232406024,357148.6466165498,244987.0625000837,103725.32970556596,0.6859526553466473,0.42339105031528157,0.8025709666801866,416750.46996625396,405587.50900321675,0.9732142810446234,0.12797117070907674,0.9136494336515898,14128.35787685109,119184.72840683821,121801.42578143826,332.75455377632113,61841.50009857242,62713.651815010715,0.9142983788499195,1664933.6770552995,1444068.1782720191,0.8673427645635013,0.1934401012907065,0.8753948461314125,56548.70522674409,265200.4394408318,281657.5429891861,915.1568941352671,246368.40471881707,248913.3719888289,0.08892183446928865,33012.23740623625,212583.53299606062,6.439537265532389,-0.42875238442386315,0.91744824864772,5371.645707350252,85892.32955107027,83729.97426546676,99.65382686792208,866.3572569184495,1184.4641056914475,0.06447814056841848,11660.52418590106,202331.2130447719,17.351811103776452,-0.15168934966427952,0.9759766039999477,2157.2423380056507,100315.35717167154,100010.85967250145,67.9949313961351,106.04372777557384,227.37745107801095,0.04311728860010655,4506.115574528058,549571.3194590802,121.96121257201418,-0.23216994560163934,0.981184353954821,4226.564219249344,270892.2844590846,269942.3098012453,248.21256270596027,25.194690778547212,529.3937144445135,0.9613815070916691,3158329.084173813,2915293.1627213773,0.9230492089408057,0.19034997834951906,0.8314735504251638,110088.39959872207,319448.5910054003,357148.6466165498,1263.7400473592147,445722.45033253834,448012.44593689725
MO_m0-128k_s1236,MO,1236,128k,MO-ADAM+MO-LBFGS,128000,0.2,104074.84361519509,441.3627458967828,0.6332693642781743,0.56826233270967,-0.06392415783196656,-0.03461606078963828,118891.09236865726,225.80173678204747,0.7728020335478898,0.06300150482487644,0.2014756069444471,148874.22458337664,128.1532331709313,0.5813394379847486,-0.05249361140412924,42787.96496366133,43.61343742607357,0.21809860366303663,-0.06392415783196656,0.5,0.4111268725213268,1.4304535026141587,0.7350475384217248,0.3698985279606184,0.22695911946024816,164444.41236141731,54895.16923422038,68101.84536552301,0.3338220402014713,1.240579932907282,0.9347267770153338,442186.1183649018,425090.95162884484,0.9613394314609631,-0.2982919624240942,0.8357131630929004,10178.902809519072,65703.93375184784,63416.28536716154,209.73278831895877,68099.7411997374,68798.88674092223,0.9601731635593099,1754402.3772253674,1585627.0134244831,0.9037989425961638,-0.492164741885777,0.6596541443469447,40006.80855718686,117765.02461795195,104074.84361519509,441.3627458967828,269774.6806448237,271738.8932926363,0.49593341756422943,55698.94200913297,185956.63489820337,3.338602641100652,-0.5006708712275223,0.9113120531787706,7839.279632229528,122622.17092573273,118891.09236865726,225.80173678204747,2507.940677412796,2965.561236246732,0.13400558212421076,7754.880079072065,311084.6962215801,40.114701072051126,-0.27796336249128367,0.9637877494671451,4424.467715897406,150043.38546618092,148874.22458337664,128.1532331709313,34.31563583198593,312.20858476831097,0.23410920063369073,11042.435646259082,102226.90785233455,9.257641260238326,-0.6271069013687154,0.8681550797270318,4065.7956812857633,45220.289216259116,42787.96496366133,43.61343742607357,82.0278408811163,178.88385003755377,0.9654616386791404,3221031.822622611,3010959.2720862576,0.9347809763750458,-0.5203194090874202,0.6222317387502467,73966.24506872515,190315.37562086573,164444.41236141731,596.6689398029699,466781.0768689718,468973.4715029856
MO_m0-256k_s1234,MO,1234,256k,MO-ADAM+MO-LBFGS,256000,0.24975,310074.6924835913,825.1508037537408,0.604085588882538,-0.5506245173829747,0.0010736586746932638,0.3145987859985922,161361.5612943616,237.94259440997624,0.17749181275584203,0.42458702657332137,0.0053609741246314615,192793.74050598053,465.55519038292164,0.725244243484363,0.42701805774718754,85256.25362946634,59.69113979376576,0.6472610152589968,-0.5506245173829747,0.16666666666666666,0.2749539246385868,0.6217654816062839,-0.2471529401250923,0.004866934149767167,-0.060718435369468304,380449.5692844027,82338.53996232944,116447.96215052812,0.21642432167081196,1.4142582829839347,0.9168206473302257,448629.22859801125,496459.7341095776,1.1066147777777187,0.2625545778567037,0.9144838154418108,14288.146077169527,98058.73258092743,102739.40224823465,397.0849320851011,77077.84240374804,78252.31726787708,0.9598482545918975,1776536.3672524968,1921973.025497395,1.081865286253511,0.3276336160496401,0.8983776550928337,59917.23925309411,285232.3653990271,310074.6924835913,825.1508037537408,299517.596358248,302229.4490913084,0.39522764491130447,112721.41692824839,345885.6194083966,3.0684995703040743,-0.31138200956122797,0.9319956280752993,9157.35654560089,163978.17803581734,161361.5612943616,237.94259440997624,8703.893233593222,9508.662641395833,0.3235696270335155,5825.277646824258,412857.2851790361,70.87340899606936,-0.7326975224809471,0.9165580512039382,10201.827954702672,200143.53997124344,192793.74050598053,465.55519038292164,39.46612965205018,1088.3347229732767,0.09885401228735083,6856.353413338856,167912.84823072,24.49010984527868,-0.2220825663573803,0.9571056603178891,3172.485464157655,85904.67410582094,85256.25362946634,59.69113979376576,50.41389349889654,182.82261583077212,0.9283487903142513,2285939.4006652622,2765227.6299848408,1.2096679505940071,0.28763780810815487,0.8852440632810663,80241.71336929116,349526.28515792335,380449.5692844027,1041.430346546549,375872.5843696804,379442.24427282857
MO_m0-256k_s1235,MO,1235,256k,MO-ADAM+MO-LBFGS,256000,0.32225,359281.87100408366,760.7605048215546,0.8834932338872307,0.8058306784888791,-0.05834804005992863,0.39894179363061677,336499.8922703876,552.2353536751501,0.8322713388854972,-0.16447152172678806,0.3248863627724611,191209.36371453604,266.10492819088506,0.262634069325696,0.43352643107470495,219705.7371184911,198.8922156380605,0.6939312985419466,-0.16447152172678806,0.3333333333333333,0.6115135631655455,0.9365902357666215,0.8442647824016036,0.5020460643408262,0.5286539569749197,359281.87100408366,297413.08167149086,168054.99889067962,0.8277987443126804,0.5650558406718156,0.6948027607144249,507533.56041968364,565217.8171338864,1.1136560440781555,-0.2114296900298328,0.9489499594001437,9044.569873479199,201757.14068569313,200040.27467660743,444.49825058141255,86590.60651312448,87469.96116717136,0.8604817985333165,1970335.6166100986,1871139.3044910403,0.9496551190148395,-0.19876484540428677,0.9039170557687096,33080.77445063078,364391.39261512173,359281.87100408366,760.7605048215546,330478.2452871407,332594.0885655429,0.3365445463894434,172730.3844471601,591310.2109247788,3.4233132336115792,-0.15228867064530066,0.9624679418077412,11556.056452519979,338065.8661627535,336499.8922703876,552.2353536751501,15605.140067458833,16023.570690777036,0.0656398418090087,18261.06779795169,409602.6560054697,22.430378143134323,-0.375231533996053,0.9634930090476673,5314.330011547656,193140.0042897781,191209.36371453604,266.10492819088506,256.40215767929595,833.6436955942906,0.006033363431362848,4636.432489080904,445999.88975424215,96.19462610630059,-0.16452995822348399,0.9884817504290643,2207.6763805094906,220058.17427695057,219705.7371184911,198.8922156380605,22.63854021911191,428.54171677124765,0.8604817985333165,1970335.6166100986,1871139.3044910403,0.9496551190148395,-0.19876484540428677,0.9039170557687096,33080.77445063078,364391.39261512173,359281.87100408366,760.7605048215546,330478.2452871407,332594.0885655429
MO_m0-256k_s1236,MO,1236,256k,MO-ADAM+MO-LBFGS,256000,0.34750000000000003,167830.8652194529,357.56232423560857,0.7462192855221897,0.15488615007905707,0.26980116037272206,0.21595986509776832,23746.727720525203,48.221462489372385,0.2428207532085377,0.2823935291455367,0.01636172721754721,78203.3460364344,119.78523074628508,0.6096980502171766,0.3365867327446636,169731.32542304473,167.47071749500742,0.7573619271926301,0.01636172721754721,0.0,1.0113236632672233,1.0113236632672233,0.2914495627266497,0.18104346356340204,0.2707173447112953,147010.4172617594,46315.66871163501,88099.61016617104,0.31505025000485265,1.902155633651457,0.9355794010492229,511934.2792387451,505434.8167544067,0.9873041076795968,-0.3235777679225561,0.8844220891730281,7855.972270802039,78989.80581731451,76808.32449254923,173.25993374156837,88445.99385967877,89094.82523517737,0.9462175272809129,1958828.898704798,1825980.0596085524,0.9321794572338161,-0.18522206042764208,0.845851986880502,27677.559830925944,170738.79175608436,167830.8652194529,357.56232423560857,332905.51777420833,334776.51868185785,0.5952211015425513,184989.10322892183,327714.90251834935,1.7715362515856192,-0.6067187029412602,0.7173215652694865,6139.816618781069,26964.90080541059,23746.727720525203,48.221462489372385,20070.322453970282,20128.415610631928,0.02790972930573588,36076.01900188981,184761.15843520846,5.121439769325155,-0.7433180735510914,0.8851233294166944,5878.814768585489,82474.23552099532,78203.3460364344,119.78523074628508,715.0279756595648,1022.1438843242147,0.024950706395847125,11211.489170342531,362504.0010448819,32.333260598761896,-0.2901204617027814,0.957496971711218,5913.157808717537,171352.49465564959,169731.32542304473,167.47071749500742,93.10723487689071,452.22276389553906,0.9744157933562411,1772985.5864747756,1689693.1911433644,0.9530213917322242,-0.18655232764752816,0.8437327916541223,24637.857857070383,149600.26434930757,147010.4172617594,321.6088638811186,301056.36278502,302811.8149318321
MO_m0-384k_s1234,MO,1234,384k,MO-ADAM,384000,0.34725,91106.79188472831,250.63331738531645,0.26251759372299316,-0.5730766500723254,-0.10267832112487583,-0.11458434797510327,77182.86378379745,119.97537346679295,0.3319811715606392,0.18096066530066127,0.07696967711350075,98443.68871349415,64.34358198746082,0.802982814173031,0.21208712074192151,16719.884186425887,7.760872825576891,0.2493253264935534,-0.5730766500723254,0.5,0.18351962395493523,1.0805307340647967,-0.3338321815799294,0.07760726566177104,-0.09894887104985167,68863.36489967356,111782.21169608862,46359.4483210453,1.6232464367511399,0.41473010434868207,0.9738174711904265,483097.6989968503,477917.6858848064,0.9892775040684314,-0.2781484725103845,0.7932911198051339,7362.533234450916,34475.09446325105,33189.41852630028,110.67828641628677,91424.4142266044,91653.55932287293,0.9511517954761536,1869563.8645596597,1759498.6342891972,0.941127857487561,-0.22526067171175557,0.7532094543098725,27700.67487689935,93257.43493361124,91106.79188472831,250.63331738531645,345524.66460779787,345779.5651205598,0.42635140022006135,183042.2283421284,430383.8400919449,2.351281690515178,-0.3147528993748697,0.8980321156508141,6875.99346937976,79070.66972747279,77182.86378379745,119.97537346679295,19768.324950943585,20211.86587256114,0.2028390197997041,17311.75732335324,232423.18859238582,13.425742069457689,-0.2999659478878408,0.9558371302925368,3543.540463987162,99448.57565454568,98443.68871349415,64.34358198746082,335.175184145265,539.8952848385658,0.23818288867315454,8497.420793387257,39979.41347993513,4.7048880421512544,-0.6904618449998493,0.8905014686725723,1230.2093243109534,17545.598211806213,16719.884186425887,7.760872825576891,69.49216353084381,82.91101353221887,0.9771677254931351,1671369.6216739914,1660137.0769672054,0.9932794370789533,-0.261793189232705,0.7171788478608782,24974.381456255334,71045.41207930639,68863.36489967356,246.4835178440618,312542.1480420663,313485.0252972718
MO_m0-384k_s1235,MO,1235,384k,MO-ADAM,384000,0.418,121829.71540803686,370.9111889981629,0.8365452711145708,0.2170758071125308,0.10244487421518135,0.32719998913005,42484.341717336225,76.46669291715901,0.5367210034102705,0.4452080713437146,0.24738561262812309,33564.63452615301,30.02684964236066,0.49440835532606153,0.41874386344444037,64454.2334896083,80.42965664845511,0.6929911619117682,0.10244487421518135,0.0,0.5290518267545454,0.5290518267545454,0.04824050508969954,0.4140321982787257,0.2134910007080756,99700.9728817714,40451.315564193916,42798.99604900755,0.4057263875665725,1.0580371849980503,0.9736008925421081,512963.7376872822,473623.8207999089,0.9233085811002179,0.00018063314179630753,0.8616527635849082,8194.520502873633,45765.487690306676,46494.7901827181,139.4585970515344,94122.99690960639,94901.79968484349,0.9703334757921324,1948945.2505846547,1831894.7537153314,0.9399416187631695,0.2368976108900799,0.8579862414579639,31566.347537835656,110428.60473670588,121829.71540803686,370.9111889981629,350356.12070150697,352579.54870565474,0.5530890089301622,235981.75916526455,410355.0788912437,1.7389271117512974,-0.5116932072087926,0.7869663841118916,7975.7514172871415,46009.199623894514,42484.341717336225,76.46669291715901,25018.048971706885,25635.237220893854,0.27616699826738655,34692.44452679461,126240.4025451676,3.638844257505873,-0.5094796735644674,0.8762659068192525,3215.5256725253967,35088.64006637558,33564.63452615301,30.02684964236066,1018.1635351275886,1116.7507079255065,-0.028569084615278798,9700.502532440796,144897.32582197143,14.93709478837825,-0.6759200302075647,0.9028687544967484,4181.428796176653,67206.83574237696,64454.2334896083,80.42965664845511,99.65443008409905,275.66210489984,0.980801213577075,1463346.188307088,1334409.9333481465,0.9118894380637947,0.19568872331269363,0.8609196102349254,23334.4544444203,92473.07473308941,99700.9728817714,295.9951641324994,268021.1058620441,269969.9347025248
MO_m0-384k_s1236,MO,1236,384k,MO-ADAM,384000,0.419,150322.89796946364,413.9426507784428,0.4804765866824195,0.2763459654829041,0.0013954734038104594,0.11943541280986399,32908.866271934174,45.5652648514901,0.26792867427050787,0.08832457290879171,0.0674386388926034,163289.0791315479,184.64474993652937,0.8348865855818329,0.8250606073483694,179744.53795662432,169.94376918711282,0.8877736752888561,0.0013954734038104594,0.0,1.19572294297531,1.19572294297531,0.4334876068285683,0.11368590801950045,0.05838788537101535,112539.07750813368,37391.63411133079,154615.73154874437,0.3322546704599417,4.135035422319003,0.9225565544201842,517907.37016636773,527819.0928208792,1.019138022019898,-0.10053345128914315,0.935554577868231,6074.7291524028215,94652.74350377893,94236.0481605879,203.52410868839377,91695.98635102414,92351.48563206535,0.9523417503811782,1951631.790027991,1837679.220923623,0.9416116453489757,-0.15936735577995254,0.8555392546133072,23438.74925734778,152266.68700274255,150322.89796946364,413.9426507784428,340768.31570026913,342113.2028149355,0.6451128951510875,211638.7546442764,354591.97963718965,1.6754586381553314,-0.5095197711694868,0.8370494259670116,4387.996359948673,34927.32391987328,32908.866271934174,45.5652648514901,24367.294979931125,24908.188018800305,0.11957698447895368,50948.433545694905,357232.96351700416,7.0116574476545415,-0.13462443299039592,0.9639865494619323,5455.372433785528,163934.0025763646,163289.0791315479,184.64474993652937,1519.2186424619024,1875.8924117341803,0.03526609501601679,11854.665073112732,364822.9936936483,30.77463525486639,-0.09083771863426318,0.9694910072366896,5255.229086868494,180145.70461435753,179744.53795662432,169.94376918711282,129.11608143433398,508.65928279144975,0.9705853386086806,1474117.815707433,1396184.6906017747,0.9471323633191028,-0.1891981326669276,0.8536568992264714,17308.70237949101,114523.04127549415,112539.07750813368,316.1843272112573,259982.57324404074,261388.63583302975
MO_m0-512k_s1234,MO,1234,512k,MO-ADAM,512000,0.39625,112380.63700898273,641.9627357811692,0.8326320789162642,0.5358422489736565,0.03649878402263484,0.1103218803289199,75135.77411095506,136.23732711750858,0.6283667686929395,-0.2086613635749715,0.0996195170751204,89266.95852369315,67.11529388470908,0.3771548041025746,-0.0749962960235234,56601.27803734553,194.831318186084,0.3583793209100287,-0.2086613635749715,0.3333333333333333,0.5036568535629614,0.7943268600315723,0.41075303498960625,-0.1034140446197975,0.0732534667792373,108687.89857852677,57083.391666147894,46335.69147783206,0.5252046677938599,0.8117193131905381,0.9709634160710704,483220.64722607605,515986.1416299697,1.0678064867302002,-0.41129664619398715,0.7757536509316983,10666.660108551543,52090.61361509873,48684.18421364164,260.03666874236774,94242.60199776589,95528.04103947351,0.9708048709554159,1842047.3970864953,1868871.7079869278,1.014562226217881,-0.46162351320721356,0.6821804385199607,39692.189014735864,125045.2186611579,112380.63700898273,641.9627357811692,350579.6423810184,354119.485196645,0.5038360276822724,215637.3959716836,450094.547647315,2.087275009138114,-0.1099364985661237,0.8895962629980319,8868.641222646133,75591.89130897634,75135.77411095506,136.23732711750858,25535.7000705671,26432.63083331642,0.16059077456957274,22744.866444634426,172441.49145100606,7.58155656225827,-0.1216221009050789,0.9647284433433401,2952.7100434293384,89577.94885819036,89266.95852369315,67.11529388470908,786.0815979042378,1024.0975465246636,0.2760039775346252,8330.845792600307,134910.75910859468,16.19412511853553,-0.7367151282452539,0.8439860950337693,6111.5512419305405,60952.679283195364,56601.27803734553,194.831318186084,68.98394157376845,535.9505814079287,0.9782697217931492,1384720.5489694104,1440243.7107211521,1.0400970158152598,-0.43911862701525567,0.7334444846871574,29770.11144202445,118418.19844060611,108687.89857852677,517.161561751746,268916.489327794,271683.74163217074
MO_m0-512k_s1235,MO,1235,512k,MO-ADAM,512000,0.36975,158539.12888128642,967.5247915432524,0.6344978113966383,0.6017674814776685,0.2884647857450815,0.0918627447185546,100007.5318292029,195.5991748922148,0.7882119564216195,0.6120221272298771,0.3187419525060924,150996.8634066299,249.4951621710331,0.83247069029045,0.5846573419147302,185670.52000923184,469.6950968959568,0.7277608293386408,0.0918627447185546,0.0,1.1711337214944666,1.1711337214944666,0.5946874012588115,0.4134554192406861,0.25249751183302216,120408.29698772497,126460.24715951395,149245.59123037104,1.0502619032341762,1.1801779182205472,0.8702415970857257,472340.2711902792,460989.2984670182,0.9759686534991882,0.06947760677611178,0.9019440086145017,13785.821397051139,108240.61626110073,110061.01433834109,470.5785563756142,82089.18567861976,83152.05519143044,0.9578400022849736,1805164.8920103463,1704865.8425639782,0.9444377353613006,0.006554348973493791,0.7806996206479153,54584.1725228475,148488.9745471001,158539.12888128642,967.5247915432524,309509.5256639726,311674.25740415376,0.5366631347855207,195581.84072628777,342218.9710307024,1.7497481860273003,-0.2791565714469444,0.9134575864265597,7616.47153795129,101865.93171235366,100007.5318292029,195.5991748922148,18001.108223897016,18723.623624972457,0.10201683729362378,27596.998996107726,282600.4389939238,10.2402597845433,-0.16662935254160116,0.9515958839951801,6707.846860541617,151969.66104616,150996.8634066299,249.4951621710331,792.7708266423073,1138.6460361827624,0.1205395642677446,7677.32156057659,368822.884342251,48.040567459903464,-0.21807437196884,0.9702301104315643,4724.044676353802,186643.4649617922,185670.52000923184,469.6950968959568,53.33799996712912,1071.6937004127853,0.9649617544089482,1471454.6668863746,1380511.817341444,0.9381952760139276,-0.048123301930269625,0.7618231252854614,43748.20971459748,114304.61513579938,120408.29698772497,802.7428985317025,254562.98691181498,256397.90077550377
MO_m0-512k_s1236,MO,1236,512k,MO-ADAM,512000,0.34625,52522.16926445306,217.39966964358717,0.6353851201318738,0.5214944793500805,0.27309056936317583,0.1654959304776478,48443.61434865265,42.46047558451636,0.7265064457604573,0.4442113731470074,0.27137744549897735,72024.04319540826,53.422008599716285,0.8740270887209907,0.8243570679905454,43858.14607638424,20.19623997917086,0.7589134636888364,0.1654959304776478,0.0,0.835040644562017,1.3713074727123664,0.49830308660751665,0.36077096697016064,0.3497192051022794,48355.50396149709,42080.168954107154,53099.32927527613,0.8702250107374199,1.2618611235422208,0.9760557039096046,495828.2948982622,505953.5754557488,1.0204209414058636,-0.30391929849757027,0.8352553488982354,6602.673631980716,42724.129682447136,41200.47631242707,83.36959845174766,86987.97527084412,87334.5097740433,0.9808307070310912,1880760.2942568674,1835443.2197572112,0.9759049174751097,-0.5768579908542142,0.6059790719207482,24082.04924868449,62591.19030392183,52522.16926445306,217.39966964358717,329015.8027902818,330123.50473289954,0.5948367171322776,177267.3391396096,317762.9608044078,1.792563493911017,-0.15663989345298215,0.9031172967439726,4684.496536011357,48955.94919934042,48443.61434865265,42.46047558451636,17935.477030942813,18069.350136401343,0.17690218981370825,33569.79618085427,173469.2584204325,5.167420662487268,-0.23981116596848864,0.9438510129907158,3521.37016531938,72787.3291994147,72024.04319540826,53.422008599716285,883.6080438492255,973.54882244438,0.16278338557642014,9367.084157231648,94689.43393537463,10.108741668801148,-0.18884182201462496,0.9545449584106704,1786.2763436906343,44160.376760432,43858.14607638424,20.19623997917086,117.01321830259067,171.63540442790975,0.9797814006089024,1706579.889843724,1729348.0102372484,1.0133413738958388,-0.5607638871325883,0.6145551208166974,21636.206553063315,57047.54747250932,48355.50396149709,203.11663648200079,296951.00158414117,298128.6684484256
MO_m0-640k_s1234,MO,1234,640k,MO-ADAM,640000,0.37025,155768.41338181586,829.4934984023301,0.8011040409424252,0.5733077503813401,0.47973289777302525,0.21880607895237955,175518.26044656735,371.2250248160435,0.9086115317363064,0.7173786932581108,0.4608373118320144,117707.30125679387,215.21189881971137,0.8425097743131804,0.6369164454018076,26266.937340119155,17.65918389251359,0.5436203179920488,0.21880607895237955,0.0,0.16862813692358963,1.1267898069703075,0.5805296021198975,0.6519452146928039,0.5506763498356539,180308.35575521458,154361.13747509397,70981.64019218848,0.8560953086647499,0.45984139112502526,0.922462229587163,471523.6076609133,535681.9543453245,1.1360660328391223,0.09745153386159362,0.8923940312117181,14440.632843416013,96976.9135597607,99428.35338244952,358.3974014826497,89284.5403475305,88495.3924417049,0.9575496172358264,1806259.1816078415,1748473.4578141232,0.9680080664048001,-0.14528086262699522,0.7397453225125795,57115.92441350595,153454.4011314278,155768.41338181586,829.4934984023301,335650.9283249488,330319.777400497,0.36745891519331725,181800.68251863855,555613.794667829,3.0561700152630964,-0.22877445620100137,0.9455945993741247,8372.487105309707,177244.330675524,175518.26044656735,371.2250248160435,20867.205378789633,22463.58631883256,0.157642276313593,16271.720210814123,273798.7914073064,16.82666539616019,-0.2814288660145534,0.9677538407827772,3089.8548088879375,118539.52685451644,117707.30125679387,215.21189881971137,565.4311847369091,1106.4000102021457,0.27277628180892527,6639.88805656528,58881.22173272316,8.867803377272837,-0.5284367118546446,0.8666579539718936,2710.18030532343,27598.129010638855,26266.937340119155,17.65918389251359,54.596501646698854,91.80603728794367,0.9588028671448741,1469234.116342758,1496784.4583077224,1.0187514989330244,-0.015571673255358196,0.8152325120357387,46152.35083563579,175021.7965311833,180308.35575521458,843.3522949056347,277085.00121004315,273559.30663683714
MO_m0-640k_s1235,MO,1235,640k,MO-ADAM,640000,0.3215,59695.15854419285,398.22453853076297,0.545161214526753,0.00634648413793414,-0.008999991597263026,-0.008270279175275775,65239.47833917961,92.1284708398007,0.8023979146525564,0.32952453626926215,0.6009456412767017,20178.051663785325,33.374147634974456,0.41786860445475504,0.17816631495297788,25993.67968223882,18.488058294434794,0.6235655824035001,-0.008999991597263026,0.3333333333333333,0.4354403324516757,1.0928772103165159,-0.09629915925947118,0.7414826895446286,0.0403503078981977,59695.15854419285,57139.60908971506,27446.751545204956,0.9571900047373876,0.4803454553234821,0.9725478108916814,466180.544087919,434336.63616421196,0.931691898498232,-0.4556108978334428,0.6630824628365944,10743.088719596872,30553.450905489368,27383.0112012312,135.55380382499322,84548.43707512488,84646.59365794821,0.975405951572621,1791840.7680206937,1699863.739169622,0.9486689718793085,-0.48094352038762883,0.54481250566921,42490.342854123606,67079.75313856555,59695.15854419285,398.22453853076297,323494.48479480407,323953.0993496341,0.739663400710389,169968.91816069718,206557.04746599743,1.2152636476200194,-0.1998537050485557,0.8964644150626321,6542.855714977199,66231.34172443998,65239.47833917961,92.1284708398007,14430.853198541012,14245.776844358006,0.3414301575781501,12199.873210932454,46572.66505562004,3.81747123518347,-0.5735784079924412,0.8327572564802473,2649.651139488039,21580.761152649025,20178.051663785325,33.374147634974456,248.86773180507572,328.3468182140921,0.18157238981750273,3260.3667704586505,51364.82799832474,15.754309749359585,-0.18311824919179626,0.9446167017150864,1315.341645049914,26202.359063654036,25993.67968223882,18.488058294434794,19.54257534939886,59.15161958667889,0.975405951572621,1791840.7680206937,1699863.739169622,0.9486689718793085,-0.48094352038762883,0.54481250566921,42490.342854123606,67079.75313856555,59695.15854419285,398.22453853076297,323494.48479480407,323953.0993496341
MO_m0-640k_s1236,MO,1236,640k,MO-ADAM,640000,0.296,195532.32210174517,1083.364752990507,0.9471271362908775,-0.4830334663029743,-0.2596749080843418,-0.17523529541462377,28275.60339269737,54.632787219789975,-0.26660849151821137,0.3927946520984834,0.27183500265426,29852.50446711166,53.56830510240758,0.005518576560485566,0.4425231872577552,24417.80644592143,45.29522705536519,0.06162205112716527,-0.4830334663029743,0.5,0.12487861947047114,0.15267299107498922,0.3597761909209501,-0.03718006441383976,-0.3706882968725086,211680.55752716493,26180.705370708172,22046.89592134765,0.123680255175766,0.8421047335880582,0.9723806098460859,454289.2748876414,435010.95803632267,0.9575637860786239,0.10786682511983006,0.8174900613807332,13536.543463573786,41303.53332678095,44831.21774147121,309.2152680920175,76859.40644862565,77600.66249117113,0.9529203058047502,1732406.5234000846,1655376.421318994,0.9555357815612997,0.18640938870989518,0.8404520482167719,54974.291787735965,177677.0801931113,195532.32210174517,1083.364752990507,294300.8628116657,297001.94210469496,0.6945255985874604,147216.68252333836,248592.5447324529,1.6886166735420312,-0.5396381648560657,0.7561985266418144,6240.827014560092,31150.94564369393,28275.60339269737,54.632787219789975,12527.157370716133,12574.309916974473,0.12696908436847815,23050.18320015013,95257.47651013843,4.132612555960856,-0.6972544884426144,0.7508104884552894,6022.471671489044,33737.90052113965,29852.50446711166,53.56830510240758,581.2901462320176,677.2700642989398,0.6495054652038553,5429.946285947888,66275.0263846987,12.205466296455139,-0.7436560532594686,0.7059441472450659,6025.042425014395,28563.822064069434,24417.80644592143,45.29522705536519,28.3154658887877,149.1278787161317,0.9667194841613258,1936835.2991709604,1851202.6226217332,0.9557873214176336,0.1925970265829914,0.8360811758291847,62731.07551263805,190450.74898811145,211680.55752716493,1222.349120378551,327514.2545359381,330489.5279152521
MO_ml-384k_s1234,MO,1234,384k,MO-LBFGS,384000,0.38875,66199.90309857327,450.7857355890137,0.9898293279751348,-0.4081557452893106,-0.05166283039767188,0.173982245838244,7964.400329762893,51.989685896678346,-0.2872764797494063,0.1649073234686391,0.14195162389008112,3248.626293175048,2.317297462877591,0.026599323231810572,0.35576674239901085,1552.7598739291896,0.9002263214024355,0.24108056194405247,-0.4081557452893106,0.3333333333333333,0.023455621553057145,0.12030833818447902,-0.5239692328833223,-0.34472369111709206,0.21213298599590358,54995.59470026985,26637.921421105213,2056.99668108123,0.48436463986404543,0.07722061524858588,0.98514821150715,473189.6948704468,464880.82414698415,0.9824407192009168,-0.32947003300834216,0.58118046621775,12859.26827509636,14541.58907149541,15924.843047458264,126.49823631749302,90492.67458143854,91254.89626907364,0.962081869591215,1819537.203718476,1756546.0134182065,0.9653806527442592,-0.29338266712062194,0.5980113395356214,50831.97561736128,59868.104334266434,66199.90309857327,450.7857355890137,335833.1090163634,338892.27337558096,0.5655822049209984,216253.26437449027,388349.37780456874,1.7958081646899722,-0.6746966240571752,0.4523169668149451,6833.687387639203,10774.319638595878,7964.400329762893,51.989685896678346,25768.562892709826,25741.489606990206,0.3844457962759549,15950.194865741876,47508.26958745356,2.9785385061026872,-0.6412272478714856,0.7079850585943611,857.4392823086564,3731.1127693757326,3248.626293175048,2.317297462877591,310.7384932881197,325.578637975952,0.7478962747448561,7963.540911837916,12986.769054406806,1.630778217652124,-0.43247291170684315,0.6991679317799867,516.2541154532901,1704.6141528840085,1552.7598739291896,0.9002263214024355,58.28792339281527,60.24345574740309,0.9800128879902019,1479810.326092058,1427696.4396609673,0.9647834012831122,-0.2649541393675261,0.610870498306515,40763.427668575096,49264.81048129681,54995.59470026985,366.31635078466604,280177.33389983006,282577.6889302605
MO_ml-384k_s1235,MO,1235,384k,MO-LBFGS,384000,0.4935,54507.33767250561,352.33147126686,0.9902412589654092,0.4285945745165833,0.11779654761504693,0.06745597351061038,7824.375375655961,36.93833166943913,0.5286446716965109,0.06681422767149675,-0.2569286184823725,4510.5248019731425,5.627124001828646,0.1944595529569158,0.025110035746813232,1073.209294103553,0.5373391422650676,0.048322735105633424,-0.2569286184823725,0.16666666666666666,0.019689262765899083,0.14354719400655488,0.26814432216551043,-0.22658344938594674,-0.05044528426595923,33312.83520247763,5841.93366791127,1727.4198356180432,0.17536585020168977,0.29569316151370584,0.9920655786941115,534102.5677301402,519086.6472236687,0.971885698714599,0.3452046099522526,0.8226838703618166,9987.576047871971,7953.91587977062,14760.176019098297,98.85856652009821,100913.2107433422,103157.56008281076,0.9731985586505221,1996307.577141539,1956458.1270056956,0.9800384216379608,0.4577283552561183,0.8622852041760289,38958.56088451302,24254.094752540394,54507.33767250561,352.33147126686,363110.6273925308,371512.34727654525,0.625687441265268,311983.1672368567,470103.78602718824,1.5068241988526478,-0.7228222973415613,0.4083026217272741,7850.350531011324,11312.826385550958,7824.375375655961,36.93833166943913,38509.550422520115,39160.548878215806,0.4917373498076057,52809.78080372971,109568.18759922024,2.0747707324602636,-0.4988838641156307,0.6644438578827082,1681.026190995704,5107.395055527984,4510.5248019731425,5.627124001828646,1958.146813193717,1884.4388016224555,0.6229193012576989,9561.38498884687,16863.63803267245,1.7637233572692121,-0.6155031770580558,0.6306103276512361,421.81095138337946,1280.0471486905851,1073.209294103553,0.5373391422650676,74.5183451242461,72.90537485955701,0.992001415961914,1211073.3019927875,1180389.8768602686,0.9746642708727621,0.3669494474676227,0.8302990660777743,22804.6573867176,17316.83204219766,33312.83520247763,220.58862842830803,227978.3419652874,233154.58473511576
MO_ml-384k_s1236,MO,1236,384k,MO-LBFGS,384000,0.6365000000000001,49015.07419146958,145.96563316607032,0.9966097636959461,-0.243050700416964,-0.159702544584108,0.1499495656435048,2560.0334620624244,4.510499418742507,-0.18096550662369387,0.2670600639194092,-0.06421385396943634,2505.1910195451196,2.6273524543281024,-0.09640842631303399,-0.018978493736888136,824.7048890668731,0.5700300632302939,0.1649242019769168,-0.243050700416964,0.6666666666666666,0.01682553587178701,0.05222951315062916,0.015219831334686889,-0.7847778687021411,0.08702380039940592,21333.640484467232,6582.999720120964,1696.7090093126455,0.3085736691266532,0.2577410119168998,0.9919802770619113,588773.3076768698,583970.5107309053,0.9918427060409466,-0.3917019507552666,0.6890703928012508,4420.753115160379,13095.641628880472,12070.029006737996,38.41837877559281,112423.1936479922,112515.75716670282,0.9820405809654368,2196507.798335159,2141258.058016627,0.9748465539888324,-0.3775667760812678,0.7001702670161404,17157.620367996624,52846.88639341329,49015.07419146958,145.96563316607032,408503.971862637,408860.20475557377,0.7234667395211785,282329.1824215356,408295.8264440314,1.446169407434544,-0.6973114764990718,0.44374772116306016,2216.14998557623,3552.9691331712233,2560.0334620624244,4.510499418742507,37456.40535429017,37487.56763965078,0.5463480621562915,91886.17714710449,166197.5096605495,1.8087324429057139,-0.6234028366284401,0.5431774410690494,1469.7928153904575,3142.311499204331,2505.1910195451196,2.6273524543281024,3530.377663571524,3517.993126441118,0.6929146325208718,18054.274645293393,27924.19380995832,1.5466804598122106,-0.4852881051517756,0.6365390899462573,358.7833036769103,936.824306433103,824.7048890668731,0.5700300632302939,202.0197114701772,197.26314514561935,0.9916000127738264,1042874.4807913634,1033586.051768415,0.991093435313615,-0.3939136936186085,0.6883162844074673,7826.774161961606,23167.175810952605,21333.640484467232,67.44929342205221,199076.75686776906,199243.19033306086
MO_ml-512k_s1234,MO,1234,512k,MO-LBFGS,512000,0.761,30315.042930420695,59.17321570151692,0.9423586777194749,-0.12300248315984649,-0.061306141210690036,0.21291437542065275,3686.0705981185524,5.511384759700778,0.06124244092913472,0.08818200104234804,0.397282693341561,9289.96895409111,12.55764318158649,0.227065729715452,-0.18629140259689117,2939.6505287992886,1.3283762545715487,0.28751190595574905,-0.18629140259689117,0.5,0.09697002691193266,0.3064474945792923,-0.055314667357221056,-0.3618263837296214,0.22176471622814972,11350.407589404005,2100.1765630358873,3125.7327073697875,0.18503093800758963,1.4883190120222172,0.990854596381156,557594.750290877,545158.6589354422,0.9776969002148114,-0.2463747621162884,0.6357637719915458,4933.636295949016,7550.562724352325,7937.001459439941,19.64265497434393,114252.30685880299,114305.94131355372,0.961651161938915,2069251.8469604356,1993210.0084932563,0.9632515304606935,-0.2828576293002366,0.6206796886696304,19441.00836822319,29400.67838875478,30315.042930420695,59.17321570151692,394578.52585043287,394882.46405929315,0.6339541544835213,371528.4471750362,565063.3130783179,1.5209153360256764,-0.5384611989317066,0.5581547828238402,2232.0519152689903,4371.977489387955,3686.0705981185524,5.511384759700778,56045.962358302764,55754.41979800417,0.5320239282906345,85339.86632313281,189470.27413546844,2.2201848010641814,-0.5739994593974971,0.7071791894345282,2601.112647446095,10535.542238452794,9289.96895409111,12.55764318158649,5955.844173901783,6135.087674034543,0.6664763477064628,24659.54998034663,45745.31863097652,1.855075160229404,-0.3512414088316709,0.7753470071476701,682.3435900554125,3109.0562627841714,2939.6505287992886,1.3283762545715487,428.89505257450134,451.7937228829142,0.9908873702373815,809927.6063195118,790865.2302484383,0.9764640988622464,-0.2538736843491432,0.6315593334406389,7162.965765247174,10809.071046510031,11350.407589404005,27.957735067874125,165909.96623912448,165972.24733332993
MO_ml-512k_s1235,MO,1235,512k,MO-LBFGS,512000,0.88125,41388.72695033501,221.88849032797808,0.9894581427722443,0.49972113893612297,-0.033462339114637384,-0.08330928685306041,7385.637567182679,4.861576973466519,0.6008486571272675,-0.14167167173557746,-0.13725887064364137,3048.0308783633286,2.0357943519208326,-0.024058295753886294,-0.45541844943214543,3738.9097235198356,1.6423718040366397,-0.046764315554246524,-0.45541844943214543,0.8333333333333334,0.09033642730800572,0.17844563269716363,-0.020011370264531505,-0.5127863516135595,0.052154941035538624,13883.203108473224,4168.170244758361,1799.9035784432167,0.3002311651130736,0.4318210324318366,0.9932666293517664,576963.4691624353,561384.3439305421,0.972998073423073,0.33596967718293186,0.819395540797479,7585.81611674878,6187.106447561174,11285.471332944555,57.607058364350515,112250.78465859739,114127.92067081088,0.9713389026381037,2086649.2727444966,2048168.8611260965,0.9815587544485671,0.35415796140416506,0.8315204681326176,30133.230955881616,19641.52328833261,41388.72695033501,221.88849032797808,381048.0403128396,387936.81561663264,0.664178152088065,409277.2948854807,571853.5870380768,1.3972277333344043,-0.2277255871154497,0.7477222667019864,2317.292389479421,7560.222158480821,7385.637567182679,4.861576973466519,58585.49995083021,59151.87257223962,0.5577483420848368,121375.7723387203,221602.23178171585,1.8257534227118746,-0.4063096696009934,0.7254950560899196,900.5521032358428,3300.759611816766,3048.0308783633286,2.0357943519208326,8657.003180981044,8708.292325379425,0.7091131908576713,32775.7754404613,53422.340287087216,1.629933680261245,-0.3081108638162542,0.7781544665791417,888.9390104009555,3915.90358075774,3738.9097235198356,1.6423718040366397,712.5951897386298,714.7021689917904,0.9929813841313846,709404.8332009782,689504.570010897,0.9719479452933987,0.33476408922717626,0.8191415203642717,9357.174705779673,7591.304602532488,13883.203108473224,70.63850056811738,138075.77526425553,140386.75613160807
MO_ml-512k_s1236,MO,1236,512k,MO-LBFGS,512000,1.0,49803.48222545956,168.23813024374653,0.9990782117454255,0.43938251074955753,0.12127672037307924,0.1465858821086777,1617.6501890489628,0.53315604816228,0.4708975317887765,0.20406653171916755,0.16663769054267122,1509.4183976265672,0.3746946506612165,0.1461241550760559,-0.5006054198273614,889.9493458791022,0.22907175857580747,0.15143837274831903,-0.5006054198273614,0.16666666666666666,0.01786921930178127,0.03248066433840684,nan,nan,nan,nan,nan,nan,nan,nan,0.9917980476037584,596035.9969710878,591296.6034543017,0.9920484777079396,-0.42233951763120753,0.6819116399774506,4684.15249972387,13967.331588554842,12718.66410265146,42.343763175286455,114892.88315344644,115106.57859297364,0.9821329614419495,2201667.450371664,2146552.686284492,0.9749668079628155,-0.4293125539481912,0.6767365970607986,18711.823601255983,54881.77609730617,49803.48222545956,168.23813024374653,409961.6586152206,410866.99290093046,0.7416477607913642,302478.13236359874,424891.8071465246,1.4047025608971182,-0.36864698629756193,0.7422528418231823,450.7662957057817,1728.6126138792024,1617.6501890489628,0.53315604816228,41471.75012458109,41429.47507908704,0.5969989398260829,132479.70405674947,223439.02989409943,1.6865906478654746,-0.34478865437834405,0.81731252506941,266.3957187707514,1580.411165166798,1509.4183976265672,0.3746946506612165,7043.41801004671,7041.245062672635,0.747506307163167,43124.30586718932,62126.1809422898,1.4406302824588268,-0.29156295673476035,0.809927980042389,173.8393763488929,924.9612180354684,889.9493458791022,0.22907175857580747,1094.705863937301,1088.6013292044338,,,,,,,,,,,,
MO_ml-623k_s1234,MO,1234,623k,MO-LBFGS,623360,1.0,16910.1066113576,18.657310720838456,0.9309526702894145,0.40261296938300906,-0.03769975740852772,0.14862373218714586,1108.288823447612,0.6932348542438775,0.4875546184289924,0.15805182294469988,0.17562411002031883,6128.095027679237,4.44440091360274,0.3229506037020694,0.3728758717824513,856.0543071792823,0.2808903670827986,0.3156120613570165,-0.03769975740852772,0.16666666666666666,0.05062382673591881,0.3623924537272478,nan,nan,nan,nan,nan,nan,nan,nan,0.9918901198421117,577928.4486213182,566253.9786871121,0.9797994544790861,-0.16047332797489805,0.6614411620614354,2889.8282875600503,4114.616837477745,4633.028323100556,6.018959213941969,120089.52608204291,120303.42063263593,0.9623860856431565,2123399.9233257044,2048879.119747303,0.9649049607849256,-0.212285396375963,0.636441109603244,11479.054474759358,15090.735496695072,16910.1066113576,18.657310720838456,406187.84391061333,406947.2815486712,0.6419949362549335,408380.0279093081,610417.2437155561,1.4947284440930493,-0.5761389184376947,0.5613074741381869,630.0940375428818,1344.383186636686,1108.288823447612,0.6932348542438775,63080.739840440365,63071.56018381618,0.5585773137607144,116900.96096667156,237032.81142105162,2.0276378351468782,-0.6259874287130041,0.7432436297030801,1358.7267348292364,6886.342287998934,6128.095027679237,4.44440091360274,9663.153789730855,9757.136322513812,0.7399172840929473,47293.60429416749,70884.19798595677,1.4988114998606397,-0.3888194246190092,0.7478163071836569,226.44874709430871,918.2900062009483,856.0543071792823,0.2808903670827986,1426.3667873870666,1437.7044755425015,,,,,,,,,,,,
MO_ml-623k_s1235,MO,1235,623k,MO-LBFGS,623360,1.0,30175.273576509746,140.79867437969813,0.9925394473032921,0.44379457848474896,0.10738935376879859,-0.01559791614266413,4066.941355478757,2.0118927178565897,0.5423982040660067,0.33159266434668894,-0.10584685566222427,529.9895130709594,0.28467940675083325,0.15963910307170914,0.02338953192695229,1303.261557581713,0.24533942089592997,0.012850178731729741,-0.10584685566222427,0.3333333333333333,0.043189718041073556,0.13477728197449415,nan,nan,nan,nan,nan,nan,nan,nan,0.9933470870620487,593114.1335868965,576352.191133658,0.9717390945451435,0.16390531553097176,0.7658132405399379,5812.540786362237,4717.900426960906,8064.351309890311,35.83514648130036,115947.73776107907,117282.01120586932,0.9706049936512033,2134449.0427067843,2091618.2015151286,0.9799335377258105,0.17870767876473917,0.777356667192719,23109.65379468765,15708.14355627894,30175.273576509746,140.79867437969813,390016.24351069814,395044.4943170807,0.6627656717021309,425170.4226046411,594485.2069417285,1.3982280406521372,-0.2490491722521355,0.7305573528406408,1382.3641647566667,4184.53806361074,4066.941355478757,2.0118927178565897,61735.381134098454,62039.96357956644,0.5840078937592529,135432.02173942933,236446.39643303162,1.7458677305131984,-0.6059558014534293,0.563045334752646,288.70515325150205,652.5858589612029,529.9895130709594,0.28467940675083325,10414.734284308994,10419.02134824657,0.7534805994978122,49906.809516367706,73080.30706672971,1.464335383786894,-0.29597871960714495,0.8383958505683566,205.28485684158557,1349.1855722501368,1303.261557581713,0.24533942089592997,1624.592115210744,1624.5655785835324,,,,,,,,,,,,
MO_ml-623k_s1236,MO,1236,623k,MO-LBFGS,623360,1.0,46989.22583879694,142.18751153810422,0.9997145588100449,0.2252751257549127,-0.013711638561221222,0.21153827572263115,547.8432194607631,0.2671343009072359,0.2399947384336615,0.22166390958197277,-0.0988827862888336,1182.2800450769357,0.20759276602154042,0.005469812178088843,-0.6721971206218484,596.6183304791123,0.10888494677272653,0.20509179040631978,-0.6721971206218484,0.5,0.012696917640777787,0.025160662342744514,nan,nan,nan,nan,nan,nan,nan,nan,0.9921091937457117,600247.5777567086,595015.1228891368,0.9912828388460526,-0.41500702888673413,0.6844592791041303,4324.10906531587,12928.970293041755,11809.03025994781,35.69278088795143,116105.76529811346,116256.60215170332,0.9815647486439792,2209255.0441296874,2153162.8310540756,0.9746103496630428,-0.414881605603571,0.6834598305105173,17300.226483279246,51451.76703724392,46989.22583879694,142.18751153810422,411725.00411327294,412372.1088443784,0.7422100778877772,313874.6974985772,440435.4544324099,1.403220641684271,-0.5580002385818257,0.566243575136543,310.74932861619556,656.755193317951,547.8432194607631,0.2671343009072359,43764.72729196292,43718.77525121518,0.5967689813152142,138030.88651323112,232821.03094722316,1.686731403589919,-0.34161492282804573,0.8225243496628966,201.5255460420789,1235.8544483149044,1182.2800450769357,0.20759276602154042,7623.436270058827,7630.686634837075,0.7524606049299261,47525.29074135171,67740.66629686266,1.4253603763421394,-0.2142585428138532,0.8358624889542161,103.60450571409355,610.1711910821192,596.6183304791123,0.10888494677272653,1309.8935171591338,1304.837876382749,,,,,,,,,,,,
