state,problem,seed,level,trajectories,pde_evaluations,collapse_time_s,region,rho_1,rho_2,rho_3,rho_4,rho_5,rho_6,rho_7,rho_8,rho_hi,rho_2_4,rho_5_8,rho_even,rho_rem,rho_nonfund,rho_tot,f_1,f_2,f_3,f_4,f_5,f_6,f_7,f_8,f_hi,eps1,t_c1,t_h,post_class
FF_b1-128k_s1234,FF,1234,128k,FF-B1+FF-LBFGS,128000,0.0345,FULL,0.1597928176367303,5.287437898650824e-06,1.7352829997925772e-06,3.977929694664244e-08,1.712744980341047e-08,1.657279622208648e-09,5.780345651074182e-10,1.5301429552425025e-10,7.082015973676324e-06,7.062500195390073e-06,1.9515778286250738e-08,5.3290274895152334e-06,9.166491347181732e-11,7.082107638589796e-06,0.15979989974436892,0.9999556819748382,3.308786745262141e-05,1.0859099433503386e-05,2.4893192694798667e-07,1.0718060424714823e-07,1.0370967852986428e-08,3.6172398503608002e-09,9.575368686513524e-10,4.431802516189194e-05,0.8701833331637852,0.0345,nan,AMPLITUDE_LOSS
FF_b1-128k_s1234,FF,1234,128k,FF-B1+FF-LBFGS,128000,0.0345,W1,0.1870317318290495,4.837700164403513e-06,1.466074729060379e-06,1.2835471564797379e-08,1.2099544118058876e-08,6.106581579564676e-10,2.6691323429841766e-10,4.43748644953254e-11,6.329631855403505e-06,6.316610365028695e-06,1.302149037480908e-08,4.851190668990769e-06,2.911696782542256e-11,6.32966097237133e-06,0.18703806149002192,0.9999661585892948,2.586478990755959e-05,7.838376411780877e-06,6.862491764800654e-08,6.469027760206953e-08,3.2648871207645005e-09,1.427053040507527e-09,2.3725045131843824e-10,3.384141070520314e-05,0.8410643099942489,0.0345,nan,AMPLITUDE_LOSS
FF_b1-128k_s1234,FF,1234,128k,FF-B1+FF-LBFGS,128000,0.0345,W2,0.012218994256231845,3.1678610090367524e-06,5.761200895358882e-07,4.5894285387875725e-08,1.5875244723289712e-08,1.6572020153627226e-09,1.2444396513751346e-09,3.0771277670655753e-10,3.8089599831272507e-06,3.789875383960516e-06,1.9084599166734134e-08,3.2157202092166968e-06,1.8196841963523223e-10,3.809141951546886e-06,0.012222803398183392,0.999688372633041,0.00025917630784026816,4.7134857638188765e-05,3.7548084981840824e-06,1.2988219185456049e-06,1.3558281075524902e-07,1.0181294989059793e-07,2.5175303182361716e-08,0.0003116273669590149,0.9825770564152082,0.0345,nan,AMPLITUDE_LOSS
FF_b1-128k_s1234,FF,1234,128k,FF-B1+FF-LBFGS,128000,0.0345,W3,0.04914251033488935,2.1590996871275057e-05,1.0259030978024275e-05,2.5170260011498093e-07,9.356850411772723e-08,1.7382765137742412e-08,5.833108310184282e-09,1.4279116754024552e-09,3.221994273865538e-05,3.210173044941432e-05,1.182122892410565e-07,2.186151014820319e-05,9.81635391359279e-10,3.222092437404674e-05,0.049174731259263395,0.9993447865894384,0.0004390669099632637,0.00020862404165929133,5.1185354488765224e-06,1.9027761533101138e-06,3.534897911916085e-07,1.1862003669876862e-07,2.903750904866853e-08,0.0006552134105616807,1.0774675321860065,0.0345,nan,AMPLITUDE_LOSS
FF_b1-128k_s1234,FF,1234,128k,FF-B1+FF-LBFGS,128000,0.0345,W4,0.15135768539190234,6.922606183678163e-05,4.3588194118105145e-05,3.9777345060399e-06,6.166317861333285e-07,1.1910554951713373e-07,1.0605187360487809e-08,9.40442528977214e-09,0.00011754773740922741,0.0001167919904609267,7.557469483007219e-07,7.333230631762846e-05,4.478936169496239e-09,0.00011755221634539691,0.1514752376082477,0.9992239804819519,0.00045701241322853496,0.0002877578942617944,2.625996622592538e-05,4.070842298073381e-06,7.863037874677196e-07,7.001268221475095e-08,6.2085564058804e-08,0.0007760195180480694,1.267766884975001,0.0345,nan,AMPLITUDE_LOSS
FF_b1-128k_s1234,FF,1234,128k,FF-B1+FF-LBFGS,128000,0.0345,PRE,0.6156095266076671,6.3324875830301835e-06,2.5688991096517712e-06,4.7343659966942095e-09,2.114346552533814e-08,4.315388614303261e-10,7.68263030880231e-11,4.843479600548249e-11,8.927821324164508e-06,8.906121058678646e-06,2.170026548586196e-08,6.33770192268431e-06,1.8631907581442194e-11,8.92783995607209e-06,0.6156184544476232,0.9999854978010163,1.0286383615487606e-05,4.172875408737578e-06,7.690422472934977e-09,3.4345080744776364e-08,7.009842838947935e-10,1.2479532173752385e-10,7.867664729188079e-11,1.450219898369582e-05,0.3265188887985326,0.0345,nan,AMPLITUDE_LOSS
FF_b1-128k_s1234,FF,1234,128k,FF-B1+FF-LBFGS,128000,0.0345,POST,0.022338516629514978,4.972296810013518e-06,1.4839009915556752e-06,5.034730902861815e-08,1.5916395835823798e-08,2.02690920395261e-09,7.291769650217439e-10,1.8455087968872678e-10,6.52540214348231e-06,6.506545110597822e-06,1.8857032884486863e-08,5.0248555791257826e-06,1.1368846060720201e-10,6.525515831942917e-06,0.022345042145346918,0.9997079709165804,0.00022252349326390918,6.640851198459547e-05,2.2531758480152304e-06,7.123010023106432e-07,9.070957222102709e-08,3.263260655265911e-08,8.259142203771866e-09,0.000292029083419808,0.9764285749399554,0.0345,nan,AMPLITUDE_LOSS
FF_b1-128k_s1235,FF,1235,128k,FF-B1+FF-LBFGS,128000,0.0345,FULL,0.1527941998392334,1.0466249025004334e-05,1.945303885482773e-06,5.1237517964034866e-08,2.3612140931457275e-08,7.637769612240292e-09,2.1436620266318237e-09,4.5613331747488126e-10,1.2496640134338922e-05,1.2462790428451118e-05,3.384970588780414e-08,1.0525580445898062e-05,2.3673009080670485e-10,1.2496876864429728e-05,0.15280669671609773,0.9999182192899773,6.849339241109439e-05,1.273048845569037e-05,3.353093754693749e-07,1.5452294615010763e-07,4.998321270083589e-08,1.4028586940371872e-08,2.985034870749078e-09,8.17807100229162e-05,0.899627052819695,0.0345,nan,AMPLITUDE_LOSS
FF_b1-128k_s1235,FF,1235,128k,FF-B1+FF-LBFGS,128000,0.0345,W1,0.17883363690812948,7.0738284722415466e-06,1.0729490950026568e-06,3.1222085221738334e-08,1.0048962353192371e-08,6.234680882312984e-09,1.7100752196168104e-09,4.393254694159434e-10,8.196432696390475e-06,8.177999652465936e-06,1.84330439245381e-08,7.111724563815009e-06,8.831470371048233e-11,8.196521011094184e-06,0.17884183342914048,0.9999541693766872,3.9553544828410874e-05,5.999430194600476e-06,1.7457931759308903e-07,5.6189103888471464e-08,3.486142344801009e-08,9.561941899565829e-09,2.4565028282767825e-09,4.583062331266876e-05,0.8668047832945214,0.0345,nan,AMPLITUDE_LOSS
FF_b1-128k_s1235,FF,1235,128k,FF-B1+FF-LBFGS,128000,0.0345,W2,0.010887439533587862,9.466034703580698e-06,2.455042084373635e-06,4.224270471356738e-08,5.002840106721288e-08,5.374061241825328e-09,2.8310329446712884e-09,1.775804817692888e-10,1.2021730568403376e-05,1.1963319492667896e-05,5.841107573547878e-08,9.513829050017856e-06,5.074723397125382e-10,1.2022238040743088e-05,0.010899461771628604,0.9988970344242667,0.0008684864759977177,0.0002252443515210459,3.875669052789414e-06,4.589988427385419e-06,4.930575109705982e-07,2.597406308494684e-07,1.629259258466988e-08,0.0011029655757333432,1.055852214206463,0.0345,nan,AMPLITUDE_LOSS
FF_b1-128k_s1235,FF,1235,128k,FF-B1+FF-LBFGS,128000,0.0345,W3,0.0348422012528754,9.551481853679164e-05,1.8503953048258637e-05,2.5264681999654197e-07,2.57179776025548e-07,2.1833707670644826e-08,4.397036071284579e-09,2.071283314539991e-09,0.00011455690020812887,0.00011427141840504686,2.854818030820171e-07,9.57913703477734e-05,1.2480808388133922e-09,0.00011455814828896769,0.03495675940116436,0.996722896908619,0.0027323706082386335,0.0005293383604745512,7.227409901402887e-06,7.357083139669285e-06,6.24591890787758e-07,1.2578500706584292e-07,5.925272891351585e-08,0.0032771030913810242,0.975130770269958,0.0345,nan,AMPLITUDE_LOSS
FF_b1-128k_s1235,FF,1235,128k,FF-B1+FF-LBFGS,128000,0.0345,W4,0.24178691436512614,0.00022701423098236672,6.346274912511423e-05,3.160566883798736e-06,5.201161290056833e-07,2.779434790250869e-07,5.314829367885763e-08,3.489721307005943e-09,0.0002944922446142962,0.0002936375469912796,8.546976230166341e-07,0.0002304562310664975,1.5165684200310243e-08,0.0002945074102984965,0.24208142177542466,0.9987834991181747,0.0009377598807013554,0.0002621545785522573,1.3055801881116327e-05,2.148517460674553e-06,1.1481405487417688e-06,2.1954719457053547e-07,1.4415486740093668e-08,0.0012165008818254559,1.2835626447528046,0.0345,nan,AMPLITUDE_LOSS
FF_b1-128k_s1235,FF,1235,128k,FF-B1+FF-LBFGS,128000,0.0345,PRE,0.6163956054297638,2.0169863555732347e-05,2.802173199400321e-06,3.6214166432485556e-08,1.6244023144327936e-08,8.031986325843539e-09,2.7269883016159157e-09,5.74332979847519e-10,2.30358282523168e-05,2.3008250921565163e-05,2.7577330751634914e-08,2.021468404147054e-05,1.151812808894137e-10,2.303594343359769e-05,0.6164186413731972,0.9999626295723223,3.272104736250151e-05,4.545893021147957e-06,5.874930446389163e-08,2.6352258119865395e-08,1.3030083433965416e-08,4.423922508330624e-09,9.317255212713778e-10,3.7370427677696795e-05,0.3229719816270572,0.0345,nan,AMPLITUDE_LOSS
FF_b1-128k_s1235,FF,1235,128k,FF-B1+FF-LBFGS,128000,0.0345,POST,0.012992376217467063,7.54006504290349e-06,1.6869097321289555e-06,5.576790099500546e-08,2.583404166531842e-08,7.518891164506272e-09,1.967756440441052e-09,4.204894903598123e-10,9.318483854788085e-06,9.28274267602746e-06,3.57411787606254e-08,7.603772324553372e-06,2.733838737344067e-10,9.31875723866182e-06,0.013001694974705725,0.9992832869815164,0.0005799294027521631,0.00012974537326718345,4.289279380582296e-06,1.9869749489419967e-06,5.783008551755866e-07,1.5134615030154532e-07,3.2341129369624846e-08,0.0007167130184837176,1.0109061677878801,0.0345,nan,AMPLITUDE_LOSS
FF_b1-128k_s1236,FF,1236,128k,FF-B1+FF-LBFGS,128000,0.05425,FULL,0.19152867686108951,2.624533753639025e-06,3.5147930582609554e-06,3.201619555871836e-08,2.374017629141755e-08,1.1833257791830736e-09,5.795692491618843e-10,1.5489514591005484e-10,6.197000973924358e-06,6.171343007458686e-06,2.5657966465672545e-08,2.657888170122831e-06,8.143575070518645e-11,6.197082409675063e-06,0.1915348739434992,0.9999676455736287,1.3702641721157819e-05,1.8350668927227136e-05,1.6715595918984015e-07,1.23947017129185e-07,6.1781217974709796e-09,3.0259202278707095e-09,8.087046645176715e-10,3.235442637139384e-05,0.8313715698381726,0.05425,nan,AMPLITUDE_LOSS
FF_b1-128k_s1236,FF,1236,128k,FF-B1+FF-LBFGS,128000,0.05425,W1,0.22738549995812987,5.666107484212523e-07,1.1397737686685805e-06,1.5390148935226718e-08,5.305008357954523e-09,3.638822674757001e-10,2.388677871513179e-10,2.468318336397758e-11,1.7277071076210042e-06,1.7217746660250588e-06,5.9324415959455154e-09,5.82389462807319e-07,2.438348586107576e-11,1.7277314911068653e-06,0.227387227689621,0.999992401916654,2.4918319038368497e-06,5.01247928642047e-06,6.768255672602806e-08,2.333028293816317e-08,1.6002757552038584e-09,1.0504890252806198e-09,1.0855131845978825e-10,7.598083346020455e-06,0.7830856352097705,0.05425,nan,AMPLITUDE_LOSS
FF_b1-128k_s1236,FF,1236,128k,FF-B1+FF-LBFGS,128000,0.05425,W2,0.00471132659147194,5.839531619204329e-06,5.901194393426424e-06,5.0046327219319527e-08,5.5180095316665116e-08,1.8492096124476584e-09,1.1483317886317298e-09,2.158172211628921e-10,1.1849165793788982e-05,1.1790772339850073e-05,5.8393453938907396e-08,5.891642973257256e-06,1.517414098308104e-10,1.1849317535198813e-05,0.004723175909007138,0.9974912714659071,0.0012363570443512063,0.0012494124073931692,1.0595906185013874e-05,1.1682837597517048e-05,3.9151827234101873e-07,2.4312705002883605e-07,4.569324375255301e-08,0.0025087285340930294,1.0519931176020403,0.05425,nan,AMPLITUDE_LOSS
FF_b1-128k_s1236,FF,1236,128k,FF-B1+FF-LBFGS,128000,0.05425,W3,0.01856994779813988,2.866551522494271e-05,4.737919973296483e-05,3.5980682728048514e-07,2.455491865607061e-07,1.275940090617115e-08,3.7195121944976487e-09,2.3200993656742707e-09,7.666886998421492e-05,7.640452178518787e-05,2.643481990270492e-07,2.9040401552494977e-05,1.0166410215609561e-09,7.666988662523648e-05,0.018646617684765117,0.9958883227263808,0.0015373038302409908,0.002540900613565907,1.9296091815710796e-05,1.3168565157477937e-05,6.842743181385303e-07,1.9947383810683785e-07,1.2442468287774812e-07,0.00411167727361921,1.026085844199333,0.05425,nan,AMPLITUDE_LOSS
FF_b1-128k_s1236,FF,1236,128k,FF-B1+FF-LBFGS,128000,0.05425,W4,0.09714746830127925,0.00015777130548810957,0.0001457392952938776,8.653684860645488e-07,1.3943802925138515e-06,7.585814860282911e-08,3.18378818696647e-08,1.1593923144285964e-08,0.00030588963951418244,0.00030437596926805185,1.5136702461306308e-06,0.0001587241260459213,3.761544055430313e-09,0.0003058934010582379,0.09745336170233748,0.9968611688095959,0.0016189417052613175,0.0014954774096385649,8.879822146203456e-06,1.430818108249271e-05,7.784046666602877e-07,3.266986642882786e-07,1.1896894462404988e-07,0.003138831190404151,0.8226486077488325,0.05425,nan,AMPLITUDE_LOSS
FF_b1-128k_s1236,FF,1236,128k,FF-B1+FF-LBFGS,128000,0.05425,PRE,0.5243686495331611,2.442606897588301e-07,1.107674086839262e-06,1.3290523959213441e-08,2.6500430566808973e-09,3.122693106507821e-10,3.1875211652328026e-10,1.203765498033852e-11,1.3685184026961403e-06,1.365225300557305e-06,3.293102138835298e-09,2.578755206836746e-07,1.489934177089841e-11,1.3685333020379113e-06,0.5243700180664631,0.9999973901665701,4.658174215727392e-07,2.1123901991100097e-06,2.5345697697587523e-08,5.053765405062322e-09,5.955132824166838e-10,6.078763192977522e-10,2.295641353612786e-11,2.609833429800649e-06,0.4266465430046595,0.05425,nan,AMPLITUDE_LOSS
FF_b1-128k_s1236,FF,1236,128k,FF-B1+FF-LBFGS,128000,0.05425,POST,0.02047567435952186,3.847802855248578e-06,4.75185879929752e-06,4.163968616664923e-08,3.457881019706956e-08,1.6309788152493247e-09,7.13608298869529e-10,2.2831241775151145e-10,8.67845305044167e-06,8.641301340712732e-06,3.7151709728939915e-08,3.89130183264822e-06,1.1563011874491526e-10,8.678568680560415e-06,0.020484352928202415,0.9995763374547467,0.00018784107511011822,0.00023197505153206674,2.032755759854543e-06,1.688059686994193e-06,7.962071490236706e-08,3.4836751026449206e-08,1.1145698369898394e-08,0.00042366254525333234,0.9761360582559271,0.05425,nan,AMPLITUDE_LOSS
FF_b1-256k_s1234,FF,1234,256k,FF-B1+FF-LBFGS,256000,0.079,FULL,0.278511235742833,2.4641510774436707e-06,1.5792107188844978e-06,1.5996052836814596e-08,1.7355073968516145e-08,2.96659013516737e-09,9.283578988366104e-10,8.4804791063666e-10,4.0814559190781385e-06,4.059357849164982e-06,2.2098069913156785e-08,2.483961768326287e-06,1.1311910482517826e-10,4.081569038182964e-06,0.2785153173118711,0.9999853456680224,8.847452636456614e-06,5.670103658096271e-06,5.743329665922646e-08,6.231281691459434e-08,1.0651443392789618e-08,3.333238215311932e-09,3.0448878688832595e-09,1.465433197760369e-05,0.7242631411948383,0.079,nan,AMPLITUDE_LOSS
FF_b1-256k_s1234,FF,1234,256k,FF-B1+FF-LBFGS,256000,0.079,W1,0.32794040400889496,8.664059160772202e-07,7.598172911812449e-07,4.407898213177218e-09,8.493535120625435e-09,1.431532119764905e-09,2.8921616360367667e-10,1.123854535102201e-10,1.640957774329148e-06,1.6306311054716438e-06,1.0326668857504244e-08,8.723577318636731e-07,3.43015550996911e-11,1.6409920758842478e-06,0.32794204500097074,0.9999949961958233,2.6419482630392125e-06,2.3169255142580742e-06,1.3441088999811561e-08,2.5899500387297626e-08,4.365198490819918e-09,8.819124233767312e-10,3.4269913002964384e-10,5.003804176728622e-06,0.6532961745342445,0.079,nan,AMPLITUDE_LOSS
FF_b1-256k_s1234,FF,1234,256k,FF-B1+FF-LBFGS,256000,0.079,W2,0.010408036856088316,3.2542324992444693e-06,1.6253897315027075e-06,2.722777738563682e-08,2.6484658222098195e-08,3.119365433791583e-09,1.5392216374682887e-09,2.113694215367979e-09,4.94010694764154e-06,4.906850008132813e-06,3.325693950872608e-08,3.286693336279268e-06,2.2808994070849695e-10,4.940335037582248e-06,0.010412977191125895,0.9995255816885817,0.00031251701706403123,0.0001560927040626829,2.6147928188346243e-06,2.5434281009276806e-06,2.995651910942206e-07,1.478176359106744e-07,2.0298654485371316e-07,0.000474418311418335,0.9873792922063872,0.079,nan,AMPLITUDE_LOSS
FF_b1-256k_s1234,FF,1234,256k,FF-B1+FF-LBFGS,256000,0.079,W3,0.04244559487823915,2.904312883038519e-05,1.7331762802191807e-05,1.0761767659510966e-07,1.0075312816536382e-07,2.6133281157936976e-08,1.0412566413238147e-08,1.2445465384521528e-08,4.663225375029319e-05,4.648250930917213e-05,1.4974444112106042e-07,2.9189325253522755e-05,1.2700563171952169e-09,4.663352380661038e-05,0.042492228402045765,0.9989025697898711,0.0006834927418647969,0.00040788078130985845,2.5326438235592386e-06,2.371095491239002e-06,6.150132135169492e-07,2.450463794447539e-07,2.9288804622698114e-07,0.0010974302101286423,1.0411973263183747,0.079,nan,AMPLITUDE_LOSS
FF_b1-256k_s1234,FF,1234,256k,FF-B1+FF-LBFGS,256000,0.079,W4,0.4765120257313503,0.00014138530956748835,7.219583514852547e-05,1.4288938047301496e-06,1.0034615205104324e-06,1.6969345538665584e-07,5.359106728945372e-08,3.935666140817982e-08,0.00021627614122533888,0.00021501003852074415,1.2661027045947214e-06,0.0001430232534890133,5.399002641988754e-09,0.00021628154022798086,0.47672830727157833,0.9995463324909056,0.00029657418913903546,0.00015144021209762977,2.997291746929005e-06,2.104891856784805e-06,3.5595422952676534e-07,1.1241427680913746e-07,8.255574769441627e-08,0.0004536675090944093,1.476857652438423,0.079,nan,AMPLITUDE_LOSS
FF_b1-256k_s1234,FF,1234,256k,FF-B1+FF-LBFGS,256000,0.079,PRE,0.5733462482781637,5.343265995469121e-07,8.518010191599537e-07,3.525208144813535e-09,9.627616015674706e-09,1.6626989166587811e-09,1.934355941616434e-10,4.006082115483466e-11,1.4011766381993284e-06,1.3896528268516783e-06,1.1523811347649961e-08,5.395545674295392e-07,3.4058033279391876e-11,1.4012106962326078e-06,0.5733476494888601,0.999997556148282,9.319417286440514e-07,1.4856623550649106e-06,6.148465330180841e-09,1.6791934221461665e-08,2.899983837449835e-09,3.3737923988278655e-10,6.987178057314544e-11,2.4438517181185113e-06,0.3619963297262576,0.079,nan,AMPLITUDE_LOSS
FF_b1-256k_s1234,FF,1234,256k,FF-B1+FF-LBFGS,256000,0.079,POST,0.041093367247798496,4.018155163226689e-06,2.1649622513980225e-06,2.6038284048254275e-08,2.357766123952002e-08,4.016557271653937e-09,1.5201590068019686e-09,1.4986849259175172e-09,6.239768761116858e-06,6.209155698672964e-06,3.0613062443893463e-08,4.049708689472515e-06,1.767835621971965e-10,6.2399455446790555e-06,0.04109960719334317,0.9998481793570774,9.776626724454404e-05,5.26759842381397e-05,6.335409493760657e-07,5.736712088273827e-07,9.77273887323453e-08,3.698719080670244e-08,3.646470209103658e-08,0.00015182064292251727,0.9172994576126675,0.079,nan,AMPLITUDE_LOSS
FF_b1-256k_s1235,FF,1235,256k,FF-B1+FF-LBFGS,256000,0.0345,FULL,0.17361253256604617,4.171685612430224e-06,1.3378540324755146e-06,3.4579953074830104e-08,1.1223249161459791e-08,3.499537212711527e-09,2.3690115155273426e-09,5.291462946581073e-10,5.561740542164934e-06,5.544119597980577e-06,1.7620944184356775e-08,4.210294249012431e-06,4.3539222991467703e-10,5.562175934394849e-06,0.17361809474198053,0.9999679656630007,2.4027942646712416e-05,7.705729277923202e-06,1.991725183537954e-07,6.464331500863531e-08,2.015652358521889e-08,1.3644957485502391e-08,3.0477600665498395e-09,3.203433699913532e-05,0.8612276592442831,0.0345,nan,AMPLITUDE_LOSS
FF_b1-256k_s1235,FF,1235,256k,FF-B1+FF-LBFGS,256000,0.0345,W1,0.20519654125566408,1.2253528333176656e-06,5.491469570400452e-07,2.3553142836712633e-08,3.8653434811905205e-09,4.972730525708134e-10,5.637264686286828e-10,3.3038734162243234e-10,1.8033096635384361e-06,1.7980529331944235e-06,5.2567303440124445e-09,1.2497336365485713e-06,1.8842114918510662e-10,1.8034980846876214e-06,0.20519834475374873,0.9999912118703134,5.971553210691499e-06,2.676176351243498e-06,1.1478232383699444e-07,1.8837108502890115e-08,2.4233775064033164e-09,2.7472271758469856e-09,1.610087753496709e-09,8.78812968671063e-06,0.8195409473632194,0.0345,nan,AMPLITUDE_LOSS
FF_b1-256k_s1235,FF,1235,256k,FF-B1+FF-LBFGS,256000,0.0345,W2,0.006177609448634368,9.715260383811037e-06,2.4873077766390306e-06,3.6013066413330916e-08,2.133794149448922e-08,1.1540576417277437e-08,5.905169554997916e-09,1.0020206076753138e-09,1.2278366934937831e-05,1.223858122686339e-05,3.9785708074439905e-08,9.763816047249314e-06,7.557708906890926e-10,1.227912270582852e-05,0.006189888571340196,0.9980163829618924,0.0015695373928061229,0.000401834064000765,5.818048321125937e-06,3.4472258836126773e-06,1.8644241642392376e-06,9.540026783918064e-07,1.618802533310786e-07,0.0019836170381075887,1.0527519656226496,0.0345,nan,AMPLITUDE_LOSS
FF_b1-256k_s1235,FF,1235,256k,FF-B1+FF-LBFGS,256000,0.0345,W3,0.02274572036271152,5.576556349554372e-05,1.3803564843297003e-05,2.0481131530462785e-07,7.267664080169208e-08,5.009987947332155e-08,2.612153589653908e-08,2.9082106924119183e-09,6.992574592100925e-05,6.977393965414528e-05,1.518062668639648e-07,5.6023382901013985e-05,3.246734441725516e-09,6.992899265545097e-05,0.02281564935536697,0.9969351844962853,0.002444180770951046,0.0006050043368298178,8.976792256044673e-06,3.1853860484886413e-06,2.195856266124581e-06,1.1448957339260183e-06,1.2746562944415469e-07,0.003064815503714892,0.973364774103586,0.0345,nan,AMPLITUDE_LOSS
FF_b1-256k_s1235,FF,1235,256k,FF-B1+FF-LBFGS,256000,0.0345,W4,0.17499830345178266,0.0001133902014229438,4.9143204138016516e-05,1.1993738976146136e-06,7.930290535776899e-07,7.190737136742319e-08,1.1009578355588773e-07,1.1050166227221948e-08,0.00016471886183330305,0.00016373277945857482,9.860823747282236e-07,0.00011467253285815302,2.2979263128742944e-08,0.0001647418410964318,0.17516304529287907,0.9990596253726522,0.0006473409737126327,0.0002805569548236576,6.847186590941709e-06,4.527377086231323e-06,4.1051684549424234e-07,6.285332492080983e-07,6.308503976048934e-08,0.0009403746273479262,1.2803269883113808,0.0345,nan,AMPLITUDE_LOSS
FF_b1-256k_s1235,FF,1235,256k,FF-B1+FF-LBFGS,256000,0.0345,PRE,0.6532488046087016,1.2490567597261772e-06,1.4375620504335386e-06,2.262965094946001e-08,2.5596220783487184e-09,1.2339105397317212e-09,5.667969330137917e-11,4.4076856216891416e-10,2.7135394419827274e-06,2.7092484611091764e-06,4.2909808735507335e-09,1.2733610897775383e-06,1.1102391526167206e-10,2.713650465897989e-06,0.6532515182591676,0.9999958461031218,1.912061013293991e-06,2.200625655656769e-06,3.4641558910741146e-08,3.91827957109814e-09,1.8888751199991802e-09,8.67654980153072e-11,6.74730253086005e-10,4.1538968783037e-06,0.2654437757321364,0.0345,nan,AMPLITUDE_LOSS
FF_b1-256k_s1235,FF,1235,256k,FF-B1+FF-LBFGS,256000,0.0345,POST,0.028975297436665628,5.053022119288225e-06,1.3077864732055255e-06,3.818363936613831e-08,1.3835818603209114e-08,4.182750716184912e-09,3.0663092408309495e-09,5.557971374306993e-10,6.4206329075575374e-06,6.398992231859882e-06,2.1640675697655703e-08,5.095944306507969e-06,5.332074681058688e-10,6.4211661150256435e-06,0.02898171860278065,0.9997784592034143,0.00017435205556682261,4.512453230226274e-05,1.3175077914454547e-06,4.773981504476377e-07,1.4432376666365467e-07,1.0580149987899315e-07,1.9177508251804092e-08,0.0002215407965857729,0.9716652769150655,0.0345,nan,AMPLITUDE_LOSS
FF_b1-256k_s1236,FF,1236,256k,FF-B1+FF-LBFGS,256000,0.10375000000000001,FULL,0.3398323545632801,5.0350580114776755e-06,9.064357073972612e-07,3.936991381040709e-08,1.5842389067165324e-08,4.120049434132512e-09,7.664783933638588e-10,5.09786304306119e-10,6.002102335884316e-06,5.980863632685349e-06,2.1238703198967835e-08,5.0790577610265255e-06,1.2104197208766448e-10,6.002223377856404e-06,0.3398383567866579,0.9999823383611115,1.4816038015484945e-05,2.667255445473899e-06,1.1584894123397952e-07,4.661742489166263e-08,1.212355625349979e-08,2.2554204913309315e-09,1.5000846558580936e-09,1.7661638888485175e-05,0.6845517649638037,0.10375000000000001,nan,AMPLITUDE_LOSS
FF_b1-256k_s1236,FF,1236,256k,FF-B1+FF-LBFGS,256000,0.10375000000000001,W1,0.4008140132163973,1.3627065694117219e-06,3.172603229706255e-07,1.0799882735341644e-08,9.072921456711173e-09,1.481160413954246e-09,1.593461615646963e-10,9.409858281305327e-11,1.7015743017327328e-06,1.6907667751176896e-06,1.0807526615043177e-08,1.3750817111438315e-06,3.859374328848418e-11,1.7016128954760213e-06,0.40081571482929274,0.9999957547215866,3.3998331879859364e-06,7.915366370709668e-07,2.6944758742758427e-08,2.2636142052087352e-08,3.695365124912056e-09,3.975546758387576e-10,2.347676983228824e-10,4.245278413350823e-06,0.5839291573333224,0.10375000000000001,nan,AMPLITUDE_LOSS
FF_b1-256k_s1236,FF,1236,256k,FF-B1+FF-LBFGS,256000,0.10375000000000001,W2,0.013262545079102583,1.2205044164780054e-05,9.36928251488638e-07,7.81274337582465e-08,1.6499387362924202e-08,5.114301189426785e-09,1.2428462743151424e-09,8.84447897883339e-10,1.3243840832751489e-05,1.3220099850026939e-05,2.3740982724549447e-08,1.2289170347625612e-05,1.8076212538051403e-10,1.324402159487687e-05,0.01327578910069746,0.999002406492554,0.0009193460545649823,7.05742052046126e-05,5.884956007467706e-06,1.2428178440038465e-06,3.852351992239793e-07,9.361750791690027e-08,6.662111782714653e-08,0.0009975935074460346,1.070821328413754,0.10375000000000001,nan,AMPLITUDE_LOSS
FF_b1-256k_s1236,FF,1236,256k,FF-B1+FF-LBFGS,256000,0.10375000000000001,W3,0.04162958028101931,4.1529570864085605e-05,5.007747629761543e-06,3.830050760109182e-07,1.368664060404207e-07,2.5997126956400834e-08,3.6322962649282456e-09,5.253313645934061e-09,4.709207271276576e-05,4.6920323569858086e-05,1.717491429076841e-07,4.194382638069887e-05,1.091568923607835e-09,4.709316428168937e-05,0.041676673445301,0.9988700615943357,0.0009964704118313966,0.00012015708901272458,9.189914990336814e-06,3.284005135505131e-06,6.237812543129497e-07,8.715418145909089e-08,1.2604925847597415e-07,0.0011299384056642112,0.9837856465621381,0.10375000000000001,nan,AMPLITUDE_LOSS
FF_b1-256k_s1236,FF,1236,256k,FF-B1+FF-LBFGS,256000,0.10375000000000001,W4,0.4887078434072152,0.0002930920095007696,9.342460666782194e-05,2.4863217567974404e-06,6.428994658338765e-07,3.7056321043471547e-07,8.956676261986943e-08,4.370664900481954e-08,0.00039014967401328264,0.0003890029379253893,1.1467360878932817e-06,0.0002959926011170069,8.989220479922233e-09,0.00039015866323376255,0.48909800207044896,0.9992023077593194,0.0005992500759496958,0.00019101408713469444,5.083483866155463e-06,1.3144594231183146e-06,7.576461479635906e-07,1.8312641615152662e-07,8.936174268366059e-08,0.0007976922406804629,1.0268302419188502,0.10375000000000001,nan,AMPLITUDE_LOSS
FF_b1-256k_s1236,FF,1236,256k,FF-B1+FF-LBFGS,256000,0.10375000000000001,PRE,0.6016591640847929,7.93747612070792e-07,3.0540102807176136e-07,7.220569984660458e-09,4.220174679169938e-09,1.3200738422867928e-09,1.3965223163623688e-10,4.206204652873289e-11,1.1120911729268352e-06,1.1063692101272134e-06,5.721962799621702e-09,8.023303179442678e-07,3.8539452943576683e-11,1.1121297123797788e-06,0.6016602762145052,0.999998151629388,1.3192621210023966e-06,5.075971277559324e-07,1.2001074810112085e-08,7.014215241186509e-09,2.1940518504510927e-09,2.321114375770974e-10,6.990996114297426e-11,1.8483706120587988e-06,0.3079959345890647,0.10375000000000001,nan,AMPLITUDE_LOSS
FF_b1-256k_s1236,FF,1236,256k,FF-B1+FF-LBFGS,256000,0.10375000000000001,POST,0.03823074193857887,9.920677090901735e-06,1.5987751544508936e-06,7.640314948398495e-08,2.923016478079561e-08,7.3453767233957795e-09,1.4885273751235713e-09,1.0485637911003445e-09,1.1634968027507026e-05,1.159585539483661e-05,3.9112632670415404e-08,1.0005474180900213e-05,2.160776671141995e-10,1.1635184105174141e-05,0.03824237712268403,0.9996957571948021,0.00025941580762957095,4.1806375120336905e-05,1.9978661282109327e-06,7.643396447919596e-07,1.9207427251016078e-07,3.8923505690004007e-08,2.7418896938887836e-08,0.0003042428051980498,0.9482288942251238,0.10375000000000001,nan,AMPLITUDE_LOSS
FF_b1-384k_s1234,FF,1234,384k,FF-B1,384000,0.105,FULL,0.3579098056173391,1.0742950778551173e-06,4.637804258236502e-07,1.083390351317515e-08,1.9704866274451215e-08,1.17449661924746e-10,1.3313266339243978e-09,3.8322441355733285e-11,1.5701013722036006e-06,1.5489094071919445e-06,2.1191965011656124e-08,1.0852847534715744e-06,1.44407148724238e-11,1.570115812918473e-06,0.357911375733152,0.9999956131559968,3.001567289382351e-06,1.2957968292914617e-06,3.026979372035856e-08,5.505515502233621e-08,3.281529168747406e-10,3.719710308874657e-09,1.0707243176828133e-10,4.3868440030740245e-06,0.6171828393079802,0.105,nan,AMPLITUDE_LOSS
FF_b1-384k_s1234,FF,1234,384k,FF-B1,384000,0.105,W1,0.4261088355016681,5.083397189991326e-07,1.32385565809088e-07,3.809703491708392e-09,7.103498592671371e-09,5.469600813362992e-11,4.911060754461982e-10,2.8464156937597705e-11,6.522127531331181e-07,6.445349882999292e-07,7.677764833188794e-09,5.122325826559125e-07,5.041618409058381e-12,6.522177947515272e-07,0.4261094877194628,0.9999984693775381,1.1929791137150684e-06,3.10684388932951e-07,8.940668071351773e-09,1.6670594759044945e-08,1.2836139468991844e-10,1.1525349460778421e-09,6.680010128447164e-11,1.5306224619204682e-06,0.5112131121813631,0.105,nan,AMPLITUDE_LOSS
FF_b1-384k_s1234,FF,1234,384k,FF-B1,384000,0.105,W2,0.005222954956598808,2.1285623700697908e-06,8.356938230675431e-07,1.3913777403658087e-08,3.61184499285467e-08,2.034390622819573e-10,2.3828756654276056e-09,3.163121478324085e-11,3.0169063664120327e-06,2.9781699705409934e-06,3.873639587103951e-08,2.142711217750515e-06,2.4794348729811843e-11,3.0169311607607625e-06,0.005225971887759568,0.9994227090299144,0.00040730459824214353,0.00015991165757891617,2.6624286866641126e-06,6.911336470161004e-06,3.892846490882677e-08,4.5596794776379946e-07,6.052695194821302e-09,0.0005772909700857522,0.9803976564945996,0.105,nan,AMPLITUDE_LOSS
FF_b1-384k_s1234,FF,1234,384k,FF-B1,384000,0.105,W3,0.00820404091983582,1.0939890737781002e-05,5.737038066215414e-06,1.3533704674905704e-07,2.0689901109915343e-07,8.951955275260394e-10,1.529366547186358e-08,1.1859222112027522e-10,1.7035472315065136e-05,1.6812265850745475e-05,2.2320646431966333e-07,1.1076241572278703e-05,1.7252964871239002e-10,1.703564484471385e-05,0.00822107656468053,0.9979278294590073,0.0013307126969682368,0.0006978451230173322,1.646220522634612e-05,2.5166900443437236e-05,1.0889030643003553e-07,1.8602996423272859e-06,1.442538853348958e-08,0.002072170540992643,1.0059740212094304,0.105,nan,AMPLITUDE_LOSS
FF_b1-384k_s1234,FF,1234,384k,FF-B1,384000,0.105,W4,0.21276371913247746,2.265532169552414e-05,2.3935309296927134e-05,5.901743131808647e-07,9.156051398042932e-07,5.3320341912686185e-09,5.391553617036502e-08,1.7519880459371581e-09,4.815741000384401e-05,4.718080530563215e-05,9.766046982118641e-07,2.3252580030942222e-05,6.372752597372274e-10,4.815804727910375e-05,0.21281187717975647,0.9997737090110465,0.00010645703643800967,0.0001124716800857173,2.773220756140719e-06,4.3024156108201085e-06,2.505515330204908e-08,2.5334834242487617e-07,8.232567065341527e-09,0.0002262909889534801,1.3281437290812321,0.105,nan,AMPLITUDE_LOSS
FF_b1-384k_s1234,FF,1234,384k,FF-B1,384000,0.105,PRE,0.6079947494294674,2.253080869824086e-07,1.2887404408661774e-07,5.3032069870207944e-09,5.745204299725813e-09,1.845287111116302e-11,3.9972084274499836e-10,1.6062302442716497e-11,3.656647783720719e-07,3.594853380560472e-07,6.179440316024694e-09,2.3064580914298338e-07,4.334796692922566e-12,3.6566911316876483e-07,0.6079951150985805,0.999999398572835,3.7057548883017537e-07,2.1196559131341202e-07,8.722449992379866e-09,9.449425097494821e-09,3.0350360805617066e-11,6.574408787528457e-10,2.6418472852741044e-11,6.014271649458733e-07,0.2876801066709584,0.105,nan,AMPLITUDE_LOSS
FF_b1-384k_s1234,FF,1234,384k,FF-B1,384000,0.105,POST,0.06591502851393835,2.0655573401278664e-06,8.548112203814982e-07,1.729144739712118e-08,3.600392180580259e-08,2.330365718239668e-10,2.4190531527508135e-09,6.431298761220831e-11,2.9763803324244785e-06,2.937660007906489e-06,3.872032451798965e-08,2.0831461370844254e-06,2.6240207002047813e-11,2.9764065726314805e-06,0.06591800492051096,0.9999548472327522,3.133525268916927e-05,1.2967795699408321e-05,2.6231751741964646e-07,5.461925290905154e-07,3.5352491659562006e-09,3.669791215057039e-08,9.75651306731192e-10,4.515276724771101e-05,0.8538354452417066,0.105,nan,AMPLITUDE_LOSS
FF_b1-384k_s1235,FF,1235,384k,FF-B1,384000,0.07825,FULL,0.2580091032215647,3.6730919739144314e-06,2.579184246598795e-07,1.163338314516957e-07,6.1519783014940734e-09,1.234132619657022e-09,1.44026860178346e-09,2.9071176379550853e-10,4.0564613213127345e-06,4.047344230026004e-06,9.117091286730044e-09,3.790950649749577e-06,9.663270362532582e-11,4.05655795401636e-06,0.25801315977951866,0.9999842780836206,1.423606446442068e-05,9.99632828716478e-07,4.5088332546555786e-07,2.3843660955337388e-08,4.7832157909071425e-09,5.582151714872361e-09,1.1267323114557815e-09,1.572191637937529e-05,0.7730998124876419,0.07825,nan,AMPLITUDE_LOSS
FF_b1-384k_s1235,FF,1235,384k,FF-B1,384000,0.07825,W1,0.30472561865974107,1.044984957972696e-06,1.174803195576227e-07,3.4174089445030254e-08,2.024211128305971e-09,4.254871825479141e-10,5.251322761574114e-10,1.2789445150502308e-10,1.199742092013865e-06,1.1966393669753487e-06,3.102725038516319e-09,1.0797124290517786e-06,5.349473742264094e-11,1.1997955867512877e-06,0.3047268184553278,0.9999960628929928,3.42925169321562e-06,3.855266831247693e-07,1.1214664211131547e-07,6.64270752053306e-09,1.3962905686457796e-09,1.7232886784022287e-09,4.1970198808157634e-10,3.937107007207368e-06,0.7040630766319814,0.07825,nan,AMPLITUDE_LOSS
FF_b1-384k_s1235,FF,1235,384k,FF-B1,384000,0.07825,W2,0.00815581644728203,7.464257346854043e-06,4.453186435894302e-07,1.7438126368745758e-07,1.273548797346014e-08,2.814295077516449e-09,3.644303392959658e-09,4.71389677237469e-10,8.103622730252101e-06,8.083957254130928e-06,1.9665476121173705e-08,7.641924295296253e-06,1.19690682068221e-10,8.10374242093417e-06,0.008163920189702962,0.9990073858317136,0.0009142981904332638,5.454715868975421e-05,2.135999154719738e-05,1.559972153603038e-06,3.447234972147656e-07,4.463913612219095e-07,5.7740604169922975e-08,0.0009926141682864253,1.0588384516723184,0.07825,nan,AMPLITUDE_LOSS
FF_b1-384k_s1235,FF,1235,384k,FF-B1,384000,0.07825,W3,0.04325089948790559,3.165079166656127e-05,1.8094541938221746e-06,1.471900930953537e-06,5.213150458867116e-08,1.497093782196739e-08,5.725061183864636e-09,3.879864774824274e-09,3.500885415970631e-05,3.4932146791336976e-05,7.67073683693274e-08,3.31415434001116e-05,1.0893587143155798e-09,3.500994351842063e-05,0.04328590943142401,0.9991912182162599,0.0007312031300450494,4.180238472814358e-05,3.4004159490471904e-05,1.2043527925232336e-06,3.4586169946256233e-07,1.3226154661287333e-07,8.963343784226007e-08,0.000808781783740106,0.9872317927095597,0.07825,nan,AMPLITUDE_LOSS
FF_b1-384k_s1235,FF,1235,384k,FF-B1,384000,0.07825,W4,0.2826904640538556,0.00024240429471122587,1.3180208143705597e-05,6.761450800133761e-06,3.49034853880589e-07,3.1755250277115864e-08,8.746246143889574e-08,6.133104889654281e-09,0.00026282033932555136,0.0002623459536550651,4.743856704862549e-07,0.00024920363386652625,2.20557637027906e-09,0.00026282254490192166,0.2829532865987575,0.9990711528940573,0.0008566936949718887,4.658086288686056e-05,2.3895996876778856e-05,1.2335423305975266e-06,1.1222789071071538e-07,3.091056590011562e-07,2.1675326733906888e-08,0.0009288471059425713,1.335272123573608,0.07825,nan,AMPLITUDE_LOSS
FF_b1-384k_s1235,FF,1235,384k,FF-B1,384000,0.07825,PRE,0.5420530809596142,1.5175184767916916e-06,1.5725360038259654e-07,1.8481574925433774e-08,2.7970139715845072e-09,5.819786287379678e-10,7.010606962207375e-10,9.054639237848964e-11,1.697424251788644e-06,1.6932536520997222e-06,4.1705996889217e-09,1.5366725767382425e-06,4.98053655918427e-11,1.6974740571542359e-06,0.5420547784336714,0.9999968685374255,2.799566644013666e-06,2.9010647383544385e-07,3.4095400801624686e-08,5.160020874502368e-09,1.0736527966290316e-09,1.293339205146288e-09,1.6704288199147192e-10,3.131462574409004e-06,0.3683180124313808,0.07825,nan,AMPLITUDE_LOSS
FF_b1-384k_s1235,FF,1235,384k,FF-B1,384000,0.07825,POST,0.032548605470244824,5.384082917890862e-06,3.378213381746872e-07,1.9400426346784864e-07,8.814988212082324e-09,1.7517812055345159e-09,2.027016413362063e-09,4.4959344342709713e-10,5.928951898807811e-06,5.915908519533405e-06,1.3043379274406e-08,5.580288556007679e-06,1.3380200052601535e-10,5.929085700808337e-06,0.03255453455594562,0.9998178763111176,0.0001653865740506058,1.037709014031852e-05,5.959362248961722e-06,2.707760491296208e-07,5.381066682811928e-08,6.22652558036057e-08,1.3810470688878312e-08,0.00018212368888233626,0.982047225246973,0.07825,nan,AMPLITUDE_LOSS
FF_b1-384k_s1236,FF,1236,384k,FF-B1,384000,0.12875,FULL,0.432820805710819,1.6079896583496847e-06,6.053116328069452e-07,3.084861720208507e-09,8.682086305702834e-09,2.4839066530305893e-09,2.4091383871466606e-10,4.6534151338730934e-10,2.228258401187671e-06,2.2163861528768356e-06,1.1872248310835411e-08,1.6140237682363054e-06,1.1280023503049448e-10,2.2283712014227014e-06,0.4328230340820204,0.9999948518026391,3.715120342842074e-06,1.398519915300979e-06,7.127304875432944e-09,2.005920578228803e-08,5.738850426355144e-09,5.566104846716583e-10,1.0751311202638105e-09,5.148197360832066e-06,0.5588869118504411,0.12875,nan,AMPLITUDE_LOSS
FF_b1-384k_s1236,FF,1236,384k,FF-B1,384000,0.12875,W1,0.5152009574257,9.74901515067253e-07,4.1280592314670027e-07,9.292133140757406e-10,5.787082376479134e-09,7.555504696249296e-10,8.797106604275304e-11,1.4705592832186943e-10,1.3954143113684976e-06,1.388636651528029e-06,6.7776598404686785e-09,9.767333347792755e-07,4.100228679989001e-11,1.3954553136552975e-06,0.5152023528810137,0.999997291521858,1.8922691437513575e-06,8.012500736286258e-07,1.8035890343930456e-09,1.1232639650378733e-08,1.4665120713444322e-09,1.7075051299323396e-10,2.8543333995125523e-10,2.708478141989044e-06,0.42344799544945516,0.12875,nan,AMPLITUDE_LOSS
FF_b1-384k_s1236,FF,1236,384k,FF-B1,384000,0.12875,W2,0.008992938658259522,2.8691715660799476e-06,6.176150388351145e-07,4.358735563706767e-09,7.719873854091384e-09,3.926498484334506e-09,1.288320846363757e-10,8.255750615345523e-10,3.5037461199633608e-06,3.4911453404787634e-06,1.2600779484596814e-08,2.8782823751895174e-06,2.0685319827180634e-10,3.5039529731616328e-06,0.008996442611232683,0.9996105409269049,0.0003189229072019864,6.86510301599282e-05,4.844954669620192e-07,8.581029597136437e-07,4.364501330462655e-07,1.4320336733735962e-08,9.176683675901249e-08,0.0003894590730951294,1.0013568904053263,0.12875,nan,AMPLITUDE_LOSS
FF_b1-384k_s1236,FF,1236,384k,FF-B1,384000,0.12875,W3,0.022236162772373256,8.853546426907626e-06,5.728285653315799e-06,3.8459924907385994e-08,6.669797710582344e-08,3.193631108666343e-08,2.5915512968530367e-09,5.168855312485739e-09,1.4726686699932666e-05,1.462029200513084e-05,1.0639469480182571e-07,8.929111518214182e-06,1.1919663595255235e-09,1.4727878666292191e-05,0.022250890651039548,0.9993381528982463,0.0003978962927838126,0.0002574407492272175,1.7284668542408865e-06,2.9975420635882096e-06,1.4352824477154034e-06,1.1646955963804342e-07,2.3229881762672784e-07,0.0006618471017538394,0.9796329266206751,0.12875,nan,AMPLITUDE_LOSS
FF_b1-384k_s1236,FF,1236,384k,FF-B1,384000,0.12875,W4,0.11827974927496641,4.495423944329668e-05,8.950212015954915e-06,1.8658985386288557e-07,2.809426203637219e-07,1.2972003309492464e-07,2.0722151581045782e-08,2.4992390470784825e-08,5.4547418508624984e-05,5.4091041313114504e-05,4.5637719551047653e-07,4.5295541720725304e-05,5.127381312622363e-09,5.4552545889937605e-05,0.1183343018208563,0.9995390396526385,0.0003798918884838854,7.563497875124825e-05,1.5768028295821504e-06,2.3741436609156107e-06,1.0962167074093671e-06,1.7511534829773783e-07,2.1120158034591888e-07,0.00046096034736168445,0.8495358082667631,0.12875,nan,AMPLITUDE_LOSS
FF_b1-384k_s1236,FF,1236,384k,FF-B1,384000,0.12875,PRE,0.6638173452127416,9.696913620056338e-07,3.71810404793473e-07,7.449703178002459e-10,6.199127247888182e-09,5.59032171380283e-10,6.580570549008456e-11,8.152789559235741e-11,1.3491522301372584e-06,1.3422467371169073e-06,6.905493020350899e-09,9.71076892390407e-07,2.6660095945986165e-11,1.3491788902332043e-06,0.6638186943916317,0.9999979675892806,1.460777423469927e-06,5.60108366862367e-07,1.1222496807097404e-09,9.338584918610108e-09,8.421458692347764e-10,9.91320462178852e-11,1.228165104183295e-10,2.0324107193574854e-06,0.25543453794089693,0.12875,nan,AMPLITUDE_LOSS
FF_b1-384k_s1236,FF,1236,384k,FF-B1,384000,0.12875,POST,0.0706102338382757,2.608863487206868e-06,9.7144964298695e-07,6.7538924546662814e-09,1.2575452077356182e-08,5.502176486356903e-09,5.154894544860933e-10,1.0671745551018682e-09,3.6067273152217848e-06,3.5870670226484833e-06,1.966029257330103e-08,2.6221867307029916e-06,2.4787095559737335e-10,3.606975186177382e-06,0.07061384081346188,0.9999489232240262,3.6945497742522206e-05,1.3757212965701835e-05,9.564544854903904e-08,1.7808763801304958e-07,7.791923569496403e-08,7.300119216816584e-09,1.511282415110395e-08,5.107677597384902e-05,0.8365573085197324,0.12875,nan,AMPLITUDE_LOSS
FF_b1-512k_s1234,FF,1234,512k,FF-B1,512000,0.13,FULL,0.4419304381001189,8.827287276324026e-07,4.681289239531001e-07,1.0783920544496054e-08,1.4543378735953435e-08,5.175952362469472e-10,2.337041724553143e-10,3.9512938378954565e-11,1.3769757632130315e-06,1.361641572129997e-06,1.533419108303466e-08,8.940697563515238e-07,6.482741349460851e-11,1.377040590626526e-06,0.4419318151407095,0.99999688418956,1.9974319510823923e-06,1.0592786216867394e-06,2.440177461005921e-08,3.2908648438122234e-08,1.1712106225211994e-09,5.288240504141698e-10,8.940958091503321e-11,3.1158104400711635e-06,0.5595686898220315,0.13,nan,AMPLITUDE_LOSS
FF_b1-512k_s1234,FF,1234,512k,FF-B1,512000,0.13,W1,0.525249735241619,3.939646833653239e-07,3.3145283446563294e-07,3.660487769065088e-09,6.022654658957961e-09,1.6641861189563923e-10,1.847064188911732e-10,2.651674042213429e-11,7.354783020301885e-07,7.290780056000215e-07,6.4002964301669126e-09,3.9781810648670636e-07,3.0891777627816987e-11,7.355091938078164e-07,0.5252504707508128,0.9999985997569864,7.500510810115897e-07,6.310376723914884e-07,6.969032819804877e-09,1.1466252758808883e-08,3.168366734970111e-10,3.516539806961234e-10,5.04839917340574e-11,1.400243013627619e-06,0.4270284333675282,0.13,nan,AMPLITUDE_LOSS
FF_b1-512k_s1234,FF,1234,512k,FF-B1,512000,0.13,W2,0.010707711761481293,1.3926548029922254e-06,4.454196646874387e-07,2.7271919912951773e-08,2.3070550437152457e-08,1.0006352152440212e-09,2.6193793251877966e-10,5.382868161989871e-11,1.8897333398591502e-06,1.8653463875926151e-06,2.4386952266535146e-08,1.4209811868020413e-06,1.134716354330734e-10,1.8898468114945834e-06,0.010709601608292789,0.9998235477444447,0.0001300379667409355,4.1590685227907855e-05,2.5464925026519136e-06,2.1541931740698934e-06,9.343346862419658e-08,2.4458233356810294e-08,5.026207711456738e-09,0.0001764522555552576,0.9713798892648823,0.13,nan,AMPLITUDE_LOSS
FF_b1-512k_s1234,FF,1234,512k,FF-B1,512000,0.13,W3,0.045618204583625435,9.593342290339186e-06,3.3063308698973557e-06,5.839519522540804e-08,8.593466021848003e-08,4.862440490014436e-09,6.003029415909138e-10,3.101011239978462e-10,1.3049775860236026e-05,1.2958068355461941e-05,9.170750477408332e-08,9.656910027178598e-06,4.78863093730271e-10,1.3050254723329755e-05,0.04563125483834876,0.9997140167185099,0.00021023621693066536,7.245759329449712e-05,1.2797192635855978e-06,1.8832412438519017e-06,1.0655943077321217e-07,1.3155521363968959e-08,6.7958053827504355e-09,0.0002859832814901199,1.0394513891179957,0.13,nan,AMPLITUDE_LOSS
FF_b1-512k_s1234,FF,1234,512k,FF-B1,512000,0.13,W4,0.09738130220073002,3.1367459127954114e-05,1.201561224130797e-05,6.197796049586545e-07,1.021574019656938e-06,2.9683041013001362e-08,6.950121843038405e-09,6.009539059624178e-10,4.5061659110639685e-05,4.400285097422074e-05,1.0588081364189391e-06,3.201752272783174e-05,2.8532371636753112e-09,4.506451234780336e-05,0.09742636671307782,0.9995374798224486,0.00032196068790045284,0.00012333019282741425,6.36151838582707e-06,1.0485601424339227e-05,3.046715471769422e-07,7.133717782013275e-08,6.168288358035835e-09,0.00046252017755138853,1.2299243859537232,0.13,nan,AMPLITUDE_LOSS
FF_b1-512k_s1234,FF,1234,512k,FF-B1,512000,0.13,PRE,0.6722229913427812,3.2133097057105845e-07,2.6997970757786846e-07,1.8485768005840977e-09,4.814224366955443e-09,1.7004005647178155e-10,1.8041325848465436e-10,1.472325235333082e-11,5.98338655883776e-07,5.931592549495107e-07,5.1794009342652074e-09,3.2336431068046733e-07,2.7244907962004806e-11,5.983659007917379e-07,0.6722235897086818,0.9999991099112481,4.780120416829393e-07,4.0162188849369356e-07,2.749943365510466e-09,7.161641514599147e-09,2.5295163555977347e-10,2.683828137750287e-10,2.1902314318228703e-11,8.900887518203956e-07,0.2529864339572058,0.13,nan,AMPLITUDE_LOSS
FF_b1-512k_s1234,FF,1234,512k,FF-B1,512000,0.13,POST,0.07746426007141108,1.771209453513437e-06,7.817243335952278e-07,2.4925196664200905e-08,2.994095741746466e-08,1.0676438862927829e-09,3.180435723406294e-10,7.874565343236081e-11,2.6092643743024e-06,2.577858983772869e-06,3.14053905295305e-08,1.797281039717366e-06,1.2430633263177032e-10,2.6093886806350316e-06,0.07746686946009171,0.9999663176736496,2.2864089754757093e-05,1.0091079454970483e-05,3.2175298779870513e-07,3.865001603160646e-07,1.3781941821670943e-08,4.105543118853145e-09,1.0165074967859141e-09,3.3682326350279666e-05,0.8410541584327136,0.13,nan,AMPLITUDE_LOSS
FF_b1-512k_s1235,FF,1235,512k,FF-B1,512000,0.10475,FULL,0.3650925582786243,3.89037410130917e-06,2.2391999337668866e-07,1.0947515671715943e-08,5.476566154666425e-09,1.0064755306556475e-09,6.754749213748438e-10,1.1440220434730064e-10,4.132514529168608e-06,4.125241610357564e-06,7.2729188110442084e-09,3.902442494715877e-06,5.004505968373091e-11,4.132564574228292e-06,0.36509669084319846,0.9999886810408493,1.0655736410148063e-05,6.133169623921686e-07,2.9985250339938926e-08,1.5000317156446668e-08,2.7567369303433944e-09,1.8501261129138441e-09,3.133476890704434e-10,1.1318959150768946e-05,0.6476803005142848,0.10475,nan,AMPLITUDE_LOSS
FF_b1-512k_s1235,FF,1235,512k,FF-B1,512000,0.10475,W1,0.43266720507239437,6.49619071633347e-07,1.0606533184097887e-07,5.762910355939008e-09,5.528421168452598e-10,5.841621403096837e-10,1.0500562308643821e-10,4.238605107664503e-11,7.627317097615826e-07,7.614473138302646e-07,1.2843959313180262e-09,6.560085301806719e-07,1.3790271561679123e-11,7.627455000331443e-07,0.43266796781789424,0.9999982371431062,1.501426312953841e-06,2.451425567260889e-07,1.3319475405556817e-08,1.2777514352427555e-09,1.3501395614619902e-09,2.426933142736855e-10,9.796438431013211e-11,1.7628568937807752e-06,0.5319944571979589,0.10475,nan,AMPLITUDE_LOSS
FF_b1-512k_s1235,FF,1235,512k,FF-B1,512000,0.10475,W2,0.011586744701341913,5.852429565147991e-06,5.720650272825265e-07,1.868036417248991e-08,9.133512369576303e-09,1.4646317342900395e-09,1.8818264926773328e-09,2.731199905119281e-10,6.455928047190064e-06,6.443174956603008e-06,1.2753090587055612e-08,5.8728476810452845e-06,1.0568758822667811e-10,6.456033734778291e-06,0.01159320073507669,0.9994431280667373,0.000504815689147301,4.93448742560638e-05,1.6113207016477047e-06,7.878335467103518e-07,1.2633540823723452e-07,1.6232156699736947e-07,2.3558635724767883e-08,0.0005568719332626823,1.048222978433097,0.10475,nan,AMPLITUDE_LOSS
FF_b1-512k_s1235,FF,1235,512k,FF-B1,512000,0.10475,W3,0.030700134533780565,4.791246735607601e-05,8.379474334352096e-07,6.609747084314864e-08,9.577239426431035e-08,1.0275148472012553e-08,4.655222115003481e-09,1.4460428630007687e-09,4.8928661068068636e-05,4.8816512260354315e-05,1.1214880771432709e-07,4.799028601825411e-05,4.963369296196221e-10,4.8929157404998255e-05,0.030749063691185564,0.9984087755533226,0.0015581764898809237,2.7251153250600168e-05,2.149576734234356e-06,3.1146442952562843e-06,3.3416135011664136e-07,1.5139394932146627e-07,4.7027216856577974e-08,0.0015912244466773089,1.0360664328006688,0.10475,nan,AMPLITUDE_LOSS
FF_b1-512k_s1235,FF,1235,512k,FF-B1,512000,0.10475,W4,0.28228245959160686,0.00033105826173752343,8.865247780219774e-06,4.7395028115993003e-07,3.4572633237536397e-07,1.6734594413920044e-08,5.217060125894491e-08,1.6268432255517935e-09,0.0003408137181701774,0.00034039745979890364,4.162583712737808e-07,0.00033155057345632334,2.887433122121708e-09,0.0003408166056032995,0.2826232761972101,0.9987941059694804,0.0011713765036422137,3.1367720274412006e-05,1.6769683388403913e-06,1.2232762303209958e-06,5.921166441086996e-08,1.8459414416930194e-07,5.7562252623429585e-09,0.0012058940305196295,1.3527198191594791,0.10475,nan,AMPLITUDE_LOSS
FF_b1-512k_s1235,FF,1235,512k,FF-B1,512000,0.10475,PRE,0.629590345619261,7.599534445253859e-07,1.075239631373023e-07,4.097445241508648e-09,5.440714778811187e-10,7.881681051295154e-10,6.459577391506295e-11,5.27154800749554e-11,8.730244037411973e-07,8.715748529041966e-07,1.449550837000651e-09,7.648917733520987e-07,1.1790594776189906e-11,8.730361943359734e-07,0.6295912186554553,0.9999986133472358,1.2070585199116379e-06,1.7078377199882582e-07,6.508104179622805e-09,8.641662427459164e-10,1.2518727736188489e-09,1.0259954713825639e-10,8.372969398861847e-11,1.386652764347578e-06,0.2753556212703571,0.10475,nan,AMPLITUDE_LOSS
FF_b1-512k_s1235,FF,1235,512k,FF-B1,512000,0.10475,POST,0.0569695586294719,7.5371138817432325e-06,3.595139215724844e-07,1.8927409454514157e-08,1.1222606871473075e-08,1.260789714056233e-09,1.3871100440385182e-09,1.8626329139997481e-10,7.92961198269118e-06,7.915555212770212e-06,1.4056769920967794e-08,7.557488344203185e-06,9.460906377539702e-11,7.929706591754957e-06,0.05697748833606365,0.9998608290356871,0.0001322823120914538,6.309753775894174e-06,3.321910115501262e-07,1.9696563007331676e-07,2.2127857035630675e-08,2.43448787731803e-08,3.269068138115232e-09,0.0001391709643129183,0.9054513962780177,0.10475,nan,AMPLITUDE_LOSS
FF_b1-512k_s1236,FF,1236,512k,FF-B1,512000,0.17675,FULL,0.5167456957535372,4.740887452328297e-07,6.291260281785857e-07,5.137786383106978e-08,2.6797508237779286e-08,1.8092315635301784e-09,5.426947138061322e-10,2.4398425135919116e-10,1.1839860560089617e-06,1.154592637242487e-06,2.9393418766474765e-08,5.275198248787901e-07,6.417575155362555e-11,1.1840502317605153e-06,0.5167468798037689,0.9999977087698011,9.174486848798023e-07,1.2174742661157918e-06,9.942559083658326e-08,5.185809394975636e-08,3.501194945660664e-09,1.0502138185713206e-09,4.721542808001927e-10,2.2912301988269657e-06,0.4690210055175062,0.17675,nan,AMPLITUDE_LOSS
FF_b1-512k_s1236,FF,1236,512k,FF-B1,512000,0.17675,W1,0.6065728247444542,1.823412115383399e-07,1.6965883426042597e-07,1.4365423826211867e-08,9.81695191187133e-09,7.944967749438686e-10,1.8204928051157438e-10,8.000170591895654e-11,3.772389692982237e-07,3.6636546962497796e-07,1.0873499673245716e-08,1.975811338454145e-07,1.8201638905243364e-11,3.7725717093712897e-07,0.6065732020016252,0.9999993780817087,3.0060874918658675e-07,2.79700510516557e-07,2.368291869676836e-08,1.6184282259372862e-08,1.3098118616944448e-09,3.001274700502671e-10,1.31891263341935e-10,6.219182912543717e-07,0.31981997665535794,0.17675,nan,AMPLITUDE_LOSS
FF_b1-512k_s1236,FF,1236,512k,FF-B1,512000,0.17675,W2,0.047781684455470284,1.0288493131591957e-06,7.354647534295742e-07,1.4156321181472452e-07,2.321636956790321e-08,3.184556122326581e-09,4.744114574782299e-10,4.031866792341458e-10,1.933155802230438e-06,1.9058772784034958e-06,2.727852382694219e-08,1.174000267775482e-06,6.340360063613124e-11,1.933219205831074e-06,0.047783617674676114,0.9999595435444433,2.1531423625750816e-05,1.5391567030623317e-05,2.9625888304724895e-06,4.858646274288428e-07,6.664535423486467e-08,9.928328602862262e-09,8.437759621176747e-09,4.045645555673437e-05,0.8876269468266992,0.17675,nan,AMPLITUDE_LOSS
FF_b1-512k_s1236,FF,1236,512k,FF-B1,512000,0.17675,W3,0.0492190309825275,5.459977484222923e-06,4.3452257513377834e-06,4.4103979301619927e-07,1.8191211727267618e-07,1.7181971598295295e-08,3.1466418500498955e-09,3.1009995578481372e-09,1.0451584758855784e-05,1.0246243028576916e-05,2.053417302788693e-07,5.921300248395264e-06,5.562490866292135e-10,1.0452141007942413e-05,0.04922948312353544,0.9997876966359626,0.0001109086912859644,8.826470490318047e-05,8.958854938468855e-06,3.6951864570999818e-06,3.490179197965605e-07,6.391783309420532e-08,6.299069980290218e-08,0.00021230336403740737,0.9696359481580753,0.17675,nan,AMPLITUDE_LOSS
FF_b1-512k_s1236,FF,1236,512k,FF-B1,512000,0.17675,W4,0.5085946219788764,1.1809354761785574e-05,6.712631464331434e-05,2.249440627840636e-06,2.6246081285415853e-06,7.049712057892894e-08,5.9446267469136025e-08,1.1232953707486094e-08,8.395089450323768e-05,8.118511003294054e-05,2.7657844702971354e-06,1.4140525463912637e-05,6.393517181074221e-09,8.395728802041876e-05,0.5086785792668966,0.999834962785971,2.3215750360935994e-05,0.0001319621431351764,4.422125774109537e-06,5.159659298633162e-06,1.3858873626366997e-07,1.1686410759026286e-07,2.2082616226656352e-08,0.0001650372140289357,1.0559045994345528,0.17675,nan,AMPLITUDE_LOSS
FF_b1-512k_s1236,FF,1236,512k,FF-B1,512000,0.17675,PRE,0.6744266969719181,1.872976970000471e-07,1.3039070150750082e-07,1.4919535398985703e-08,7.333236053335565e-09,5.27295082535331e-10,1.3872124620997356e-10,6.93489528262905e-11,3.406765352414409e-07,3.326079339065337e-07,8.06860133490715e-09,2.0281387643439453e-07,1.242229781887793e-11,3.4068895753925976e-07,0.6744270376608756,0.9999994948652469,2.7771380230114175e-07,1.9333551923146245e-07,2.2121793116429825e-08,1.0873283015023524e-08,7.818415530520069e-10,2.0568755175305202e-10,1.0282647188655386e-10,5.051347532407492e-07,0.24789456780961772,0.17675,nan,AMPLITUDE_LOSS
FF_b1-512k_s1236,FF,1236,512k,FF-B1,512000,0.17675,POST,0.10482620374765843,1.223290120078682e-06,1.932002093274191e-06,1.4662013151764086e-07,7.764518835477739e-08,5.158110756045393e-09,1.598018717777927e-09,7.001944663003042e-10,3.387013857165417e-06,3.3019123448705156e-06,8.510151229490122e-08,1.3757685568186693e-06,1.9937438808715574e-10,3.3872132315535045e-06,0.10482959096088998,0.9999676902882806,1.1669320763272222e-05,1.8429930702195e-05,1.398652140607871e-06,7.406800674383848e-07,4.9204720905378224e-08,1.5243966003963284e-08,6.679358959754293e-09,3.230971171938257e-05,0.7963136562636374,0.17675,nan,AMPLITUDE_LOSS
FF_b1-640k_s1234,FF,1234,640k,FF-B1,640000,0.15325,FULL,0.472344345182038,8.160248834023647e-07,3.1162346038660906e-07,8.636840122000048e-09,5.497222950727121e-09,2.5037617445397424e-10,2.6685872378806626e-10,1.6990969059877102e-10,1.1424695514505422e-06,1.136285183910974e-06,6.1843675395679446e-09,8.25082009389418e-07,5.122442798552453e-11,1.1425207758785277e-06,0.47234548770281376,0.9999975812840786,1.7276017337637415e-06,6.597362916198074e-07,1.828500609784746e-08,1.1638140078479985e-08,5.300700038414621e-10,5.649651171959675e-10,3.5971485923053744e-10,2.4187159215401443e-06,0.5268476036385096,0.15325,nan,AMPLITUDE_LOSS
FF_b1-640k_s1234,FF,1234,640k,FF-B1,640000,0.15325,W1,0.5570886459267406,3.7849315037712706e-07,2.4055385446128316e-07,6.3866847467597805e-09,2.7232425145621066e-09,8.454287197603804e-11,1.3095165253659488e-10,7.76470087575613e-11,6.284500736330024e-07,6.2543368958517e-07,3.0163840478322958e-09,3.850420250046204e-07,1.2719012446184582e-11,6.284627926454485e-07,0.5570892743895332,0.9999988719041947,6.794120220686837e-07,4.318048570049708e-07,1.1464382892498177e-08,4.888341312276111e-09,1.5175821159115223e-10,2.3506403472420687e-10,1.3937983071819265e-10,1.1280958053554626e-06,0.38388661907168964,0.15325,nan,AMPLITUDE_LOSS
FF_b1-640k_s1234,FF,1234,640k,FF-B1,640000,0.15325,W2,0.03729293834173206,1.4878172896325334e-06,4.81450688502218e-07,5.192655955265487e-09,5.0364856333254414e-09,6.195313721626663e-10,1.4807703819063334e-10,2.858995327961947e-10,1.9805506276664916e-06,1.9744606340900163e-06,6.0899935764749295e-09,1.4939153764927573e-06,1.529743228981906e-10,1.9807036019893897e-06,0.03729491904533403,0.9999468948938224,3.989329736650347e-05,1.2909283698719854e-05,1.3923226298607842e-07,1.3504482065939608e-07,1.661168305395041e-08,3.970434648698715e-09,7.665911102296684e-09,5.310510617767375e-05,0.9478649883951307,0.15325,nan,AMPLITUDE_LOSS
FF_b1-640k_s1234,FF,1234,640k,FF-B1,640000,0.15325,W3,0.01808559149674953,4.083234250627434e-06,1.2359760835612411e-06,6.993740688836379e-08,3.9036150736539e-08,2.669326918189175e-09,1.622417737706756e-09,1.6336950471461003e-09,5.434109331516614e-06,5.389147741077033e-06,4.496159043958103e-08,4.15747467948113e-06,5.406522452069106e-10,5.434649983761821e-06,0.01809102614673329,0.9996996240318354,0.00022570496220263565,6.831984600949234e-05,3.865861914697382e-06,2.1577632792370593e-06,1.475497838713977e-07,8.968080489374828e-08,9.030416974242512e-08,0.00030037596816456997,1.0356517236549885,0.15325,nan,AMPLITUDE_LOSS
FF_b1-640k_s1234,FF,1234,640k,FF-B1,640000,0.15325,W4,0.3022647186503197,4.726376658501513e-05,3.6248187844220587e-06,2.1396242034741854e-07,3.7859641816697597e-07,7.346989557670622e-09,2.3314019537558127e-08,6.327216526854836e-09,5.151813243357368e-05,5.1102547789784615e-05,4.155846437890593e-07,4.749140321144708e-05,1.5972154606899022e-09,5.151972964903437e-05,0.30231623837996857,0.9998295886023792,0.00015633882945883366,1.1990155814974928e-05,7.077437276423041e-07,1.2523191681531774e-06,2.4302332007890924e-08,7.711798673357994e-08,2.0929132335692634e-08,0.00017041139762068123,1.230920497470649,0.15325,nan,AMPLITUDE_LOSS
FF_b1-640k_s1234,FF,1234,640k,FF-B1,640000,0.15325,PRE,0.6624868469158718,3.4251065685220494e-07,2.482080332498766e-07,6.692896094628385e-09,3.250535345962079e-09,6.94055490609635e-11,1.292722314126114e-10,7.571573918127578e-11,6.009365150623268e-07,5.974115861967099e-07,3.5249288656169266e-09,3.4934867423507546e-07,7.922682763305305e-12,6.009444377450902e-07,0.6624874478603093,0.9999990929088288,5.170070134347994e-07,3.746607336554123e-07,1.0102676082882828e-08,4.9065614095776055e-09,1.0476507786820458e-10,1.9513159355951364e-10,1.1429007361079308e-10,9.070911713277105e-07,0.2623708877279054,0.15325,nan,AMPLITUDE_LOSS
FF_b1-640k_s1234,FF,1234,640k,FF-B1,640000,0.15325,POST,0.08167157966074497,1.7889221089736344e-06,4.419187918896182e-07,1.2630928672780662e-08,1.0113337979257794e-08,6.222041143186424e-10,5.49548259186815e-10,3.6344354631275224e-10,2.2551203634351074e-06,2.2434718295360312e-06,1.164853389907599e-08,1.8025386853070447e-06,1.401935558954087e-10,2.2552605569910026e-06,0.08167383492130194,0.9999723887047857,2.1903246171409327e-05,5.41077559384827e-06,1.5465085858442215e-07,1.2382592303106893e-07,7.618157222397991e-09,6.728571771603993e-09,4.44993855482366e-09,2.761129521442192e-05,0.840494762890624,0.15325,nan,AMPLITUDE_LOSS
FF_b1-640k_s1235,FF,1235,640k,FF-B1,640000,0.151,FULL,0.4362261156379648,2.114840556835206e-06,8.948021592352045e-07,1.5600274350090574e-08,1.5799382158032943e-08,3.026590771529516e-09,1.056535838867889e-09,1.0285630922665897e-10,3.045228355498157e-06,3.0252429904205e-06,1.9985365077656967e-08,2.133570278266053e-06,1.5462838775008823e-10,3.0453829838859074e-06,0.4362291610209486,0.9999930192003913,4.848003633308873e-06,2.0512204123589254e-06,3.576164949429218e-08,3.621807888004648e-08,6.938075312340233e-09,2.4219743512095384e-09,2.357850378970388e-10,6.980799608743585e-06,0.5490349472540622,0.151,nan,AMPLITUDE_LOSS
FF_b1-640k_s1235,FF,1235,640k,FF-B1,640000,0.151,W1,0.5190209101966817,1.155336948252147e-06,2.4903052550731074e-07,3.823815535722422e-09,9.993385617309154e-09,1.4862122798131746e-09,5.203443509533869e-10,4.169376829693976e-11,1.4202329253115532e-06,1.4081912892951808e-06,1.2041636016372642e-08,1.16068866983598e-06,4.116275197053709e-11,1.4202740880635237e-06,0.5190223304707697,0.9999972636381095,2.225986976891431e-06,4.798069580189008e-07,7.367343005371957e-09,1.925424982974696e-08,2.863484271636248e-09,1.0025471361177952e-09,8.033135734724332e-11,2.7363618905105514e-06,0.40725373127201747,0.151,nan,AMPLITUDE_LOSS
FF_b1-640k_s1235,FF,1235,640k,FF-B1,640000,0.151,W2,0.010936822869941498,3.831647877812046e-06,9.761669600538877e-07,4.5648918251257846e-08,8.67310268761694e-09,2.5725061053399805e-09,8.536688955475423e-10,1.612877909395187e-10,4.865724321596636e-06,4.853463756117192e-06,1.2260565479443965e-08,3.880030589959583e-06,1.5230621449020655e-10,4.865876627811126e-06,0.010941688746569308,0.9995553040758126,0.00035018798467916976,8.921538496038984e-05,4.172017678806211e-06,7.926658315028616e-07,2.351105209381292e-07,7.801984933067236e-08,1.4740667269957266e-08,0.0004446959241874074,0.9814502593468333,0.151,nan,AMPLITUDE_LOSS
FF_b1-640k_s1235,FF,1235,640k,FF-B1,640000,0.151,W3,0.016886329834675334,1.7475906698752013e-05,1.829604032067843e-05,1.0936732753931863e-07,1.73432223301085e-07,3.208126671272493e-08,1.5103052286379973e-08,1.3075069203095545e-09,3.610323839619029e-05,3.5881314346969784e-05,2.2192404922049908e-07,1.7618662799924374e-05,2.6203825551625765e-09,3.610585877874545e-05,0.01692243569345408,0.9978665456533174,0.0010327065040405588,0.0010811707891929991,6.4628606930851844e-06,1.0248657657690217e-05,1.8957833412132365e-06,8.924870449281484e-07,7.72647121524255e-08,0.0021334543466826274,1.031895209185214,0.151,nan,AMPLITUDE_LOSS
FF_b1-640k_s1235,FF,1235,640k,FF-B1,640000,0.151,W4,0.13694786439569204,4.885128858342836e-05,2.6347649901324777e-05,8.453966519602993e-07,4.917956728316179e-07,1.5648107486396727e-07,3.32477478947101e-08,3.430648387510048e-09,7.672929028069122e-05,7.604433513671342e-05,6.849551439778059e-07,4.985659695864014e-05,8.575339962870473e-09,7.67378656206541e-05,0.1370246022613127,0.9994400327107954,0.0003565147486982053,0.00019228409435540565,6.169670927087313e-06,3.5891051350876054e-06,1.1419926208472012e-06,2.4264073331905536e-07,2.5036734612563473e-08,0.0005599672892045647,1.2121345962063355,0.151,nan,AMPLITUDE_LOSS
FF_b1-640k_s1235,FF,1235,640k,FF-B1,640000,0.151,PRE,0.6234108605566213,9.101758093876731e-07,9.477776206484465e-08,3.3640427447608026e-09,8.820378878640723e-09,1.5673457442312323e-09,1.907898875901374e-10,4.004146783672358e-11,1.0189361701755783e-06,1.0083176141972796e-06,1.0618555978298809e-08,9.151472393445027e-07,1.2310260884912601e-11,1.0189484804364632e-06,0.6234118795051016,0.9999983655489993,1.4599911219660975e-06,1.520307282914725e-07,5.3961800463247376e-09,1.4148557588952246e-08,2.514141606519313e-09,3.060414693177873e-10,6.422955537725932e-11,1.6344510005240609e-06,0.2855187403382002,0.151,nan,AMPLITUDE_LOSS
FF_b1-640k_s1235,FF,1235,640k,FF-B1,640000,0.151,POST,0.06102823394411035,4.5295013326906e-06,2.4983914861975263e-06,4.012688938076634e-08,2.978827451088111e-08,5.9515387599595204e-09,2.7918591268078393e-09,2.287639810226754e-10,7.106780144647575e-06,7.068019708268904e-06,3.8760436378671205e-08,4.575808524812361e-06,4.398944747362673e-10,7.107220039122311e-06,0.06103534116414946,0.9998835628660327,7.421112553715328e-05,4.0933522391309974e-05,6.574369685597615e-07,4.880496144923381e-07,9.750971632725616e-08,4.574168168276275e-08,3.748057736847625e-09,0.00011643713396726221,0.8615390144992212,0.151,nan,AMPLITUDE_LOSS
FF_b1-640k_s1236,FF,1236,640k,FF-B1,640000,0.24775,FULL,0.5815808132813535,3.8467343579935006e-07,8.479522530094722e-07,5.2876445218243034e-09,7.945791450041201e-09,4.987861763805052e-10,1.758816553674189e-10,1.7075108325257638e-11,1.2465508677207637e-06,1.2379133333306493e-06,8.637534390114381e-09,3.9047694160587934e-07,4.612162776628719e-11,1.24659698934853e-06,0.5815820598783425,0.9999978566208385,6.614258973365235e-07,1.4580096457137995e-06,9.09182880116649e-09,1.3662373719597682e-08,8.57636799395774e-10,3.0241932740868834e-10,2.935975764139567e-11,2.1433791614555333e-06,0.4021733602343937,0.24775,nan,AMPLITUDE_LOSS
FF_b1-640k_s1236,FF,1236,640k,FF-B1,640000,0.24775,W1,0.6776837147313254,1.4912899985296454e-07,3.5452113847744905e-07,2.0070848181720392e-09,6.21315855887247e-09,1.6272739934926742e-10,1.441236996942946e-10,9.483317476504692e-12,5.121867161239783e-07,5.056572231485858e-07,6.52949297539254e-09,1.513082953879627e-07,2.6545889369351795e-11,5.122132620133477e-07,0.6776842269445874,0.9999992442103627,2.200567667498637e-07,5.23136181123373e-07,2.9616814711769595e-09,9.168220702329995e-09,2.4012274874585165e-10,2.1267087821969517e-10,1.3993711377395862e-11,7.557896373850866e-07,0.25016479400363495,0.24775,nan,AMPLITUDE_LOSS
FF_b1-640k_s1236,FF,1236,640k,FF-B1,640000,0.24775,W2,0.09682240454642543,9.355468440425056e-07,9.852211037113195e-07,6.994188669711567e-09,9.08571185917269e-09,5.411534479115541e-10,1.653007454375263e-10,9.423804900401253e-12,1.937563726280957e-06,1.9277621364235345e-06,9.801589857422174e-09,9.430916099650276e-07,7.269579873402292e-11,1.9376364220796906e-06,0.0968243421828475,0.9999799888779614,9.662310361770211e-06,1.0175345189440959e-05,7.223585017241482e-08,9.38370626762056e-08,5.5890227200915365e-09,1.7072230168057567e-09,9.732888130218646e-11,2.0011122038677987e-05,0.7778667812992982,0.24775,nan,AMPLITUDE_LOSS
FF_b1-640k_s1236,FF,1236,640k,FF-B1,640000,0.24775,W3,0.044211250647030895,3.897020194319405e-06,1.1320976783403442e-05,3.247771146537907e-08,2.6859205045850514e-08,5.762623632977769e-09,6.805158879741552e-10,8.610423529719147e-11,1.528386313799032e-05,1.5250474689188222e-05,3.3388448802099634e-08,3.935346633653051e-06,3.229800580480458e-10,1.528418611804837e-05,0.04422653483314894,0.9996544187034488,8.81149797848928e-05,0.00025597702620811137,7.34349001681594e-07,6.073097370917645e-07,1.3029787879158329e-07,1.53870497770447e-08,1.9468908484655e-09,0.0003455812965511946,0.9791657191257619,0.24775,nan,AMPLITUDE_LOSS
FF_b1-640k_s1236,FF,1236,640k,FF-B1,640000,0.24775,W4,0.2387255063127465,9.1655100319114e-06,3.4144824249178e-05,4.456652798769382e-07,2.0657228249955917e-07,3.560309451020149e-08,3.923184827246111e-09,1.3759185222293135e-09,4.400347404132562e-05,4.375599956096638e-05,2.474744803592358e-07,9.648154324820772e-06,1.4834483637554393e-09,4.4004957489689376e-05,0.23876951127023618,0.9998157073150562,3.838643401368902e-05,0.00014300328496577347,1.8665083338107142e-06,8.651535226755723e-07,1.491107241539913e-07,1.6430845088844786e-08,5.762538623369282e-09,0.00018429268494381498,0.9770520884340229,0.24775,nan,AMPLITUDE_LOSS
FF_b1-640k_s1236,FF,1236,640k,FF-B1,640000,0.24775,PRE,0.6796207926980685,1.4929342556899644e-07,3.491585890686849e-07,2.012946253492967e-09,6.230192429329126e-09,1.6333155558927904e-10,1.441842444095039e-10,9.488341161837484e-12,5.070121574616642e-07,5.004649608911744e-07,6.547196570489747e-09,1.5147919171924086e-07,2.6535116348965924e-11,5.070386925780132e-07,0.6796212997367611,0.9999992539784177,2.196714929809471e-07,5.137546295526025e-07,2.961864577156785e-09,9.167152989445066e-09,2.4032730530799995e-10,2.1215380458349528e-10,1.396121805759046e-11,7.460215824281006e-07,0.24811021438014985,0.24775,nan,AMPLITUDE_LOSS
FF_b1-640k_s1236,FF,1236,640k,FF-B1,640000,0.24775,POST,0.09454904806863615,1.5539672540998864e-06,3.325802208418414e-06,2.155531499312723e-08,1.6468347497336322e-08,2.1652191671330444e-09,3.333444180419113e-10,5.47637800879573e-11,4.920346452374028e-06,4.901324777511429e-06,1.9021674862599244e-08,1.5777425520402327e-06,1.4342125274265336e-10,4.920489873626771e-06,0.09455396855850978,0.9999479625600611,1.643471215589832e-05,3.5173586726876004e-05,2.2796837990448046e-07,1.7416876069168076e-07,2.289929448151568e-08,3.525440799888385e-09,5.791801339056056e-10,5.203743993878579e-05,0.8120527315161046,0.24775,nan,AMPLITUDE_LOSS
FF_init_s1234,FF,1234,0k,FF-B1+FF-LBFGS,0,0.0245,FULL,14.962980963502511,0.016670266748515086,0.0076872554744642045,0.0012324958146047685,0.00017578264882691158,5.558049789382807e-05,3.598295482902772e-05,9.260820326856061e-06,0.02586662495946065,0.02559001803758403,0.00027660692187662293,0.017967603881340517,1.991727065050192e-06,0.0258686166865257,14.98884958018904,0.9982742752698766,0.0011121780143623157,0.0005128650104082469,8.222752331897124e-05,1.1727562628778974e-05,3.708123494204609e-06,2.40064852328784e-06,6.178473876794068e-07,0.0017257247301234846,3.994955104454738,0.0245,0.41550000000000004,REDISTRIBUTION
FF_init_s1234,FF,1234,0k,FF-B1+FF-LBFGS,0,0.0245,W1,4.854010910882875,0.005735080239927138,0.004408466703173187,0.0001119675399488015,0.00013348560261846213,3.802603349800229e-05,2.8681784004754796e-05,1.720736039127605e-07,0.010455879976774256,0.010255514483049125,0.00020036549372513216,0.005885245886977855,2.901677269919905e-07,0.010456170144501249,4.8644670810273745,0.9978505599017715,0.0011789740759878082,0.0009062589781590679,2.30174333103042e-05,2.7440952597164837e-05,7.817102085978539e-06,5.896182508357947e-06,3.537357973870588e-08,0.00214944009822842,2.4004013794264445,0.0245,0.41550000000000004,REDISTRIBUTION
FF_init_s1234,FF,1234,0k,FF-B1+FF-LBFGS,0,0.0245,W2,29.105822293152677,0.015949537319049824,0.011078840994949775,0.002773023873123925,0.00021275886673558886,7.7303856583046e-05,1.9231271145567295e-05,1.025845444586416e-05,0.03012095463603362,0.029801402187123554,0.0003195524489100665,0.018810123503202672,4.167376214657548e-06,0.030125122012248276,29.135947415164928,0.9989661925690934,0.0005474179155075179,0.00038024651890378137,9.517535950494363e-05,7.302281753028075e-06,2.6532127662938465e-06,6.600531509144403e-07,3.520893200065773e-07,0.0010338074309064857,5.513172518680788,0.0245,0.41550000000000004,REDISTRIBUTION
FF_init_s1234,FF,1234,0k,FF-B1+FF-LBFGS,0,0.0245,W3,148.87824776329848,0.126635154468446,0.04606949887247806,0.02167644406458583,0.0007406059901379153,0.0003675889610088403,0.000269381161404469,3.9625269936201966e-05,0.19579829878799737,0.1943810974055099,0.0014172013824874277,0.14871881276397686,2.180004582014514e-05,0.1958200988338175,149.0740678621323,0.998686570171266,0.0008494782144418678,0.00030903769025824256,0.00014540722974378765,4.968041115818828e-06,2.4658146117248835e-06,1.8070292483527045e-06,2.6580931411560964e-07,0.0013134298287339103,12.28432162461182,0.0245,0.41550000000000004,REDISTRIBUTION
FF_init_s1234,FF,1234,0k,FF-B1+FF-LBFGS,0,0.0245,W4,795.8364403702492,1.5802972387937275,0.32872810403986485,0.056380591263808504,0.004134544631107833,0.0010451506177655842,0.0006835801241922576,0.0016091131054638088,1.9728783225759325,1.9654059340974028,0.007472388478529486,1.639332093780767,0.0001558052318168604,1.9730341278077494,797.8094744980568,0.9975271305105731,0.0019807956635339566,0.0004120384361747879,7.066925635336712e-05,5.182371945569774e-06,1.3100255829024596e-06,8.568214336130768e-07,2.0169144026799134e-06,0.0024728694894268774,28.268212462923106,0.0245,0.41550000000000004,REDISTRIBUTION
FF_init_s1234,FF,1234,0k,FF-B1+FF-LBFGS,0,0.0245,PRE,2.3023195370181293,0.002159881682589639,0.003715195115155006,3.799981217097533e-07,1.3485892220983236e-05,1.3325617200869635e-05,9.339150951514265e-06,4.7110076461638794e-08,0.005911654566316182,0.005875456795866354,3.619777044982878e-05,0.00217363440798868,1.2830895756085912e-07,0.005911782875273743,2.3082313198934026,0.9974388810844124,0.0009357302208133775,0.0016095420288488402,1.6462740954856867e-07,5.8425223045903294e-06,5.773086010384642e-06,4.0460206003470405e-06,2.0409600491231947e-08,0.0025611189155875795,1.7922983866876665,0.0245,0.41550000000000004,REDISTRIBUTION
FF_init_s1234,FF,1234,0k,FF-B1+FF-LBFGS,0,0.0245,POST,17.385453596919582,0.0194466628259757,0.00844726375480404,0.0014682470716747041,0.00020683627534185615,6.366548560962535e-05,4.108094170105565e-05,1.102375831105367e-05,0.029684780113418033,0.02936217365245444,0.0003226064609635903,0.020989599141571072,2.3482707887899242e-06,0.029687128384206823,17.415140725303786,0.9982954611401442,0.0011166527882214134,0.00048505292188457283,8.4308665247875e-05,1.1876809179686426e-05,3.655755368190868e-06,2.3589213482927574e-06,6.329986057183259e-07,0.0017045388598557498,4.28937320494581,0.0245,0.41550000000000004,REDISTRIBUTION
FF_init_s1235,FF,1235,0k,FF-B1+FF-LBFGS,0,0.0245,FULL,14.154735778148693,0.01988034517718199,0.005565194918520682,0.000698128998280531,0.00024587350496208237,7.154438322067178e-05,3.8545457818516426e-05,6.278671022697836e-06,0.02650591111100718,0.026143669093983208,0.0003622420170239689,0.02065629722970589,4.28753530149233e-06,0.026510198646308672,14.181245976795,0.9981309174688785,0.0014018761976420252,0.0003924335428776689,4.9229045916992314e-05,1.7337939113490836e-05,5.045001332630585e-06,2.71805943817382e-06,4.4274480051017403e-07,0.001869082531121492,3.8937729032575152,0.0245,0.264,REDISTRIBUTION
FF_init_s1235,FF,1235,0k,FF-B1+FF-LBFGS,0,0.0245,W1,3.588914241604399,0.005156897445449738,0.0027703028660184593,0.000417230110900163,0.00013031566735080392,8.605412510229893e-06,5.827813434904458e-06,7.837713660717274e-07,0.00848996308703037,0.00834443042236836,0.00014553266466200995,0.005583516740226204,6.42755338638425e-07,0.00849060584236901,3.597404847446768,0.997639975214362,0.0014335051476074188,0.0007700838461259543,0.00011598088153564904,3.6224916616502844e-05,2.3921172102393854e-06,1.6200051768729004e-06,2.1787136542777123e-07,0.002360024785638065,2.1263672948647154,0.0245,0.264,REDISTRIBUTION
FF_init_s1235,FF,1235,0k,FF-B1+FF-LBFGS,0,0.0245,W2,23.168495538810934,0.03881533751511381,0.0057994280149505535,0.0011414900474204708,0.00034614154799180276,7.139945719736592e-05,4.635698326004004e-05,2.112976014714454e-05,0.04624128332608117,0.04575625557748482,0.0004850277485963533,0.04004935677987878,6.790330978874607e-06,0.046248073657060046,23.21474361246799,0.9980081065023324,0.0016720128172248102,0.000249816659968351,4.917092345979024e-05,1.491042309218561e-05,3.075609159147617e-06,1.9968773979739947e-06,9.10187365423664e-07,0.0019918934976676825,4.932185299479975,0.0245,0.264,REDISTRIBUTION
FF_init_s1235,FF,1235,0k,FF-B1+FF-LBFGS,0,0.0245,W3,166.2480390963205,0.2398150017829608,0.055084844736619634,0.0038199009438244355,0.0022008271965940056,0.00046320788901266994,0.00018084756587441,3.0650147451148676e-05,0.30159528026233723,0.29871974746340496,0.0028755327989322312,0.24412876076324913,2.4866438731601947e-05,0.30162014670106885,166.54965924302152,0.9981891567556347,0.0014399011002372995,0.0003307413128993625,2.2935510835090313e-05,1.3214242137678625e-05,2.7812002755005677e-06,1.0858478708244964e-06,1.8403010949784617e-07,0.001810843244365254,12.980753711573007,0.0245,0.264,REDISTRIBUTION
FF_init_s1235,FF,1235,0k,FF-B1+FF-LBFGS,0,0.0245,W4,946.8438692097825,1.0674782601489008,0.2682312839957855,0.024223489095472377,0.008711582483655863,0.01033266166669258,0.005471064246331061,0.00047835109743080774,1.38492669273427,1.3599330332401596,0.024993659494110313,1.1025127620084976,0.0005294625497658489,1.3854561552840359,948.2293253650664,0.9985394593596835,0.001125760222386924,0.0002828761214116952,2.5546038255900752e-05,9.187215702898214e-06,1.089680223944059e-05,5.7697723059799545e-06,5.044680139412105e-07,0.0014605406403167803,30.830818900916732,0.0245,0.264,REDISTRIBUTION
FF_init_s1235,FF,1235,0k,FF-B1+FF-LBFGS,0,0.0245,PRE,2.179077943735567,0.0006363339967631464,0.0037048603409509267,3.1381619164642236e-05,9.690982664181104e-05,6.628332804135397e-06,8.365812731215213e-07,2.717305523152305e-07,0.004477222428150098,0.004372575956878715,0.00010464647127138319,0.0006746156792842395,2.49636949563561e-07,0.0044774720650996615,2.183555415800667,0.9979495721026292,0.00029142107633631275,0.0016967102083617093,1.4371800470595178e-05,4.438167083823749e-05,3.035569197814545e-06,3.8312806842948196e-07,1.2444409764679008e-07,0.0020504278973707455,1.7414515604472474,0.0245,0.264,REDISTRIBUTION
FF_init_s1235,FF,1235,0k,FF-B1+FF-LBFGS,0,0.0245,POST,16.446140815672724,0.023562466424356165,0.00592114864410843,0.000825703476809122,0.0002743759995749727,8.396532635359694e-05,4.576061968020501e-05,7.428030318384177e-06,0.030720848521200897,0.030309318545273738,0.0004115299759271594,0.024479563257837286,5.060140928051884e-06,0.03072590866212895,16.476866724334855,0.9981355157828411,0.0014300336377503255,0.0003593614345246186,5.0112909462817695e-05,1.6652200228834993e-05,5.095953833008309e-06,2.7772655140783198e-06,4.508158452605166e-07,0.0018644842171589436,4.181169348002417,0.0245,0.264,REDISTRIBUTION
FF_init_s1236,FF,1236,0k,FF-B1+FF-LBFGS,0,0.0245,FULL,11.605430341422364,0.013903179833140242,0.017243537297311276,0.0008540595700686486,0.00013103158209251507,4.0660049028320175e-05,8.027996008101944e-06,4.390392996696494e-06,0.03218488672064578,0.032000776700520144,0.0001841100201256336,0.014802289845233893,1.0795067061211454e-06,0.032185966227351905,11.637616307649715,0.9972344087607559,0.0011946760191485343,0.001481707116043122,7.33878508032552e-05,1.1259315549086386e-05,3.4938471698216133e-06,6.898317095660647e-07,3.7725882069715744e-07,0.002765591239244083,3.5488912834498985,0.0245,0.42825,REDISTRIBUTION
FF_init_s1236,FF,1236,0k,FF-B1+FF-LBFGS,0,0.0245,W1,4.355443430194857,0.0077610093171165614,0.0005841415962527837,0.0001609820212829469,1.8047462540959403e-05,1.8428019287771715e-05,3.605498980920893e-06,2.934982943754372e-06,0.008549148898405695,0.00850613293465229,4.3015963753406365e-05,0.00794335434063103,3.558796533526843e-07,0.008549504778059047,4.363992934972916,0.9980409799642276,0.0017784194579746775,0.0001338548555401429,3.688870188601367e-05,4.135539237032629e-06,4.22274303949449e-06,8.261927387763861e-07,6.725453562444415e-07,0.001959020035772382,2.2939362795841842,0.0245,0.42825,REDISTRIBUTION
FF_init_s1236,FF,1236,0k,FF-B1+FF-LBFGS,0,0.0245,W2,22.650186894952927,0.030851885484195818,0.010185120679896515,0.0011538048986375084,0.00012041245951963981,4.4721445124801595e-05,1.0731491214898782e-05,6.084363601995952e-06,0.04237276082219116,0.04219081106272981,0.00018194975946133626,0.03205649619156011,3.0021539603575446e-06,0.04237576297615152,22.692562657929077,0.9981327465272783,0.0013595595187228765,0.0004488308429897394,5.084507504396369e-05,5.3062528575966796e-06,1.970753665658878e-06,4.729079212607777e-07,2.6812152063451847e-07,0.0018672534727217308,4.886565222960864,0.0245,0.42825,REDISTRIBUTION
FF_init_s1236,FF,1236,0k,FF-B1+FF-LBFGS,0,0.0245,W3,99.67451154990214,0.1182307848277922,0.25165446961478444,0.011204687939483227,0.0022974728767322563,0.00033538874152861477,0.00012320593329754695,2.648377718671675e-05,0.38387249371080495,0.38108994238205973,0.0027825513287451317,0.12979734528599077,7.877339515617195e-06,0.3838803710503206,100.05839192095243,0.9961635149579919,0.001181617971925853,0.0025150762929080895,0.00011198150006699474,2.2961323018477288e-05,3.351930422766242e-06,1.2313404266437544e-06,2.6468323908942096e-07,0.003836485042007915,10.091017777953503,0.0245,0.42825,REDISTRIBUTION
FF_init_s1236,FF,1236,0k,FF-B1+FF-LBFGS,0,0.0245,W4,588.4531516691321,0.08592991097190082,2.2064394874197,0.06930162623003908,0.010449708540631968,0.002630750691845938,0.0001359872603767657,0.00011165584615955371,2.374999126960655,2.361671024621641,0.013328102339014235,0.15797394373994555,4.36301125748093e-05,2.37504275707323,590.8281944262052,0.9959802200965535,0.00014543977103345087,0.0037344860505490515,0.00011729574181030603,1.768654477033947e-05,4.4526495365889594e-06,2.3016381361235734e-07,1.8898193325606866e-07,0.004019779903446605,24.318739489481846,0.0245,0.42825,REDISTRIBUTION
FF_init_s1236,FF,1236,0k,FF-B1+FF-LBFGS,0,0.0245,PRE,2.3255464061028084,0.000598665212720522,6.475972071646187e-05,1.049336451555136e-05,6.723193567207694e-06,1.8348829331468736e-06,5.715155622263884e-07,2.785438840429425e-06,0.0006858333288555458,0.0006739182979525355,1.1915030903010379e-05,0.0006137788990096499,1.1255248830972188e-07,0.0006859458813438555,2.326232351984152,0.9997051741794177,0.0002573540176138158,2.7838888834368367e-05,4.510884312271013e-06,2.890164383952601e-06,7.887789112557251e-07,2.4568293420523615e-07,1.1974035924761984e-06,0.00029482582058234494,1.8058580647464033,0.0245,0.42825,REDISTRIBUTION
FF_init_s1236,FF,1236,0k,FF-B1+FF-LBFGS,0,0.0245,POST,13.38102990271958,0.016448846404828483,0.020530499735767017,0.0010154663069357366,0.0001548165692399324,4.8088800116844156e-05,9.454708184762592e-06,4.69748260208732e-06,0.038211870007674835,0.0379948124475312,0.00021705756014362633,0.01751709899448312,1.2645223266727979e-06,0.03821313453000151,13.419243037249581,0.9971524568485429,0.0012257657089283897,0.0015299299381796995,7.567240564958986e-05,1.1536908855355418e-05,3.58357058701917e-06,7.045635174394122e-07,3.5005573948554385e-07,0.0028475431514569795,3.7921615036428724,0.0245,0.42825,REDISTRIBUTION
FF_sw-320k_s1234,FF,1234,320k,FF-B1+FF-LBFGS,320000,0.082,FULL,0.33747057248158174,1.3821815888227843e-06,5.942426298428247e-07,2.04651746342476e-08,2.0777409827119096e-08,1.9529183914875784e-09,2.2897616727011646e-10,8.039401445616109e-11,2.0199290917001885e-06,1.9968893932998554e-06,2.3039698400332927e-08,1.4046800758629736e-06,1.0086690303781629e-10,2.020029958603226e-06,0.3374725925115403,0.9999940145388482,4.095685456852732e-06,1.7608618987336534e-06,6.064247910640213e-08,6.156769555328775e-08,5.786894803922496e-09,6.785030026719149e-10,2.382238328804154e-10,5.985461151885549e-06,0.6561093679743686,0.082,nan,AMPLITUDE_LOSS
FF_sw-320k_s1234,FF,1234,320k,FF-B1+FF-LBFGS,320000,0.082,W1,0.4006370821704445,3.341873507075584e-07,1.699220621924359e-07,3.3765457071750947e-09,5.494977266831705e-09,7.479771683154566e-10,1.4221942347534511e-10,3.9007667025284346e-11,5.139101401328169e-07,5.074859586071692e-07,6.424181525647788e-09,3.383508812500741e-07,2.6164333339200817e-11,5.139363044661561e-07,0.400637596106749,0.9999987172693098,8.341387677464514e-07,4.241290978549551e-07,8.42793022973297e-09,1.3715580665890513e-08,1.866966993694246e-09,3.549827197114561e-10,9.736397034850024e-11,1.282730690180784e-06,0.5637761050326437,0.082,nan,AMPLITUDE_LOSS
FF_sw-320k_s1234,FF,1234,320k,FF-B1+FF-LBFGS,320000,0.082,W2,0.00469370330619653,3.367215190358682e-06,2.0894049912265185e-06,2.7056701674152877e-08,6.464437729228368e-08,4.842087199657215e-09,3.22467103724857e-10,1.2826817182933e-10,5.553614083026854e-06,5.48367688325936e-06,6.993719976749501e-08,3.399242247404327e-06,1.7280799006905793e-10,5.553786891016924e-06,0.0046992570930875464,0.9988181931362253,0.0007165420506862552,0.0004446245495132925,5.757655334270024e-06,1.3756297727266631e-05,1.0303942265342577e-06,6.862087117077079e-08,2.7295415850917024e-08,0.0011818068637746404,0.9873303365793143,0.082,nan,AMPLITUDE_LOSS
FF_sw-320k_s1234,FF,1234,320k,FF-B1+FF-LBFGS,320000,0.082,W3,0.032769399741612464,1.59323476736994e-05,4.9276242884937085e-06,1.7415155737500728e-07,2.158192937767891e-07,1.5182231006832843e-08,1.706343574015405e-09,6.806252096859878e-10,2.126751201313544e-05,2.103412351956811e-05,2.333884935673232e-07,1.6122362087290926e-05,1.6355915725343845e-09,2.1269147604707976e-05,0.032790668889217174,0.9993514156985999,0.0004858805571252226,0.0001502752063683263,5.311009868387222e-06,6.581729249590866e-06,4.630046375513801e-07,5.203747642026829e-08,2.0756674587362428e-08,0.0006485843014000861,1.0047986979512098,0.082,nan,AMPLITUDE_LOSS
FF_sw-320k_s1234,FF,1234,320k,FF-B1+FF-LBFGS,320000,0.082,W4,0.2900035933768677,6.171915885630548e-05,1.165684559583475e-05,2.3192113482183205e-06,5.172112031623895e-07,7.188878054852183e-08,5.940394970775757e-09,3.301723577481196e-09,7.629355790261774e-05,7.569521580035855e-05,5.983421022591686e-07,6.411356070864983e-05,3.781349412343142e-09,7.629733925203008e-05,0.2900798907161197,0.999736991217458,0.00021276607457511898,4.018494945999474e-05,7.995078089436224e-06,1.7829957417168108e-06,2.478240780777994e-07,2.0478479337354234e-08,1.1382118258421841e-08,0.0002630087825419404,1.3762598219163051,0.082,nan,AMPLITUDE_LOSS
FF_sw-320k_s1234,FF,1234,320k,FF-B1+FF-LBFGS,320000,0.082,PRE,0.6628705264375816,7.576294531180866e-08,8.783256177611764e-08,1.5602861498204884e-09,4.703054308507996e-09,9.277281604102834e-10,8.962401058084403e-11,1.345176683021879e-11,1.7088965148407628e-07,1.6515579323774692e-07,5.733858246329343e-09,7.826441138886977e-08,2.5816448115193856e-11,1.7091546793219146e-07,0.6628706973530496,0.9999997421976079,1.1429520963484031e-07,1.3250331041976697e-07,2.353831834944184e-09,7.094979952306281e-09,1.3995612781662934e-09,1.3520587188756112e-10,2.0293198785913773e-11,2.5780239219069754e-07,0.2664901109301708,0.082,nan,AMPLITUDE_LOSS
FF_sw-320k_s1234,FF,1234,320k,FF-B1+FF-LBFGS,320000,0.082,POST,0.06640392523172728,2.4704623869482437e-06,1.0160954224310328e-06,3.621343973326163e-08,3.416776715249626e-08,2.806928588332913e-09,3.4506014774266804e-10,1.361586524124018e-10,3.56022716365352e-06,3.5227712491125357e-06,3.7455914540984155e-08,2.5096189139222477e-06,1.6338588911364853e-10,3.5603905495426336e-06,0.06640748562227682,0.9999463881648424,3.720156500245089e-05,1.5300916988643417e-05,5.453216528681745e-07,5.145168035860584e-07,4.226825588917275e-08,5.196103200689249e-09,2.050350972808469e-09,5.361183515761121e-05,0.8543542349083524,0.082,nan,AMPLITUDE_LOSS
FF_sw-320k_s1235,FF,1235,320k,FF-B1+FF-LBFGS,320000,0.05625,FULL,0.2164414703201231,7.797625857464408e-06,5.985220164073735e-07,3.902884803747014e-08,5.167145026418592e-09,2.0440946533928496e-09,1.3565437552786917e-09,1.3320105487015163e-10,8.443877706399206e-06,8.435176721909247e-06,8.700984489960308e-09,7.838832001210137e-06,1.9593448510476407e-10,8.44407364088431e-06,0.216449914393764,0.9999609892305217,3.602508176712693e-05,2.76517557710991e-06,1.8031352972401123e-07,2.3872243357398506e-08,9.443730485957198e-09,6.267240901000547e-09,6.153897328340326e-10,3.901076947843804e-05,0.8247548703821744,0.05625,nan,AMPLITUDE_LOSS
FF_sw-320k_s1235,FF,1235,320k,FF-B1+FF-LBFGS,320000,0.05625,W1,0.25639418696340716,2.6355027741243246e-06,2.8876202344411746e-07,2.7793733998555536e-08,2.8400236054499574e-09,1.113117602633957e-09,8.094776796560503e-10,7.116354147185313e-11,2.956892313996207e-06,2.9520585315669955e-06,4.833782429211814e-09,2.6644807892669837e-06,7.019664695634695e-11,2.956962510643163e-06,0.2563971439259178,0.9999884675302169,1.0278986475790722e-05,1.1262294856397039e-06,1.0840110611448772e-07,1.1076658510081084e-08,4.341380663976229e-09,3.157124402725629e-09,2.7755200546187855e-10,1.153246978312716e-05,0.7733915981363619,0.05625,nan,AMPLITUDE_LOSS
FF_sw-320k_s1235,FF,1235,320k,FF-B1+FF-LBFGS,320000,0.05625,W2,0.006058094976340493,1.572012357277339e-05,8.626795649336101e-07,6.260250329824507e-08,8.314888213465231e-09,2.451020837391439e-09,2.352782552614747e-09,2.477373205414082e-10,1.6658772069929265e-05,1.6645405641005256e-05,1.3366428924012821e-08,1.578542483422958e-05,3.241583516638945e-10,1.665909622828093e-05,0.006074754072568773,0.9972577041375071,0.0025877795584531944,0.0001420106230905815,1.030535654463793e-05,1.3687613618314952e-06,4.0347657516698463e-07,3.8730500857428166e-07,4.07814589367073e-08,0.0027422958624929226,1.051109441947353,0.05625,nan,AMPLITUDE_LOSS
FF_sw-320k_s1235,FF,1235,320k,FF-B1+FF-LBFGS,320000,0.05625,W3,0.00899584519445763,5.8583420034497965e-05,6.947839132876469e-06,1.5474099611950617e-07,4.374246872458775e-08,1.8182810491335454e-08,9.067109663177912e-09,1.168489447940378e-09,6.575816104182091e-05,6.568600016349387e-05,7.21608783270415e-08,5.875751233055668e-05,2.358246053118411e-09,6.576051928787403e-05,0.009061605713745502,0.9927432090699587,0.006465017032437623,0.0007667339719366377,1.7076558093396838e-05,4.8272327764203685e-06,2.0065776196549536e-06,1.0006076526926244e-06,1.2894952494596078e-07,0.007256790930041372,0.9702708589954541,0.05625,nan,AMPLITUDE_LOSS
FF_sw-320k_s1235,FF,1235,320k,FF-B1+FF-LBFGS,320000,0.05625,W4,0.2681447857749211,0.0004853600660463648,1.7047542441773148e-05,8.439493205753333e-07,1.4375258420125522e-07,8.096148380548419e-08,3.348105121157038e-08,2.79800326685653e-09,0.0005035125509311988,0.0005032515578087136,2.609931224851662e-07,0.0004862877748540128,8.586798204459655e-09,0.0005035211377294032,0.26864830691265046,0.9981257556661666,0.0018066746339768592,6.345672966480371e-05,3.1414653501794352e-06,5.350958301135152e-07,3.013660771723308e-07,1.2462781793227707e-07,1.0415116285094578e-08,0.0018742443338333455,1.3312264077095082,0.05625,nan,AMPLITUDE_LOSS
FF_sw-320k_s1235,FF,1235,320k,FF-B1+FF-LBFGS,320000,0.05625,PRE,0.5743888054356014,7.012394447800594e-07,3.9052316987997415e-07,3.162534273655324e-08,3.7093507562402882e-09,9.353573133476094e-10,7.418762898267239e-11,7.806592854586011e-11,1.128184919023703e-06,1.1233879573965865e-06,4.79696162711643e-09,7.338782107585062e-07,2.5978903095458078e-11,1.1282108979267986e-06,0.5743899336464993,0.9999980358553432,1.220842155711148e-06,6.798920855357104e-07,5.5059012850749226e-08,6.457896524856104e-09,1.6284361173459694e-09,1.2915899920990886e-10,1.3591103182082492e-10,1.9641446567708404e-06,0.3446954060973343,0.05625,nan,AMPLITUDE_LOSS
FF_sw-320k_s1235,FF,1235,320k,FF-B1+FF-LBFGS,320000,0.05625,POST,0.025054403281998712,1.1591917499989684e-05,7.097347152569106e-07,4.2987349823456535e-08,5.946597594837349e-09,2.6369136711918016e-09,2.0421931618624513e-09,1.626806712348842e-10,1.2355427950169176e-05,1.2344639565070049e-05,1.0788385099126501e-08,1.1637704444155563e-05,2.8680623403683756e-10,1.2355714756403213e-05,0.02506675899675512,0.9995070990991243,0.0004624418192284644,2.831378095067493e-05,1.7149145735541407e-06,2.3723041593236343e-07,1.0519563784468248e-07,8.147017272926968e-08,6.4898965645014735e-09,0.0004929009008757643,0.9901477898712079,0.05625,nan,AMPLITUDE_LOSS
FF_sw-320k_s1236,FF,1236,320k,FF-B1+FF-LBFGS,320000,0.105,FULL,0.36508709944679735,1.3521784378617361e-06,1.0702415453571823e-06,1.363284929122419e-08,6.370279485861867e-09,2.7235971235103212e-09,7.439614661046547e-10,1.0488988704792872e-10,2.4459955604726617e-06,2.4360528325101365e-06,9.942727962524794e-09,1.3686397741635171e-06,8.735696750690751e-11,2.4460829174401687e-06,0.3650895455297148,0.9999933002859408,3.7036898337457923e-06,2.9314494449859597e-06,3.7341111136737696e-08,1.7448539859292298e-08,7.460079746217571e-09,2.03775067073816e-09,2.8729907048102365e-10,6.69971405921522e-06,0.6338367342328897,0.105,nan,AMPLITUDE_LOSS
FF_sw-320k_s1236,FF,1236,320k,FF-B1+FF-LBFGS,320000,0.105,W1,0.43346359336417034,3.9962381424229996e-07,2.73813493503913e-07,2.0750356836762033e-09,3.388598628759317e-09,9.489712226610437e-10,1.9205721987039815e-10,2.8439904439059718e-11,6.800704104056184e-07,6.755123434298885e-07,4.558066975729819e-09,4.0267626105307624e-07,2.1301811112563024e-11,6.80091712216731e-07,0.43346427345588256,0.9999984310808246,9.219302229359218e-07,6.316864163552274e-07,4.787097370757989e-09,7.817480785462556e-09,2.189272059590546e-09,4.4307508517050504e-10,6.561072314844865e-11,1.5689191753152793e-06,0.5173164718782183,0.105,nan,AMPLITUDE_LOSS
FF_sw-320k_s1236,FF,1236,320k,FF-B1+FF-LBFGS,320000,0.105,W2,0.014583683715427174,3.7424500292990704e-06,1.9941523212602827e-06,3.30453746461394e-08,1.0149031549825527e-08,2.5524321498926207e-09,2.031519234025446e-09,2.189036942789192e-10,5.784599611833524e-06,5.7696477252055e-06,1.495188662802251e-08,3.7782667397893886e-06,1.8855430780970916e-10,5.784788166141333e-06,0.014589468503593316,0.9996035085386991,0.00025651723205302214,0.00013668437246645135,2.2650156902617064e-06,6.956409466521659e-07,1.7495031996892875e-07,1.3924559758845562e-07,1.500422699114199e-08,0.00039649146130093594,1.056946221262289,0.105,nan,AMPLITUDE_LOSS
FF_sw-320k_s1236,FF,1236,320k,FF-B1+FF-LBFGS,320000,0.105,W3,0.014036886280542856,1.3815982106689318e-05,1.9043866233508884e-05,1.443144419115333e-07,4.2831641771954565e-08,3.92520249122661e-08,9.233378729648763e-09,1.419618605430642e-09,3.309689944612902e-05,3.300416278210972e-05,9.273666401930015e-08,1.4000968192118549e-05,1.180063299713353e-09,3.309807950942874e-05,0.014069984360052282,0.9976476944554418,0.0009819473079640264,0.0013535102345107262,1.02569022340257e-05,3.0441857125225163e-06,2.7897705640538547e-06,6.562466075141392e-07,1.0089696535314205e-07,0.0023523055445582217,0.977978728353469,0.105,nan,AMPLITUDE_LOSS
FF_sw-320k_s1236,FF,1236,320k,FF-B1+FF-LBFGS,320000,0.105,W4,0.12183604792954085,4.1642940564257676e-05,2.5947233341414114e-05,9.309079070970995e-07,2.668965595066512e-07,1.505238720081885e-07,1.9924762342142404e-08,4.0412821786851366e-09,6.896246828880458e-05,6.852108181276891e-05,4.4138647603566706e-07,4.272841362554168e-05,3.651108054236338e-09,6.896611939685882e-05,0.12190501404893768,0.999434293405466,0.0003416015504888476,0.00021284796463030408,7.636338359343381e-06,2.1893813768248745e-06,1.2347636206006863e-06,1.6344498291841422e-07,3.31510752962216e-08,0.0005657065945341353,0.8673498568060826,0.105,nan,AMPLITUDE_LOSS
FF_sw-320k_s1236,FF,1236,320k,FF-B1+FF-LBFGS,320000,0.105,PRE,0.6293044497566004,4.091798590762426e-07,2.0023363645567264e-07,1.1929956883490577e-09,3.078942847621875e-09,7.167376415971177e-10,8.646050446140919e-11,2.1415257597874166e-11,6.145100474715427e-07,6.106064912202644e-07,3.903556251278276e-09,4.111110076637869e-07,5.94295348741752e-12,6.145159904250301e-07,0.6293050642725907,0.9999990235100871,6.502090676055095e-07,3.1818214698305644e-07,1.89573508317353e-09,4.892607770779465e-09,1.138935124306297e-09,1.373904476077347e-10,3.4030009948879305e-11,9.764899130243819e-07,0.2691676541140567,0.105,nan,AMPLITUDE_LOSS
FF_sw-320k_s1236,FF,1236,320k,FF-B1+FF-LBFGS,320000,0.105,POST,0.05659157334859426,2.453206974902119e-06,2.0860474614011863e-06,2.815740332714894e-08,1.0213186193500839e-08,5.066770919447868e-09,1.511648012178847e-09,2.0235339464064607e-10,4.584405798150226e-06,4.567411839630458e-06,1.6993958519768182e-08,2.486633502543359e-06,1.8241453680453287e-10,4.58458821268703e-06,0.056596157936806946,0.9999189979323677,4.3345821911589514e-05,3.6858464322859226e-05,4.9751439752045e-07,1.8045723594563607e-07,8.952499817100409e-08,2.6709375197144488e-08,3.575391027758276e-09,8.100206763231074e-05,0.8866968451314692,0.105,nan,AMPLITUDE_LOSS
FF_tr-384k_s1234,FF,1234,384k,FF-LBFGS,384000,0.08,FULL,0.3376622631834851,6.809041641023933e-06,6.345309401980939e-07,1.0083281912045115e-07,7.069887840618829e-09,7.488553880296598e-09,1.4753867165967352e-09,3.311747124378895e-10,7.56077040349242e-06,7.54440540034247e-06,1.6365003149950036e-08,6.917694188737111e-06,1.0217179266206428e-10,7.5608725752850825e-06,0.3376698240560603,0.9999776089840812,2.01647916337166e-05,1.879146121996209e-06,2.986136514651102e-07,2.0937280559557152e-08,2.217714864956131e-08,4.369317634963467e-09,9.807649038935587e-10,2.23910159189259e-05,0.6418870999593171,0.08,nan,AMPLITUDE_LOSS
FF_tr-384k_s1234,FF,1234,384k,FF-LBFGS,384000,0.08,W1,0.40266061745208775,7.0581559067616355e-06,6.354134963600166e-07,1.1232967487242235e-07,6.569109726705332e-09,8.439394348510297e-09,1.6755094164688057e-09,3.503965828422101e-10,7.822933488068603e-06,7.805899077994077e-06,1.7034410074526638e-08,7.179275372565412e-06,1.0018372830458899e-10,7.823033671796907e-06,0.4026684404857595,0.999980572270624,1.752845566939162e-05,1.5780066988899726e-06,2.7896319553839595e-07,1.6313942360158774e-08,2.0958668477790645e-08,4.161014990060848e-09,8.701863560667612e-10,1.9427729376004068e-05,0.5463162518469268,0.08,nan,AMPLITUDE_LOSS
FF_tr-384k_s1234,FF,1234,384k,FF-LBFGS,384000,0.08,W2,0.0035932417259998345,3.087903794956016e-06,4.298707174405103e-07,2.6044031242541133e-08,3.0287063768537e-09,1.9994432200426525e-09,1.6793218622399988e-10,1.635844145116764e-10,3.5491782098367016e-06,3.5438185436390693e-06,5.359666197632033e-09,3.116110853833114e-06,3.3091555542866466e-11,3.5492113013922445e-06,0.003596790937301226,0.9990132375485927,0.0008585163489325847,0.00011951507020810982,7.2409077803380985e-06,8.42057950410438e-07,5.558964291481363e-07,4.668944920524924e-08,4.548065730488187e-08,0.0009867624514071013,0.9837598969952668,0.08,nan,AMPLITUDE_LOSS
FF_tr-384k_s1234,FF,1234,384k,FF-LBFGS,384000,0.08,W3,0.006397690826813481,1.0509284553216395e-05,9.302481426737474e-07,7.550762388513581e-08,2.1920832205185017e-08,2.149740442890759e-09,9.384957486246986e-10,3.596132716335267e-10,1.1540409001443607e-05,1.1515040319775275e-05,2.5368681668334014e-08,1.058730153081605e-05,2.44559732667039e-10,1.1540653561176274e-05,0.0064092314803746555,0.9981994082321518,0.0016397106246518736,0.00014514192240022502,1.1781073440321115e-05,3.4201968065516094e-06,3.3541315078132294e-07,1.4642875472808086e-07,5.6108643673830914e-08,0.001800591767848154,1.0000395805114417,0.08,nan,AMPLITUDE_LOSS
FF_tr-384k_s1234,FF,1234,384k,FF-LBFGS,384000,0.08,W4,0.12086472297058681,5.6214195442019164e-05,5.368974894570275e-06,3.78090571162251e-07,1.5163881834927973e-07,2.6619253368041907e-08,7.037175639957662e-09,1.7618915358674948e-09,6.214831804664481e-05,6.196126090775166e-05,1.8705713889314685e-07,5.66206671580853e-05,1.9093112045829763e-09,6.215022735784939e-05,0.12092687319794461,0.999486066931325,0.0004648610754829228,4.439852645947788e-05,3.126605088953374e-06,1.253971236776164e-06,2.2012686745616651e-07,5.8193646829421595e-08,1.4569892672259227e-08,0.0005139330686750881,1.2799468535360647,0.08,nan,AMPLITUDE_LOSS
FF_tr-384k_s1234,FF,1234,384k,FF-LBFGS,384000,0.08,PRE,0.6767539456707049,1.0323745510041547e-05,8.510014242030469e-07,1.8669245584054732e-07,1.0757408676505051e-08,1.3164637997260604e-08,2.8081566793968547e-09,5.443836318287749e-10,1.1388713977070134e-05,1.1361439390085143e-05,2.7274586984991276e-08,1.0524146987511185e-05,9.796201096751555e-11,1.13888119390811e-05,0.6767653344826439,0.9999831718419984,1.525454243224196e-05,1.2574542178298495e-06,2.7585995670166667e-07,1.589533052292894e-08,1.945229362143667e-08,4.149380201262884e-09,8.043905385959683e-10,1.68281580016577e-05,0.28931373176176417,0.08,nan,AMPLITUDE_LOSS
FF_tr-384k_s1234,FF,1234,384k,FF-LBFGS,384000,0.08,POST,0.060375253519550934,3.934946592317203e-06,4.5751553023592194e-07,3.062242132384793e-08,4.0544743743953456e-09,2.847023366043358e-09,3.855345714657903e-10,1.568263967908208e-10,4.430528402585672e-06,4.423084543876977e-06,7.4438587086953e-09,3.968572863403889e-06,1.0561427691545906e-10,4.430634016862588e-06,0.06037968415356782,0.999926622199628,6.5170042777834e-05,7.577309113982215e-06,5.071643187057393e-07,6.714964542006056e-08,4.7152008344102304e-08,6.385170402011417e-09,2.5973371550979013e-09,7.337780037184322e-05,0.8249211549813383,0.08,nan,AMPLITUDE_LOSS
FF_tr-384k_s1235,FF,1235,384k,FF-LBFGS,384000,0.035250000000000004,FULL,0.17969137334525156,1.1778909110616987e-05,3.193848148681781e-06,3.12615879630795e-07,2.628586308699386e-07,1.5545487834735734e-08,9.666455275564115e-09,5.414401808608843e-10,1.5573985153090657e-05,1.5285373138929555e-05,2.8861201416109914e-07,1.2107611918263374e-05,2.8238345707187774e-10,1.557426753654773e-05,0.17970694761278805,0.9999133367664164,6.5545095977623e-05,1.777253576518473e-05,1.7395870570102565e-06,1.4627071171970555e-06,8.650465697441359e-08,5.3790103383101816e-08,3.012906228190544e-09,8.666323358360078e-05,0.8322586536429544,0.035250000000000004,nan,AMPLITUDE_LOSS
FF_tr-384k_s1235,FF,1235,384k,FF-LBFGS,384000,0.035250000000000004,W1,0.21339773356010328,9.979488035690975e-06,3.5752163624292195e-06,3.3847416032938294e-07,3.102675793131776e-07,1.6030026921010023e-08,1.1160943589068644e-08,5.163458943292973e-10,1.4231153454167157e-05,1.3893178558449572e-05,3.379748957175853e-07,1.0334508568835697e-05,2.666217987349427e-10,1.4231420075965893e-05,0.21341196498017923,0.9999333160468614,4.676161455654787e-05,1.675265192946368e-05,1.5860130465678672e-06,1.4538434137449598e-06,7.511306567335896e-08,5.229764696674301e-08,2.419479596761784e-09,6.668395313856125e-05,0.7848315009108611,0.035250000000000004,nan,AMPLITUDE_LOSS
FF_tr-384k_s1235,FF,1235,384k,FF-LBFGS,384000,0.035250000000000004,W2,0.003507122494026289,4.5567141409765375e-06,3.117978779092832e-07,5.352590635454133e-08,6.831105371646583e-09,4.423212010421956e-09,9.018109074713955e-10,2.2610663441886275e-10,4.9344201601643185e-06,4.92203792524036e-06,1.2382234923958808e-08,4.614889365975917e-06,1.1769539143860854e-10,4.934537855555757e-06,0.0035120570318818447,0.998595005638937,0.0012974488319281872,8.877927822007092e-05,1.524061473443978e-05,1.9450440407310327e-06,1.259436312821416e-06,2.5677570993472764e-07,6.438011682143778e-08,0.0014049943610630064,1.048864219735891,0.035250000000000004,nan,AMPLITUDE_LOSS
FF_tr-384k_s1235,FF,1235,384k,FF-LBFGS,384000,0.035250000000000004,W3,0.01256918250989676,3.2908172022071694e-05,3.565685670084711e-06,2.718423021201978e-07,5.695903008119048e-08,3.813575235885216e-08,1.9280448216914167e-09,1.9490701975804436e-09,3.684467189173593e-05,3.6745699994276615e-05,9.897189745931447e-08,3.322009914674833e-05,6.626134955256831e-10,3.6845334505231454e-05,0.012606027844401988,0.9970772177974545,0.002610510952222365,0.00028285562284332877,2.1564470566343e-05,4.51839657806523e-06,3.0251999150014227e-06,1.529462687877431e-07,1.5461415158585405e-07,0.0029227822025454766,0.9516471734920564,0.035250000000000004,nan,AMPLITUDE_LOSS
FF_tr-384k_s1235,FF,1235,384k,FF-LBFGS,384000,0.035250000000000004,W4,0.13557848954125865,0.00048117930744004,1.8370984163527127e-05,3.7801252304843405e-06,2.9834613834293044e-07,1.4844815709947472e-07,4.0402645820614635e-08,7.607781831061149e-09,0.0005038252215571454,0.0005033304168340513,4.948047230940809e-07,0.0004851154886094547,6.547113928977761e-09,0.0005038317686710744,0.1360823213099297,0.9962976436546123,0.003535942993611697,0.00013499905697185403,2.7778225532633626e-05,2.192394646306039e-06,1.0908703115332216e-06,2.968985785627933e-07,5.5905735027517e-08,0.003702356345387615,1.2428860391794057,0.035250000000000004,nan,AMPLITUDE_LOSS
FF_tr-384k_s1235,FF,1235,384k,FF-LBFGS,384000,0.035250000000000004,PRE,0.6481913859062576,2.399441245180382e-05,9.959326981875528e-06,1.1170766821351877e-06,9.099608506258583e-07,5.265615944744277e-08,3.600519430233748e-08,8.408226884018719e-10,3.607027914287857e-05,3.507081611581453e-05,9.994630270640405e-07,2.5164986116074846e-05,4.118698446191643e-10,3.607069101272319e-05,0.6482274565972701,0.9999443555208922,3.701542139699364e-05,1.5363938825551773e-05,1.7232788760735431e-06,1.4037678317124533e-06,8.123099221576714e-08,5.554407478235479e-08,1.2971105749667402e-09,5.564447910790449e-05,0.32348533015221914,0.035250000000000004,nan,AMPLITUDE_LOSS
FF_tr-384k_s1235,FF,1235,384k,FF-LBFGS,384000,0.035250000000000004,POST,0.038019192673448714,8.084998865258605e-06,1.1479994530797211e-06,6.935075028152905e-08,6.717799024573446e-08,4.323396836642623e-09,1.7017455764739679e-09,4.5090833121061114e-10,9.376003109609908e-06,9.302349068619848e-06,7.365404099006161e-08,8.159123920707979e-06,2.432273879164911e-10,9.376246336997826e-06,0.038028568919785705,0.9997534484353235,0.00021260329133140316,3.0187816503001215e-05,1.8236487118769391e-06,1.766513770662752e-06,1.1368812940119076e-07,4.4749135602438756e-08,1.1857094466154901e-08,0.0002465515646764139,0.9329878974298041,0.035250000000000004,nan,AMPLITUDE_LOSS
FF_tr-384k_s1236,FF,1236,384k,FF-LBFGS,384000,0.10475,FULL,0.397986288375888,5.0897503687768185e-06,1.58136336589946e-06,1.563826665778651e-07,2.706927090138179e-08,2.635022174967218e-09,4.0418875500037917e-10,4.805607118142176e-10,6.85808544379729e-06,6.827496401254125e-06,3.05890425431636e-08,5.249248618241454e-06,1.1481409994649748e-10,6.858200257897237e-06,0.39799314657614593,0.9999827683328099,1.2788537727423739e-05,3.973343209449211e-06,3.929280390084793e-07,6.801441467538402e-08,6.620772740425164e-09,1.015567123690784e-09,1.2074597668000494e-09,1.7231667190187732e-05,0.5990816974684463,0.10475,nan,AMPLITUDE_LOSS
FF_tr-384k_s1236,FF,1236,384k,FF-LBFGS,384000,0.10475,W1,0.474823976315291,4.872634012336609e-06,1.7686981282227956e-06,1.7106311837597578e-07,3.0182223113961844e-08,2.495136428174201e-09,3.5444731438376516e-10,5.217354297363848e-10,6.845948801221628e-06,6.8123952589353714e-06,3.35535422862561e-08,5.046714002570492e-06,9.965917013510607e-11,6.846048460391763e-06,0.4748308223637514,0.9999855823411619,1.0261831759578858e-05,3.7249016813804747e-06,3.6026119273452173e-07,6.356416158927219e-08,5.2547903614952205e-09,7.46470738132976e-10,1.0987817245069316e-09,1.4417658838107262e-05,0.47807753618785215,0.10475,nan,AMPLITUDE_LOSS
FF_tr-384k_s1236,FF,1236,384k,FF-LBFGS,384000,0.10475,W2,0.005567049001317684,8.638944687698793e-07,9.534492812227421e-08,1.366311146000654e-08,3.1709496107275014e-09,5.109754877781867e-10,1.0672336129801546e-10,8.083217405430613e-11,9.767719889860183e-07,9.729025083521601e-07,3.869480633858011e-09,8.781493878917186e-07,3.322225048736743e-11,9.768052112365056e-07,0.00556802580652892,0.9998245748082438,0.00015515274245162853,1.7123650644607563e-05,2.4538520503098335e-06,5.694926244646995e-07,9.176959816310905e-08,1.9167181626502397e-08,1.4517205441436467e-08,0.00017542519175624166,1.0221627942572062,0.10475,nan,AMPLITUDE_LOSS
FF_tr-384k_s1236,FF,1236,384k,FF-LBFGS,384000,0.10475,W3,0.003911814977233205,1.626995429263097e-05,1.2155882316628304e-06,1.0150032576826071e-07,1.6772069427795997e-08,2.852881520761951e-09,9.835996713318772e-10,3.963768792058124e-10,1.7608047777561145e-05,1.758704285006205e-05,2.1004927499095654e-08,1.637470387679919e-05,3.6018633255283634e-10,1.7608407963893697e-05,0.003929423385197099,0.9955189228379113,0.004140545364821439,0.0003093553999978151,2.5830847206373945e-05,4.26832879052264e-06,7.260306418024653e-07,2.5031656430760145e-07,1.0087406641709866e-07,0.004481077162088678,0.9743861246690246,0.10475,nan,AMPLITUDE_LOSS
FF_tr-384k_s1236,FF,1236,384k,FF-LBFGS,384000,0.10475,W4,0.075146006698656,0.00012038787698986671,1.4470630242258974e-05,2.1665953104392313e-06,2.398814894436362e-07,9.784350675737826e-08,1.6568402320731886e-08,5.6984317800729646e-09,0.00013738509437286674,0.0001370251025425649,3.599918303018194e-07,0.00012265801423884336,4.35064488393929e-09,0.00013738944501775067,0.07528339614367374,0.9981750942525204,0.0015991292916350036,0.0001922154395227307,2.877919364201457e-05,3.186379940254616e-06,1.299669215573766e-06,2.2008044438648845e-07,7.569307976637472e-08,0.0018249057474797304,0.837451503143944,0.10475,nan,AMPLITUDE_LOSS
FF_tr-384k_s1236,FF,1236,384k,FF-LBFGS,384000,0.10475,PRE,0.6792365442167716,6.843642782138192e-06,2.4528532022712785e-06,2.3345136440417327e-07,3.992114722761993e-08,3.5144508744640203e-09,3.7041851712330046e-10,7.30484455145835e-10,9.574483849887997e-06,9.529947348813643e-06,4.453650107435302e-08,7.0813390818719764e-06,1.0100291560614346e-10,9.574584852803602e-06,0.6792461188016243,0.9999859042494519,1.0075350589017557e-05,3.6111405494130997e-06,3.436918636366435e-07,5.87727277764765e-08,5.17404631061723e-09,5.453377014975087e-10,1.0754341247370405e-09,1.4095750547980628e-05,0.2503004065751764,0.10475,nan,AMPLITUDE_LOSS
FF_tr-384k_s1236,FF,1236,384k,FF-LBFGS,384000,0.10475,POST,0.07034773474905241,3.0465779214745723e-06,5.661334645588901e-07,6.660256447548432e-08,1.2097657246026167e-08,1.610544006015533e-09,4.4352892150298285e-10,1.8941554098634967e-10,3.6936550962234787e-06,3.6793139505089474e-06,1.4341145714531003e-08,3.114980445497057e-06,1.3090324606164712e-10,3.6937859994695403e-06,0.07035142853505187,0.9999474970845651,4.330513239863257e-05,8.04722060946111e-06,9.467123267614721e-07,1.7196036413828896e-07,2.289284016755741e-08,6.304476420223312e-09,2.6924192625942465e-09,5.250291543484382e-05,0.839052757421041,0.10475,nan,AMPLITUDE_LOSS
FF_tr-512k_s1234,FF,1234,512k,FF-LBFGS,512000,0.078,FULL,0.30772817647245054,6.8581610898056186e-06,6.768305501028877e-07,9.385854477153112e-08,9.97996221333938e-09,6.48195924635363e-09,1.2806567897454928e-09,2.5935235260836337e-10,7.646852115282065e-06,7.62885018468002e-06,1.8001930602046904e-08,6.958760946176096e-06,1.1545688010483123e-10,7.64696757216217e-06,0.3077358234400227,0.9999751512448806,2.22858717445201e-05,2.1993882375827147e-06,3.049971360420375e-07,3.243029071338769e-08,2.1063388643957582e-08,4.1615460166780336e-09,8.427759557093386e-10,2.484875511947458e-05,0.6653873826178839,0.078,nan,AMPLITUDE_LOSS
FF_tr-512k_s1234,FF,1234,512k,FF-LBFGS,512000,0.078,W1,0.36635094443174243,7.682086881031903e-06,7.016660330617428e-07,1.0720353050061102e-07,9.700438761255674e-09,7.328370260723449e-09,1.455694342584233e-09,2.763416006158936e-10,8.50971728955944e-06,8.49095644459426e-06,1.8760844965179255e-08,7.796895123393859e-06,1.1672019743838038e-10,8.509834009756878e-06,0.36635945426575217,0.9999767722186688,2.096871472547532e-05,1.9152393233349163e-06,2.9261843603741543e-07,2.6477926668461574e-08,2.000322409515964e-08,3.9734046060459195e-09,7.542908951476932e-10,2.3227781331112466e-05,0.5911272459502918,0.078,nan,AMPLITUDE_LOSS
FF_tr-512k_s1234,FF,1234,512k,FF-LBFGS,512000,0.078,W2,0.008304608148686006,1.229672329962589e-06,2.295485338745541e-07,1.3404690308383716e-08,4.243401089609755e-09,1.5544613354440796e-09,1.0486444949816177e-10,1.3397623402753257e-10,1.4786622572541062e-06,1.4726255541455267e-06,6.03670310857953e-09,1.2447654578404446e-06,3.751843854396643e-11,1.4786997756926502e-06,0.0083060868484617,0.999821978473027,0.00014804472406217784,2.7636182849922057e-05,1.613839418427827e-06,5.108784902198571e-07,1.8714725367378506e-07,1.2625012461945754e-08,1.612988607956984e-08,0.0001780215269729629,0.9334776266704359,0.078,nan,AMPLITUDE_LOSS
FF_tr-512k_s1234,FF,1234,512k,FF-LBFGS,512000,0.078,W3,0.006361017723727039,5.870056890673777e-06,1.2079108168041142e-06,5.747219867940961e-08,1.7161596469837038e-08,2.0756064658922176e-09,9.464635246564423e-10,9.106046610043138e-11,7.155714633083786e-06,7.135439906157301e-06,2.0274726926486127e-08,5.929695756285177e-06,1.4199078038744264e-10,7.155856623864174e-06,0.006368173580350902,0.9988763316981946,0.0009217803107111011,0.00018967932147199271,9.024911026011456e-06,2.694900921897055e-06,3.25934349304831e-07,1.4862401814548673e-07,1.4299306854915143e-08,0.0011236683018053075,1.0357816636594896,0.078,nan,AMPLITUDE_LOSS
FF_tr-512k_s1234,FF,1234,512k,FF-LBFGS,512000,0.078,W4,0.06649028181832253,3.064661994432104e-05,7.133437570384408e-06,2.505120979267612e-07,2.0956544760053444e-07,2.2849425931767564e-08,6.4062580979909545e-09,1.9037567579208887e-09,3.8271294501020386e-05,3.8030569612632175e-05,2.407248883882138e-07,3.092188522493745e-05,2.2303157256263772e-09,3.8273524816746015e-05,0.0665285553431393,0.9994247388119786,0.00046065363682791055,0.00010722369924815664,3.7654824313092463e-06,3.150007595162024e-06,3.434529215300678e-07,9.629336274797365e-08,2.8615634473402266e-08,0.00057526118802129,1.22850692131878,0.078,nan,AMPLITUDE_LOSS
FF_tr-512k_s1234,FF,1234,512k,FF-LBFGS,512000,0.078,PRE,0.6485894938816641,1.0946697504493594e-05,1.130427826683654e-06,1.9380022999290148e-07,1.6697919790286397e-08,1.1921921722219538e-08,2.6305780488370486e-09,4.43070896866492e-10,1.230261905162836e-05,1.227092556117015e-05,3.1693490458209476e-08,1.1152862727105583e-05,1.2411660779122883e-10,1.2302743168236152e-05,0.6486017966248324,0.9999810320922359,1.6877377712415125e-05,1.7428687875711194e-06,2.987969367930786e-07,2.5744485877735256e-08,1.8380956985533694e-08,4.055767441640356e-09,6.831169744778883e-10,1.8967907764058715e-05,0.33823510347710867,0.078,nan,AMPLITUDE_LOSS
FF_tr-512k_s1234,FF,1234,512k,FF-LBFGS,512000,0.078,POST,0.0386089867058463,3.630151482804248e-06,3.1870328449942986e-07,1.4951892778531542e-08,4.675953786287715e-09,2.186962369051206e-09,2.1485760121717392e-10,1.1430161422700904e-10,3.970998735453004e-06,3.963806660082221e-06,7.192075370783093e-09,3.647404639566069e-06,1.0861979188292275e-10,3.971107355244887e-06,0.038612957813201544,0.9998971589080061,9.401381553253813e-05,8.253791044388512e-06,3.872247470117359e-07,1.210980475016254e-07,5.663804326472745e-08,5.56439117824115e-09,2.960188004801449e-09,0.0001028410919938878,0.8378374399539813,0.078,nan,AMPLITUDE_LOSS
FF_tr-512k_s1235,FF,1235,512k,FF-LBFGS,512000,0.035250000000000004,FULL,0.1687986397135492,1.2496325514628792e-05,3.4680741153090054e-06,2.9543141588114264e-07,3.0809581486863474e-07,1.6471142402974715e-08,1.1352048201592286e-08,4.4272357454307127e-10,1.6596192774866706e-05,1.6259831045818958e-05,3.363617290477463e-07,1.2808670796487467e-05,2.871893823329683e-10,1.6596479964249038e-05,0.16881523619351343,0.9999016901958773,7.402368303748962e-05,2.0543608500084907e-05,1.7500281553086515e-06,1.8250474444119386e-06,9.756905124437103e-08,6.724540081140253e-08,2.6225332812302494e-09,9.830980412263214e-05,0.841460647123386,0.035250000000000004,nan,AMPLITUDE_LOSS
FF_tr-512k_s1235,FF,1235,512k,FF-LBFGS,512000,0.035250000000000004,W1,0.2008569040282184,1.139574950769599e-05,4.006304430009839e-06,3.286645365950789e-07,3.653615182700793e-07,1.839931944301285e-08,1.3288598346362433e-08,4.408580995977082e-10,1.6128208768459997e-05,1.573071847430094e-05,3.974902941590523e-07,1.174325422183371e-05,2.945465748514503e-10,1.6128503315034848e-05,0.2008730325315334,0.9999197094374052,5.673110711173748e-05,1.9944461361459715e-05,1.6361804914027713e-06,1.8188679396198432e-06,9.159676258237383e-08,6.615421790758222e-08,2.1947102340626283e-09,8.029056259494384e-05,0.7984043833645506,0.035250000000000004,nan,AMPLITUDE_LOSS
FF_tr-512k_s1235,FF,1235,512k,FF-LBFGS,512000,0.035250000000000004,W2,0.002469696862891507,4.8144724124369755e-06,1.5729563573823583e-07,1.9074772533089427e-08,5.213181166795787e-09,2.295605012054308e-09,5.128502521968224e-10,1.2658088641868075e-10,4.99899103802577e-06,4.990842820708304e-06,8.148217317465599e-09,4.835969370868541e-06,7.932479659250564e-11,4.999070362822362e-06,0.0024746959332543287,0.9979799574036187,0.0019454804536048963,6.356160313133769e-05,7.70792600747315e-06,2.1065946987052404e-06,9.276311706786738e-07,2.072376899902571e-07,5.1150078187460776e-08,0.002020042596381269,1.0393015738515592,0.035250000000000004,nan,AMPLITUDE_LOSS
FF_tr-512k_s1235,FF,1235,512k,FF-LBFGS,512000,0.035250000000000004,W3,0.0073897210271738345,2.261255645066553e-05,1.9502300358200454e-06,1.381490811341993e-07,2.45938740599786e-08,1.7023343631091903e-08,1.877265070846529e-09,9.588102996398849e-10,2.474538886068136e-05,2.4700935567619802e-05,4.44532930615569e-08,2.276868768573049e-05,5.271151296714788e-10,2.4745915975811033e-05,0.007414466943149645,0.9966625529778964,0.0030497887753276015,0.0002630303957682615,1.863236993500139e-05,3.317011997895343e-06,2.2959634147478523e-06,2.5318950353416603e-07,1.2931615652966744e-07,0.003337447022103572,0.963419821676544,0.035250000000000004,nan,AMPLITUDE_LOSS
FF_tr-512k_s1235,FF,1235,512k,FF-LBFGS,512000,0.035250000000000004,W4,0.10091597095322385,0.0004212896283069988,1.2206561341384626e-05,3.5263193266492897e-06,3.4549366394236656e-07,8.806322088574842e-08,3.125254093474339e-08,8.056313963201852e-09,0.0004374953747147589,0.00043702250897503277,4.728657397260606e-07,0.0004249120671684971,4.15946396812978e-09,0.000437499534178727,0.10135347048740259,0.9956834690458519,0.004156637592875974,0.00012043555868024438,3.479229131877495e-05,3.408799683520342e-06,8.688723146459713e-07,3.0835196927180454e-07,7.948730571419135e-08,0.004316530954148146,1.2048888397820707,0.035250000000000004,nan,AMPLITUDE_LOSS
FF_tr-512k_s1235,FF,1235,512k,FF-LBFGS,512000,0.035250000000000004,PRE,0.6279522662891289,3.0022607932689735e-05,1.232539137524847e-05,1.0615769172562196e-06,1.1079772680356948e-06,6.01005884662004e-08,4.279788438368854e-08,7.055261752398945e-10,4.462115749225526e-05,4.3409576225194435e-05,1.2115812670608234e-06,3.1144990964587405e-05,4.385453057259228e-10,4.462159603756099e-05,0.6279968878851664,0.999928946849285,4.7806937475054965e-05,1.9626516662148436e-05,1.6904174821192127e-06,1.7643037572059164e-06,9.570204831836663e-08,6.8149835196956e-08,1.1234548918044806e-09,7.105315071493566e-05,0.3560130536723488,0.035250000000000004,nan,AMPLITUDE_LOSS
FF_tr-512k_s1235,FF,1235,512k,FF-LBFGS,512000,0.035250000000000004,POST,0.029952761813260773,7.196460877136929e-06,7.896634056524652e-07,6.375265177958323e-08,6.621545902904591e-08,3.277804943938648e-09,1.8429765569341206e-09,3.632533151434692e-10,8.121576428414038e-06,8.049876934568976e-06,7.16994938450623e-08,7.2638545871755964e-06,2.4142006931319135e-10,8.121817848483351e-06,0.029960883631109252,0.9997289273375961,0.00024019521666085244,2.635647939286789e-05,2.1278628854289107e-06,2.210063640908318e-06,1.0940281370564269e-07,6.151275758338866e-08,1.2124252493452201e-08,0.0002710726624038401,0.9401285156008633,0.035250000000000004,nan,AMPLITUDE_LOSS
FF_tr-512k_s1236,FF,1236,512k,FF-LBFGS,512000,0.10575,FULL,0.41591529337060373,7.78839119856769e-06,1.8282383848549947e-06,1.605705903279832e-07,3.178120882045268e-08,2.025814222967653e-09,5.293275321441863e-10,4.993298635968472e-10,9.812035854189785e-06,9.777200173750625e-06,3.483568043916117e-08,7.951486932982194e-06,9.795505826235668e-11,9.812133809248048e-06,0.4159251055044131,0.9999764091281659,1.8725465468011443e-05,4.395595171078623e-06,3.860564996937791e-07,7.641089322894966e-08,4.8706226112221475e-09,1.2726510741084173e-09,1.2005283093187743e-09,2.3590871834007443e-05,0.5834771095803523,0.10575,nan,AMPLITUDE_LOSS
FF_tr-512k_s1236,FF,1236,512k,FF-LBFGS,512000,0.10575,W1,0.496691316835467,8.544692122065955e-06,2.088010158230399e-06,1.7998923710796734e-07,3.635437620654456e-08,1.9450991853543326e-09,4.898927242128064e-10,5.349860480366874e-10,1.0852015871568485e-05,1.0812691517404334e-05,3.932435416414836e-08,8.727161444407323e-06,8.400199925429801e-11,1.085209987356774e-05,0.49670216893534064,0.9999781518653389,1.7202848422881275e-05,4.203746810808338e-06,3.6236853469797835e-07,7.319149882235618e-08,3.916027163425761e-09,9.862906887355054e-10,1.0770761264720926e-09,2.1848134661188587e-05,0.4653420950943734,0.10575,nan,AMPLITUDE_LOSS
FF_tr-512k_s1236,FF,1236,512k,FF-LBFGS,512000,0.10575,W2,0.003002707664817646,7.078964881547392e-07,8.061085610619815e-08,1.3684659546401774e-08,1.4303803190556893e-09,2.363979890960332e-10,1.284901024962601e-10,3.73040818533517e-11,8.040245762998392e-07,8.021920038073379e-07,1.8325724925013331e-09,7.218548497720891e-07,1.786621547782684e-11,8.04042442515317e-07,0.0030035117072601605,0.9997323051616084,0.00023568960648779035,2.6838868778454464e-05,4.556219839172018e-06,4.762359754106076e-07,7.870719795458286e-08,4.2779957524382685e-08,1.2420155375149868e-08,0.00026769483839168156,0.992865041943068,0.10575,nan,AMPLITUDE_LOSS
FF_tr-512k_s1236,FF,1236,512k,FF-LBFGS,512000,0.10575,W3,0.007162936122898432,8.986654125867133e-06,8.657080228221857e-07,7.210713814690379e-08,1.0800033705071646e-08,3.400803970243853e-09,9.777980530676715e-10,5.402349396543748e-10,9.940188157504256e-06,9.924469286836218e-06,1.5718870668037553e-08,9.06270230292393e-06,2.427321789778319e-10,9.940430889683234e-06,0.007172876553788114,0.9986141977462818,0.0012528661775493754,0.00012069189336052295,1.005275081012636e-05,1.5056768354453536e-06,4.7411997959619133e-07,1.3631882255665513e-07,7.531636072152551e-08,0.0013858022537183445,0.9659429804898751,0.10575,nan,AMPLITUDE_LOSS
FF_tr-512k_s1236,FF,1236,512k,FF-LBFGS,512000,0.10575,W4,0.05697719506436906,7.93481991406038e-05,1.2210263349584402e-05,1.556926482954682e-06,2.2439583803970722e-07,6.798283811128147e-08,1.8740156606280082e-08,8.10681501269908e-09,9.343461462091277e-05,9.31153889731428e-05,3.192256477699679e-07,8.098121527668239e-05,4.626168285678516e-09,9.343924078919845e-05,0.05707063430515826,0.9983628248865227,0.0013903508615012701,0.00021395003731804766,2.7280695722336627e-05,3.931897007302799e-06,1.1912053273929215e-06,3.283677911333628e-07,1.4204880966441354e-07,0.0016371751134771476,0.8380909593380405,0.10575,nan,AMPLITUDE_LOSS
FF_tr-512k_s1236,FF,1236,512k,FF-LBFGS,512000,0.10575,PRE,0.704175227137593,1.2003955471045451e-05,2.8581058160065058e-06,2.3664215986088165e-07,4.945709340279934e-08,2.2470292217889725e-09,4.5816400296767405e-10,7.457205778781758e-10,1.515161145411827e-05,1.5098703446912836e-05,5.290800720543418e-08,1.2243590380705997e-05,8.678425699332207e-11,1.5151698238375263e-05,0.7041903788358312,0.9999784836431861,1.7046463333352794e-05,4.0587118231915675e-06,3.3604855590509874e-07,7.023256053378204e-08,3.1909399639635616e-09,6.506251956773047e-10,1.05897581163052e-09,2.151635681395451e-05,0.22677726455620922,0.10575,nan,AMPLITUDE_LOSS
FF_tr-512k_s1236,FF,1236,512k,FF-LBFGS,512000,0.10575,POST,0.07746185476878455,2.8387882307810212e-06,6.190444159872767e-07,7.125299439368718e-08,1.1027495881421902e-08,1.766079975328874e-09,6.128824710428423e-10,2.1003615774495201e-10,3.542702135647542e-06,3.5290856411620032e-06,1.3616494485538586e-08,2.9120173413078007e-06,1.1107098475285015e-10,3.542813206632295e-06,0.07746539758199117,0.9999542672954467,3.664588736986344e-05,7.991237845512395e-06,9.198041541119721e-07,1.4235382817936954e-07,2.2798307799193144e-08,7.911693363129216e-09,2.7113545479941238e-09,4.5732704553377495e-05,0.8244929247021308,0.10575,nan,AMPLITUDE_LOSS
FF_tr-623k_s1234,FF,1234,623k,FF-LBFGS,623360,0.0775,FULL,0.30881280983860976,6.370532738333982e-06,5.988138326930123e-07,7.560760155242284e-08,1.1520914034205632e-08,7.085377934010511e-09,1.0375936651054252e-09,2.3816586208349775e-10,7.064836224074812e-06,7.0449541725794075e-06,1.9882051495405052e-08,6.453463883682489e-06,1.2608051610734336e-10,7.06496230459092e-06,0.30881987480091433,0.9999771231167309,2.062863585137353e-05,1.939039167487263e-06,2.4482751193404327e-07,3.730625836933688e-08,2.294340006928284e-08,3.359866868017929e-09,7.712128707204168e-10,2.2876883268972193e-05,0.6718109126330779,0.0775,nan,AMPLITUDE_LOSS
FF_tr-623k_s1234,FF,1234,623k,FF-LBFGS,623360,0.0775,W1,0.36745259191939317,7.023845046127774e-06,6.16684230844592e-07,8.614175731102319e-08,1.1724215470095087e-08,8.11187114505951e-09,1.1646225276730594e-09,2.505956560265164e-10,7.747922339082243e-06,7.726671034283388e-06,2.125130479885417e-08,7.1183492702398834e-06,1.2914274281596332e-10,7.748051481825058e-06,0.3674603399708749,0.999978914942651,1.9114566347903e-05,1.67823344176463e-06,2.344246384470369e-07,3.19060703942765e-08,2.207550112361339e-08,3.1693829276233505e-09,6.819665385778764e-10,2.108505734909876e-05,0.6037503562509648,0.0775,nan,AMPLITUDE_LOSS
FF_tr-623k_s1234,FF,1234,623k,FF-LBFGS,623360,0.0775,W2,0.009992411955710564,1.3842878373539618e-06,3.0204810072796015e-07,9.246407905110216e-09,5.039925947194884e-09,1.0035281235430717e-09,1.4409164737578954e-10,8.802540210651536e-11,1.7018579171072497e-06,1.6955823459870296e-06,6.275571120220264e-09,1.394625798784719e-06,2.705468596932199e-11,1.701884971793219e-06,0.009994113840682358,0.9998297139747611,0.0001385103134873634,3.0222599658220435e-05,9.251853718637942e-07,5.042894288758839e-07,1.0041191667986524e-07,1.4417651235801469e-08,8.807724601503576e-09,0.00017028602523884066,0.9173637005975399,0.0775,nan,AMPLITUDE_LOSS
FF_tr-623k_s1234,FF,1234,623k,FF-LBFGS,623360,0.0775,W3,0.006616586989649114,4.423746470802758e-06,1.0910588961438243e-06,7.060083629250135e-08,1.5382783047005885e-08,3.5518533974985084e-09,8.6349394564967e-10,2.279898824137952e-10,5.605432323511649e-06,5.585406203239081e-06,2.002612027256785e-08,4.498127150375169e-06,1.615839136952713e-10,5.605593907425344e-06,0.006622192583556541,0.999153538289689,0.0006680184127728808,0.00016475795727766208,1.0661248087301975e-05,2.3229139334528177e-06,5.363561145872698e-07,1.303939678322501e-07,3.442815730592756e-08,0.000846461710311023,1.0432158960703877,0.0775,nan,AMPLITUDE_LOSS
FF_tr-623k_s1234,FF,1234,623k,FF-LBFGS,623360,0.0775,W4,0.04947667660670474,4.885179561766937e-05,3.7994226716769917e-06,1.5476138924373667e-07,1.583034356200112e-07,1.9923930672646818e-08,5.662199726933921e-09,2.6779999175980446e-09,5.299254724452735e-05,5.2805979678590164e-05,1.8656756593718988e-07,4.902915893750342e-05,2.513103494695947e-09,5.299506034802205e-05,0.04952967166705276,0.9989300847724257,0.0009863137883240694,7.671003535007561e-05,3.124619887177199e-06,3.1961335160137827e-06,4.0226254309752877e-07,1.1431935289804888e-07,5.4068600968728994e-08,0.0010699152275743002,1.1952657535170639,0.0775,nan,AMPLITUDE_LOSS
FF_tr-623k_s1234,FF,1234,623k,FF-LBFGS,623360,0.0775,PRE,0.6614576432468856,1.0834074512211832e-05,1.0469542201842077e-06,1.5843313106435428e-07,2.0798130933831607e-08,1.3970637743134453e-08,2.106398373941565e-09,4.0778367968587006e-10,1.2076744814190987e-05,1.2039461863460393e-05,3.728295073059352e-08,1.1006886064699005e-05,1.7758701862162597e-10,1.2076922401209608e-05,0.6614697201692867,0.9999817425583527,1.63787913260002e-05,1.5827696847519262e-06,2.395168308933969e-07,3.1442302353753406e-08,2.112060056703694e-08,3.1844214637186996e-09,6.164812498008031e-10,1.8257441647279835e-05,0.34381770753079754,0.0775,nan,AMPLITUDE_LOSS
FF_tr-623k_s1234,FF,1234,623k,FF-LBFGS,623360,0.0775,POST,0.033564177193079706,2.8866201622104476e-06,2.4902839078528815e-07,1.0960082046849634e-08,4.2798005271726765e-09,1.7112502896208896e-09,2.0336328143876564e-10,1.0577466293803984e-10,3.1529088238037587e-06,3.1466086350425877e-06,6.300188761170376e-09,2.8993972692098578e-06,8.587832669089942e-11,3.1529947021304496e-06,0.03356733018778184,0.999906072100038,8.599492880271534e-05,7.418772658691893e-06,3.2651039011970896e-07,1.2749898529850523e-07,5.097963658193462e-08,6.05836927814621e-09,3.1511193358819166e-09,9.392789996202145e-05,0.8434087551847044,0.0775,nan,AMPLITUDE_LOSS
FF_tr-623k_s1235,FF,1235,623k,FF-LBFGS,623360,0.035,FULL,0.16518595445188056,1.3401176175161293e-05,3.627174815128691e-06,3.1234766222566e-07,3.129480492170844e-07,1.702397388001267e-08,1.113032847782582e-08,3.676269236759473e-10,1.7682168631014264e-05,1.7340698652515666e-05,3.414699784985989e-07,1.373091543819067e-05,2.676819036598911e-10,1.7682436312917925e-05,0.16520363688819348,0.9998929674370811,8.111913544582013e-05,2.1955780691805553e-05,1.8906827271796276e-06,1.8943169510000318e-06,1.030484208959543e-07,6.737338660040053e-08,2.225295587895683e-09,0.0001070325629188896,0.8434122877840164,0.035250000000000004,nan,AMPLITUDE_LOSS
FF_tr-623k_s1235,FF,1235,623k,FF-LBFGS,623360,0.035,W1,0.19671635821265163,1.2397738293383782e-05,4.209251891699321e-06,3.462102373087731e-07,3.7127421445462784e-07,1.9258182576442864e-08,1.305139906840823e-08,3.62140853180959e-10,1.735714635934453e-05,1.695320042239187e-05,4.039459369526596e-07,1.2763568854122176e-05,2.725478425317397e-10,1.735741890718706e-05,0.1967337156315588,0.9999117734022982,6.30178628546698e-05,2.139568138596906e-05,1.7597910794140638e-06,1.887191596911112e-06,9.788958919064524e-08,6.634042896303415e-08,1.8407666043418344e-09,8.822659770172205e-05,0.8011511531491501,0.035250000000000004,nan,AMPLITUDE_LOSS
FF_tr-623k_s1235,FF,1235,623k,FF-LBFGS,623360,0.035,W2,0.0020274417174223555,3.5887950030167696e-06,1.505808790943489e-07,1.8567306456751153e-08,4.68032021018613e-09,1.715909027871619e-09,3.83560315850567e-10,9.354360013912111e-11,3.764816521721915e-06,3.7579431885678674e-06,6.873333154047432e-09,3.609171762101529e-06,7.527552005192939e-11,3.7648917972419668e-06,0.0020312066092195973,0.9981465122040486,0.0017668291939019374,7.413371145570296e-05,9.14102339986974e-06,2.304206948910385e-06,8.447732907493971e-07,1.8883373474867251e-07,4.60532193924581e-08,0.001853487795951311,1.0370917753160847,0.035250000000000004,nan,AMPLITUDE_LOSS
FF_tr-623k_s1235,FF,1235,623k,FF-LBFGS,623360,0.035,W3,0.00496598617372086,2.494731865000081e-05,1.2519285935555823e-06,1.248596115191497e-07,2.1346830292217448e-08,1.6939895014710012e-08,1.955883718445105e-09,7.46979252541712e-10,2.636509644335339e-05,2.6324106855075475e-05,4.0989588277914216e-08,2.5089865135787143e-05,5.065254724749244e-10,2.6365602968825866e-05,0.004992351776689684,0.9947189019729202,0.004997108035865466,0.000250769332085561,2.5010181528160555e-05,4.275907110101099e-06,3.3931696905920666e-06,3.9177606153918945e-07,1.496247383484177e-07,0.0052810980270797695,0.9735326154195781,0.035250000000000004,nan,AMPLITUDE_LOSS
FF_tr-623k_s1235,FF,1235,623k,FF-LBFGS,623360,0.035,W4,0.09293516360969792,0.00046349663549633354,1.3949648608045334e-05,4.155360296436507e-06,3.60232482972748e-07,6.803881647253002e-08,2.9389833592435735e-08,8.130005868865202e-09,0.00048206743553972216,0.0004816016444008156,4.6579113890657845e-07,0.0004677281646151116,4.141921784839224e-09,0.000482071577461507,0.09341723518715943,0.9948396304392036,0.004961575400066009,0.00014932629079200763,4.448173265191575e-05,3.856167421600236e-06,7.283326182038294e-07,3.1460827155328103e-07,8.702897503917891e-08,0.00516036956079633,1.1814721649601836,0.035250000000000004,nan,AMPLITUDE_LOSS
FF_tr-623k_s1235,FF,1235,623k,FF-LBFGS,623360,0.035,PRE,0.6165131578615013,3.3473898047105724e-05,1.3095541980454495e-05,1.1341235414020607e-06,1.138310394360238e-06,6.320776369676841e-08,4.259932413832683e-08,5.576442429045208e-10,4.89482386954005e-05,4.770356356896226e-05,1.2446751264382382e-06,3.467178699644744e-05,3.792619425313501e-10,4.894861795734303e-05,0.6165621064794587,0.9999206110167798,5.429120232320267e-05,2.123961536216493e-05,1.8394311459967612e-06,1.8462217886858814e-06,1.0251645871745587e-07,6.909170011723701e-08,9.044413164339021e-10,7.938898322020138e-05,0.3692111962284565,0.035250000000000004,nan,AMPLITUDE_LOSS
FF_tr-623k_s1235,FF,1235,623k,FF-LBFGS,623360,0.035,POST,0.02880130135214043,7.335485499768803e-06,7.659691055940061e-07,6.401869521347954e-08,6.353530326795012e-08,3.0678903437121956e-09,1.6208461684703738e-09,3.102063960185197e-10,8.234007546752412e-06,8.16547330057626e-06,6.853424617615125e-08,7.4028822917219864e-06,2.339640050280909e-10,8.23424151075744e-06,0.028809535593651184,0.9997141915881685,0.000254620055762276,2.6587346724995044e-05,2.222135637184227e-06,2.205356749934072e-06,1.0648871303926249e-07,5.6260753539899516e-08,1.0767490420987146e-08,0.00028580841183138944,0.9408025147978611,0.035250000000000004,nan,AMPLITUDE_LOSS
FF_tr-623k_s1236,FF,1236,623k,FF-LBFGS,623360,0.12275,FULL,0.4236546128571155,9.694046210014321e-06,1.6543875486837868e-06,1.608306292672912e-07,3.198840460921314e-08,2.0031163204093127e-09,4.3753077672254234e-10,4.019067084959041e-10,1.1544095346380209e-05,1.1509264387965367e-05,3.4830958414840946e-08,9.857281862310483e-06,8.840526625736871e-11,1.1544183751646465e-05,0.42366615704086696,0.9999727519058179,2.2881332508940547e-05,3.90493203560137e-06,3.796164187958411e-07,7.550379959379773e-08,4.728053651531278e-09,1.0327253417403236e-09,9.486401070761014e-10,2.7248094182031905e-05,0.5787838685676429,0.12225,nan,AMPLITUDE_LOSS
FF_tr-623k_s1236,FF,1236,623k,FF-LBFGS,623360,0.12275,W1,0.5059847545314508,1.1007118156719567e-05,1.8902972273513596e-06,1.7985206943939244e-07,3.6820363408390425e-08,1.934405096967605e-09,4.004621351487792e-10,4.2166825152532323e-10,1.3116844352402352e-05,1.3077267453510321e-05,3.957689889203211e-08,1.1189326299507454e-05,7.51835429422019e-11,1.3116919535945295e-05,0.5059978714509865,0.999974077273652,2.1753289449205245e-05,3.735780987006251e-06,3.5544036766474147e-07,7.276782273466136e-08,3.82295105650934e-09,7.914304739265532e-10,8.333399711323127e-10,2.592272634811247e-05,0.4606981561611838,0.12225,nan,AMPLITUDE_LOSS
FF_tr-623k_s1236,FF,1236,623k,FF-LBFGS,623360,0.12275,W2,0.0027597519473754103,5.227941095298306e-07,8.288819328077948e-08,9.842347097071193e-09,1.7043895686509887e-09,2.4525463131657474e-10,1.0852875106131914e-10,2.979121610518939e-11,6.176126140748157e-07,6.155246499076817e-07,2.0879641671340715e-09,5.32911502474324e-07,1.932568495838781e-11,6.176319397597741e-07,0.0027603695793151704,0.9997762572725671,0.00018939279620654208,3.0027933390591074e-05,3.5655903614256212e-06,6.174497767818741e-07,8.884847698346183e-08,3.931674679883537e-08,1.0792473782134765e-08,0.00022374272743290506,0.9850555222384184,0.12225,nan,AMPLITUDE_LOSS
FF_tr-623k_s1236,FF,1236,623k,FF-LBFGS,623360,0.12275,W3,0.006977135255303976,6.839963184305744e-06,7.628031809362769e-07,7.099122774295636e-08,1.1044518805762944e-08,3.0084842518174627e-09,6.52078211694824e-10,5.035349488386564e-10,7.688966209203088e-06,7.673757592984974e-06,1.5208616218113893e-08,6.914466431249353e-06,2.3308028478793655e-10,7.689199289487877e-06,0.006984824454593463,0.9988991897340063,0.0009792606037584634,0.00010920864387493835,1.0163638409726063e-05,1.5812164280020031e-06,4.30717245904537e-07,9.335642401514275e-08,7.20898526390648e-08,0.0011008102659936885,0.9668880470811476,0.12225,nan,AMPLITUDE_LOSS
FF_tr-623k_s1236,FF,1236,623k,FF-LBFGS,623360,0.12275,W4,0.05938602452988556,6.148546511423369e-05,1.0679424946358425e-05,1.7766873688901717e-06,1.7077218536954917e-07,6.668439404787122e-08,1.720469433345084e-08,7.913755589429765e-09,7.420415245882261e-05,7.39415774294823e-05,2.6257502934030087e-07,6.333675063276118e-05,4.1159670797882476e-09,7.42082684259024e-05,0.05946023279831145,0.998752037217091,0.0010340603538998938,0.00017960618690875417,2.9880264645159765e-05,2.872040507645351e-06,1.121495754819923e-06,2.8934793415215126e-07,1.3309325854946794e-07,0.0012479627829089749,0.8650973598579181,0.12225,nan,AMPLITUDE_LOSS
FF_tr-623k_s1236,FF,1236,623k,FF-LBFGS,623360,0.12275,PRE,0.6705003694300127,1.4340191348741453e-05,2.4105239250374426e-06,2.4840694004030697e-07,4.767719021961556e-08,2.266343659654692e-09,4.4065317439459944e-10,5.439384993680477e-10,1.7050050339372256e-05,1.6999122213819222e-05,5.0928125553032915e-08,1.4591408570940799e-05,9.774325724420431e-11,1.70501480826295e-05,0.6705174195780951,0.9999745718010539,2.138675436628483e-05,3.595020584111876e-06,3.7047052443890405e-07,7.110507323816456e-08,3.3799922176684024e-09,6.571837831388526e-10,8.11222025804486e-10,2.5428198946100385e-05,0.28823274577044317,0.12225,nan,AMPLITUDE_LOSS
FF_tr-623k_s1236,FF,1236,623k,FF-LBFGS,623360,0.12275,POST,0.07579535812623858,3.146619153670257e-06,5.888272570868263e-07,3.741659687502517e-08,9.879500061545064e-09,1.632171859682282e-09,4.3313064061222423e-10,2.0175308379186766e-10,3.7850095632777428e-06,3.772863007632112e-06,1.2146555645631392e-08,3.1858696754887593e-06,7.524600992474061e-11,3.7850848092876675e-06,0.07579914321104787,0.99995006527242,4.151259530774338e-05,7.768257433093696e-06,4.936282301765541e-07,1.3033788579700537e-07,2.1532853699389176e-08,5.714189141112407e-09,2.6616802703218754e-09,4.9934727579921455e-05,0.8306565927457032,0.12225,nan,AMPLITUDE_LOSS
MO_init_s1234,MO,1234,0k,MO-ADAM+MO-LBFGS,0,0.0245,FULL,32.51071880476928,1.9500908860145403e-29,8.589022153073003e-30,1.1886884339292216e-29,1.2071253038081694e-29,2.2658916533704925e-29,6.889922044994212e-30,5.182467870547374e-30,8.677937483983897e-29,3.99768153525107e-29,4.680255948732827e-29,5.922917760369004e-29,1.5521401166626528e-28,2.4199338650610427e-28,32.51071880476928,1.0,5.998301353240037e-31,2.641904722147514e-31,3.6562969925932413e-31,3.71300711945835e-31,6.969675653674229e-31,2.119277056397612e-31,1.5940797561778663e-31,2.669254265368885e-30,5.787626253332682,0.0245,nan,REDISTRIBUTION
MO_init_s1234,MO,1234,0k,MO-ADAM+MO-LBFGS,0,0.0245,W1,10.12016676371016,6.059656411990133e-30,2.6774676559615878e-30,3.697991983518451e-30,3.750319488528433e-30,7.037346846406357e-30,2.1434012043860227e-30,1.6180351498966015e-30,2.698421874068758e-29,1.2435116051470171e-29,1.4549102689217407e-29,1.8413030391811545e-29,4.830860291627518e-29,7.529282165696276e-29,10.120166763710158,1.0,5.987704109500862e-31,2.6456754305301558e-31,3.654082061946906e-31,3.7057882306610587e-31,6.953785457015919e-31,2.1179504789111104e-31,1.5988226159461179e-31,2.6663808384512126e-30,3.312462665033942,0.0245,nan,REDISTRIBUTION
MO_init_s1234,MO,1234,0k,MO-ADAM+MO-LBFGS,0,0.0245,W2,52.28223322267994,3.1282455538062674e-29,1.3809714763508838e-29,1.9163185404529868e-29,1.94129830151006e-29,3.6501274413196913e-29,1.1078448966166898e-29,8.344819718814152e-30,1.3959288181937994e-28,6.425535570610134e-29,7.53375261132786e-29,9.529173507460359e-29,2.4949615324318686e-28,3.890890350625668e-28,52.282233222679935,1.0,5.983381659468288e-31,2.6413781340767588e-31,3.6653341342383433e-31,3.7131128145228694e-31,6.981582874956989e-31,2.1189701134191624e-31,1.5961100367063457e-31,2.669986976738876e-30,7.321672052065187,0.0245,nan,REDISTRIBUTION
MO_init_s1234,MO,1234,0k,MO-ADAM+MO-LBFGS,0,0.0245,W3,332.7548133047936,2.0037163509463968e-28,8.792205883420448e-29,1.2155839930429888e-28,1.2359837694430427e-28,2.31961875580684e-28,7.077425081754962e-29,5.286177843425558e-29,8.890483750099362e-28,4.098520932331431e-28,4.791962817767933e-28,6.067536884138783e-28,1.5868989295895702e-27,2.4759473045995064e-27,332.7548133047936,1.0,6.0215999012794205e-31,2.642247544400524e-31,3.6530921400363003e-31,3.7143978690126893e-31,6.970954778292383e-31,2.1269189201095744e-31,1.588610481971772e-31,2.671782163510266e-30,18.322017481151555,0.0245,nan,REDISTRIBUTION
MO_init_s1234,MO,1234,0k,MO-ADAM+MO-LBFGS,0,0.0245,W4,2114.5640634455212,1.2685633269984885e-27,5.579121431657501e-28,7.726808263966792e-28,7.863070949001101e-28,1.474722585131629e-27,4.469875473913672e-28,3.368301209293649e-28,5.6440036449133885e-27,2.599156296560918e-27,3.04484734835247e-27,3.852796859456162e-27,1.0110652265006248e-26,1.5754655909919636e-26,2114.5640634455212,1.0,5.999171880994995e-31,2.6384262969865995e-31,3.654090409243283e-31,3.7185304928472196e-31,6.97412109959289e-31,2.113851999655355e-31,1.5929057281930993e-31,2.6691097907513443e-30,46.042400774684474,0.0245,nan,REDISTRIBUTION
MO_init_s1234,MO,1234,0k,MO-ADAM+MO-LBFGS,0,0.0245,PRE,2.69198390525615,1.680985178597147e-30,7.211843360972461e-31,9.764575497388674e-31,1.0013373663703481e-30,1.8618599587734002e-30,5.702645204359512e-31,4.305170305909371e-31,7.242605940603898e-30,3.37862706443326e-30,3.863978876170637e-30,4.949819717700352e-30,1.2916005874462195e-29,2.0158611815066094e-29,2.6919839052561487,1.0,6.244410211052862e-31,2.6790068643765666e-31,3.6272785577666925e-31,3.7197004202559227e-31,6.916311628528252e-31,2.1183801259825473e-31,1.5992555889741555e-31,2.6904343396937e-30,1.929542671321484,0.0245,nan,REDISTRIBUTION
MO_init_s1234,MO,1234,0k,MO-ADAM+MO-LBFGS,0,0.0245,POST,38.21619238343107,2.291054726638452e-29,1.0094442853757527e-29,1.397446961041439e-29,1.4189354681085815e-29,2.663819523892402e-29,8.099116169227395e-30,6.091699266709449e-30,1.0199782508650326e-28,4.697945973055653e-29,5.501836535594674e-29,6.961491138243252e-29,1.8244110614486601e-28,2.8443893123136925e-28,38.216192383431064,1.0,5.9949842821907015e-31,2.641404657083015e-31,3.65668810492831e-31,3.712916906718763e-31,6.970394897444894e-31,2.11928914528356e-31,1.5940099959698138e-31,2.6689687989619055e-30,6.260465856618723,0.0245,nan,REDISTRIBUTION
MO_init_s1235,MO,1235,0k,MO-ADAM+MO-LBFGS,0,0.0245,FULL,27.537679270226967,1.6652692154231886e-29,7.214624033016403e-30,1.0079376213932683e-29,1.0220104537917587e-29,1.9171652554060688e-29,5.825778902647433e-30,4.384527792323653e-30,7.35487561881303e-29,3.394669240118093e-29,3.960206378694937e-29,5.0288248714548887e-29,1.3156016618981374e-28,2.0510892237794405e-28,27.537679270226963,1.0,6.04723876359336e-31,2.619909964895494e-31,3.6602126544593007e-31,3.711316570153844e-31,6.961971038274285e-31,2.1155664010315098e-31,1.5921921921227636e-31,2.6708407584530556e-30,5.356515096856513,0.0245,nan,REDISTRIBUTION
MO_init_s1235,MO,1235,0k,MO-ADAM+MO-LBFGS,0,0.0245,W1,5.556168959751552,3.363141585815204e-30,1.4514424235766013e-30,2.0320173983349698e-30,2.051180470357731e-30,3.865442461697075e-30,1.1762390087836474e-30,8.851942247532768e-31,1.48246575733185e-29,6.846601407726769e-30,7.978056165591731e-30,1.0145795670600523e-29,2.6492449209063926e-29,4.131710678238243e-29,5.556168959751552,1.0,6.05298652754718e-31,2.6123079303216525e-31,3.657227512436614e-31,3.6917172339723988e-31,6.957028286393078e-31,2.116996472397129e-31,1.5931736978582802e-31,2.6681437660926335e-30,2.5826480595533763,0.0245,nan,REDISTRIBUTION
MO_init_s1235,MO,1235,0k,MO-ADAM+MO-LBFGS,0,0.0245,W2,32.19828222982409,1.9490433977534868e-29,8.465570738571189e-30,1.1797986595350284e-29,1.196914772212571e-29,2.2386906094532524e-29,6.846093479284901e-30,5.116593553759936e-30,8.60727321611594e-29,3.9753991311456353e-29,4.631874084970305e-29,5.879192022117761e-29,1.5355807876825669e-28,2.3963081092941607e-28,32.19828222982408,1.0,6.053252728955082e-31,2.6291994952233307e-31,3.6641664642662945e-31,3.7173249295389784e-31,6.952826220585247e-31,2.1262294151032737e-31,1.5890889822130363e-31,2.673208823588524e-30,5.764365327776328,0.0245,nan,REDISTRIBUTION
MO_init_s1235,MO,1235,0k,MO-ADAM+MO-LBFGS,0,0.0245,W3,430.85096444058854,2.611425147675347e-28,1.1298828635165649e-28,1.5718870861987818e-28,1.604317816634069e-28,2.998669632225678e-28,9.067214164029422e-29,6.84933461218747e-29,1.1507837423872126e-27,5.313195097390693e-28,6.194642326481432e-28,7.866915327318546e-28,2.0613825924609387e-27,3.2121663348481515e-27,430.85096444058837,1.0,6.0610869261160615e-31,2.6224447819992506e-31,3.6483313626550675e-31,3.723602704979661e-31,6.959876801295103e-31,2.1044896988456732e-31,1.5897224742389906e-31,2.670955475012981e-30,20.826646795335606,0.0245,nan,REDISTRIBUTION
MO_init_s1235,MO,1235,0k,MO-ADAM+MO-LBFGS,0,0.0245,W4,1922.4576087377056,1.157855481715276e-27,5.029100759712141e-28,7.0652984254642e-28,7.119731406055722e-28,1.3404273232014245e-27,4.081923218303942e-28,3.0692015276329794e-28,5.134808338633597e-27,2.367295400232909e-27,2.767512938400688e-27,3.511732800226418e-27,9.18610071944272e-27,1.4320909058076318e-26,1922.457608737705,1.0,6.022788104417706e-31,2.615974852633693e-31,3.6751387356225316e-31,3.7034530039549585e-31,6.972467518186559e-31,2.123283863192257e-31,1.5964989364047586e-31,2.670960501441246e-30,43.88263184717768,0.0245,nan,REDISTRIBUTION
MO_init_s1235,MO,1235,0k,MO-ADAM+MO-LBFGS,0,0.0245,PRE,4.910184642419163,2.9682531216055937e-30,1.2981559681854612e-30,1.789716207365398e-30,1.794965056264477e-30,3.3836863291875186e-30,1.0381761840465621e-30,7.82192443763106e-31,1.3055145310418116e-29,6.0561252971564515e-30,6.999020013261665e-30,8.923848101921615e-30,2.3403364157579033e-29,3.645850946799715e-29,4.910184642419163,1.0,6.045094711842006e-31,2.643802754321439e-31,3.6449061241078613e-31,3.655595842074339e-31,6.891159041058858e-31,2.1143322698656617e-31,1.5930000615572227e-31,2.658789080482739e-30,2.4992240484339736,0.0245,nan,REDISTRIBUTION
MO_init_s1235,MO,1235,0k,MO-ADAM+MO-LBFGS,0,0.0245,POST,31.867191343268555,1.9271052913082592e-29,8.346672469566279e-30,1.1665507761865358e-29,1.1832158532532123e-29,2.2192499161415897e-29,6.741831877669945e-30,5.073793424214265e-30,8.512351614034641e-29,3.9283233144514196e-29,4.584028299583221e-29,5.820285326057807e-29,1.522547321540305e-28,2.373782482943769e-28,31.86719134326855,1.0,6.047301974465725e-31,2.6192055583616275e-31,3.6606639211489355e-31,3.712959327063953e-31,6.964058715549032e-31,2.115602785651213e-31,1.5921683745392261e-31,2.671196065677971e-30,5.743436655089992,0.0245,nan,REDISTRIBUTION
MO_init_s1236,MO,1236,0k,MO-ADAM+MO-LBFGS,0,0.0245,FULL,17.481184965105427,1.0543982812160968e-29,4.6165866303356944e-30,6.395762873321753e-30,6.484632814413093e-30,1.2180316607094352e-29,3.711270008078609e-30,2.788601512253714e-30,4.6721153257658184e-29,2.155633231581842e-29,2.5164820941839767e-29,3.1908663804830784e-29,8.338389199338411e-29,1.301050452510423e-28,17.48118496510542,1.0,6.031617898447969e-31,2.640888841088833e-31,3.6586552262266265e-31,3.709492707363483e-31,6.967672175203065e-31,2.1230082603020024e-31,1.5952016512725446e-31,2.672653675990452e-30,4.287835235621103,0.0245,nan,REDISTRIBUTION
MO_init_s1236,MO,1236,0k,MO-ADAM+MO-LBFGS,0,0.0245,W1,4.140659570092558,2.489269529054068e-30,1.0909729806238547e-30,1.5183777567477553e-30,1.5351615125319865e-30,2.8920500874755176e-30,8.821511202856636e-31,6.5770322597583655e-31,1.106568621269469e-29,5.098620266425683e-30,5.967065946269007e-30,7.557400599253182e-30,1.972075159468705e-29,3.078643780738174e-29,4.1406595700925575,1.0,6.011770557120264e-31,2.6347806723929006e-31,3.6669949099771376e-31,3.707528925150612e-31,6.984515482423181e-31,2.130460390072455e-31,1.5884020766313164e-31,2.6724453013767868e-30,2.222342277012218,0.0245,nan,REDISTRIBUTION
MO_init_s1236,MO,1236,0k,MO-ADAM+MO-LBFGS,0,0.0245,W2,39.196998067326746,2.3831346475776193e-29,1.0369943646192056e-29,1.4278664627231576e-29,1.453603473394208e-29,2.7250250699366994e-29,8.317117641902628e-30,6.285290727245426e-30,1.0486864855165692e-28,4.847995474919982e-29,5.638869380245713e-29,7.164555252962016e-29,1.86760093058999e-28,2.9162874161065593e-28,39.19699806732674,1.0,6.079890718886759e-31,2.6455963868406785e-31,3.642795451505194e-31,3.708456119260535e-31,6.952126959457605e-31,2.1218761772564132e-31,1.6035132885557956e-31,2.6754255101762977e-30,6.355398617508506,0.0245,nan,REDISTRIBUTION
MO_init_s1236,MO,1236,0k,MO-ADAM+MO-LBFGS,0,0.0245,W3,179.3896807040394,1.0772217351273344e-28,4.7261197052734706e-29,6.564739381934028e-29,6.655653872767892e-29,1.2482260859919313e-28,3.796383901489845e-29,2.862560975676688e-29,4.785993604833458e-28,2.2063076438480835e-28,2.579685960985374e-28,3.2681778568803367e-28,8.565067946967519e-28,1.3351061551800977e-27,179.3896807040394,1.0,6.0049258736602275e-31,2.6345549458169315e-31,3.6594855156494032e-31,3.7101654045243117e-31,6.958182215906159e-31,2.116277751646814e-31,1.5957222090156886e-31,2.6679313916219533e-30,13.491818187986043,0.0245,nan,REDISTRIBUTION
MO_init_s1236,MO,1236,0k,MO-ADAM+MO-LBFGS,0,0.0245,W4,1034.751860227315,6.224017280103227e-28,2.738280078392752e-28,3.79816782941797e-28,3.8406387951658856e-28,7.225452762517351e-28,2.199046185943598e-28,1.645167859527181e-28,2.7670770791067968e-27,1.2760465187913952e-27,1.491030560315402e-27,1.8892805731565728e-27,4.943504538228798e-27,7.710581617335595e-27,1034.751860227315,1.0,6.014985349952337e-31,2.6463156855704573e-31,3.6706073943018467e-31,3.7116519841985836e-31,6.982787893640566e-31,2.1251918169642238e-31,1.5899153437286602e-31,2.6741455468356673e-30,32.20876491332162,0.0245,nan,REDISTRIBUTION
MO_init_s1236,MO,1236,0k,MO-ADAM+MO-LBFGS,0,0.0245,PRE,0.6916064127006865,4.5087535456480035e-31,1.821027819407675e-31,2.514783712750474e-31,2.5655485983226663e-31,4.772213245723569e-31,1.4637654203016144e-31,1.0998932071938988e-31,1.8745985549347903e-30,8.84456507780615e-31,9.901420471541754e-31,1.2895643711315946e-30,3.3039257455926844e-30,5.178524300527475e-30,0.6916064127006863,1.0,6.519247743874374e-31,2.6330406803150607e-31,3.6361486339179183e-31,3.70955004350572e-31,6.900186519509454e-31,2.1164717293260586e-31,1.590345588177638e-31,2.7104990938626222e-30,1.0227417496877216,0.0245,nan,REDISTRIBUTION
MO_init_s1236,MO,1236,0k,MO-ADAM+MO-LBFGS,0,0.0245,POST,20.693678625565035,1.247518338522248e-29,5.465074351806158e-30,7.571401377247045e-30,7.676304236270998e-30,1.4419569920422568e-29,4.3933715643594384e-30,3.3011232921944836e-30,5.530202812752318e-29,2.551165911427568e-29,2.97903690132475e-29,3.776727797508658e-29,9.870627683454518e-29,1.5400830496206836e-28,20.693678625565028,1.0,6.028499625876368e-31,2.640939028140978e-31,3.6587991503324548e-31,3.7094923407129994e-31,6.968103729323686e-31,2.123050059805148e-31,1.595232704598131e-31,2.6724116638789766e-30,4.658674880671352,0.0245,nan,REDISTRIBUTION
MO_m0-128k_s1234,MO,1234,128k,MO-ADAM+MO-LBFGS,128000,0.1505,FULL,0.4386279249032231,2.6012274663226564e-31,1.1587884007791513e-31,1.6100380472699215e-31,1.6348145670183797e-31,3.0526796233258303e-31,9.312300743615019e-32,7.024837595741949e-32,1.1691261938651638e-30,5.370053914371727e-31,6.3212080242799095e-31,7.96642889649261e-31,2.0853569135901277e-30,3.254483107455291e-30,0.4386279249032231,1.0,5.930373600578632e-31,2.641848215739613e-31,3.670623678656927e-31,3.7271100953708793e-31,6.959610754375402e-31,2.123052412969292e-31,1.6015481908252625e-31,2.6654166948516013e-30,0.5534582597426965,0.1505,nan,AMPLITUDE_LOSS
MO_m0-128k_s1234,MO,1234,128k,MO-ADAM+MO-LBFGS,128000,0.1505,W1,0.518179263639386,3.072398032196425e-31,1.3689893243104234e-31,1.902163565287386e-31,1.9314214242918015e-31,3.606308362098855e-31,1.1001650537968448e-31,8.299573236464374e-32,1.3811403085628171e-30,6.343550921794231e-31,7.467852163833941e-31,9.410827283229098e-31,2.463497007957131e-30,3.844637316519948e-30,0.518179263639386,1.0,5.929218414912462e-31,2.641922246551227e-31,3.6708600647731557e-31,3.727322878045405e-31,6.959576762625104e-31,2.123136009090628e-31,1.6016799240813049e-31,2.6653716300079286e-30,0.418284168190927,0.1505,nan,AMPLITUDE_LOSS
MO_m0-128k_s1234,MO,1234,128k,MO-ADAM+MO-LBFGS,128000,0.1505,W2,0.015130935316758468,9.205637226035731e-33,3.999782011469842e-33,5.51950341845232e-33,5.5699430222620596e-33,1.0559226791302452e-32,3.205096966710166e-33,2.4139117904361007e-33,4.04731012266687e-32,1.8724922655957896e-32,2.1748178570710807e-32,2.769827922622664e-32,7.211860729198099e-32,1.125917085186497e-31,0.015130935316758468,1.0,6.08398425696784e-31,2.6434466394419283e-31,3.6478269868347923e-31,3.681162403815839e-31,6.978568456113518e-31,2.118241139502006e-31,1.5953486945136419e-31,2.6748578577189566e-30,0.9685345668799534,0.1505,nan,AMPLITUDE_LOSS
MO_m0-128k_s1234,MO,1234,128k,MO-ADAM+MO-LBFGS,128000,0.1505,W3,0.05756845013578101,3.4621310944097776e-32,1.5095753460902604e-32,2.1026254788498987e-32,2.140568668103809e-32,4.015927203838193e-32,1.2259815591801651e-32,9.15070452267409e-33,1.5371879802739504e-31,7.074331919349933e-32,8.297547883389572e-32,1.049575422936527e-31,2.745828634763303e-31,4.283016615037253e-31,0.05756845013578101,1.0,6.0139383399136e-31,2.622226831762495e-31,3.6523920200919842e-31,3.718301713968436e-31,6.97591683355418e-31,2.129606679159443e-31,1.589534632440379e-31,2.6701917050890518e-30,1.0641905772259441,0.1505,nan,AMPLITUDE_LOSS
MO_m0-128k_s1234,MO,1234,128k,MO-ADAM+MO-LBFGS,128000,0.1505,W4,0.5056425526869326,3.0148140549881936e-31,1.3339336886002163e-31,1.8488676220723952e-31,1.8880558127723996e-31,3.5078947602539004e-31,1.065070271309173e-31,8.032571545990794e-32,1.3461893364595361e-30,6.1976153656608065e-31,7.264277998934553e-31,9.17483359191357e-31,2.4066259118320663e-30,3.752815248291603e-30,0.5056425526869326,1.0,5.962342447184842e-31,2.638096183780082e-31,3.656471577100665e-31,3.7339733429068927e-31,6.937499111997808e-31,2.106369935934977e-31,1.5885869382049716e-31,2.662333953711024e-30,1.114759090903308,0.1505,nan,AMPLITUDE_LOSS
MO_m0-128k_s1234,MO,1234,128k,MO-ADAM+MO-LBFGS,128000,0.1505,PRE,0.62480276610095,3.7043786268862047e-31,1.650856201469831e-31,2.2936895687293567e-31,2.3286419711288827e-31,4.349109841261894e-31,1.3268575268145154e-31,1.0012293098921936e-31,1.6654763046182877e-30,7.648924397085386e-31,9.005838649097489e-31,1.1348407346769647e-30,2.969959881138672e-30,4.63543618575696e-30,0.62480276610095,1.0,5.92887680380033e-31,2.642203733782927e-31,3.6710618024997e-31,3.7270033000344354e-31,6.960772386464129e-31,2.1236422096763496e-31,1.6024725948963302e-31,2.6656032831154202e-30,0.3007028979582226,0.1505,nan,AMPLITUDE_LOSS
MO_m0-128k_s1234,MO,1234,128k,MO-ADAM+MO-LBFGS,128000,0.1505,POST,0.06821150922768786,4.0638042783223015e-32,1.797625032487463e-32,2.498341415167193e-32,2.543645638134801e-32,4.7328150802778335e-32,1.440834226565679e-32,1.0809487632932218e-32,1.8158014434248476e-31,8.359770725976942e-32,9.798243708271538e-32,1.2375909537060538e-31,3.2533682480020267e-31,5.069169691426874e-31,0.06821150922768786,1.0,5.957651904105293e-31,2.6353690936335187e-31,3.662639110986101e-31,3.7290563820310724e-31,6.938440644202519e-31,2.1123036902118946e-31,1.5847014316675636e-31,2.662016225683796e-30,0.8578238731214416,0.1505,nan,AMPLITUDE_LOSS
MO_m0-128k_s1235,MO,1235,128k,MO-ADAM+MO-LBFGS,128000,0.17500000000000002,FULL,0.4951080995668703,3.006258199058454e-31,1.3090824513983931e-31,1.8115631275934326e-31,1.8353904633172323e-31,3.4494555650480802e-31,1.054924642379653e-31,7.88229426733264e-32,1.325490387552851e-30,6.1269037780502865e-31,7.128000097478225e-31,9.055506318433238e-31,2.360593234314055e-30,3.6860836218669064e-30,0.4951080995668703,1.0,6.071922882474304e-31,2.644033601032984e-31,3.6589244433250386e-31,3.7070499652961837e-31,6.9670756104893515e-31,2.1306955860801105e-31,1.5920350069465872e-31,2.6771737095644557e-30,0.5043008149187492,0.17500000000000002,nan,AMPLITUDE_LOSS
MO_m0-128k_s1235,MO,1235,128k,MO-ADAM+MO-LBFGS,128000,0.17500000000000002,W1,0.5878654207445737,3.5697836892485646e-31,1.55447830260532e-31,2.1509006439798217e-31,2.179310414802124e-31,4.095772664285438e-31,1.252593611544136e-31,9.359102014242919e-32,1.5738749527889697e-30,7.275162635833703e-31,8.463586892055992e-31,1.0752367198938119e-30,2.8028154855385727e-30,4.376690438327542e-30,0.5878654207445736,1.0,6.072450535918866e-31,2.644275794681818e-31,3.6588317122914804e-31,3.7071587099677814e-31,6.967194394761049e-31,2.130748922019659e-31,1.5920483981501964e-31,2.677270846779085e-30,0.35377800038791535,0.17500000000000002,nan,AMPLITUDE_LOSS
MO_m0-128k_s1235,MO,1235,128k,MO-ADAM+MO-LBFGS,128000,0.17500000000000002,W2,0.017146674254061214,1.0287332738975975e-32,4.452584545305395e-33,6.325456142361098e-33,6.328994500297635e-33,1.1912167972817174e-32,3.648218066118378e-33,2.7246478868787145e-33,4.567940185275433e-32,2.106537342664245e-32,2.4614028426111883e-32,3.124960474103292e-32,8.190703118019055e-32,1.275864330329449e-31,0.017146674254061214,1.0,5.999608196055523e-31,2.596762777044529e-31,3.689027999620912e-31,3.6910915822633158e-31,6.9472177498185905e-31,2.1276534516623802e-31,1.5890241142438347e-31,2.6640385870709085e-30,0.9267604406758471,0.17500000000000002,nan,AMPLITUDE_LOSS
MO_m0-128k_s1235,MO,1235,128k,MO-ADAM+MO-LBFGS,128000,0.17500000000000002,W3,0.018455201035032925,1.1021188396906035e-32,4.8859515475291667e-33,6.732567816287638e-33,6.835262387284404e-33,1.2884367418124796e-32,3.907615247205238e-33,2.9474370146394047e-33,4.9214389827976705e-32,2.2639707760722853e-32,2.657468206725384e-32,3.3585560645957894e-32,8.810511322884545e-32,1.3731950305682216e-31,0.018455201035032922,1.0,5.971860385581755e-31,2.6474659031100865e-31,3.648059863182976e-31,3.7037051909156925e-31,6.981428917337081e-31,2.1173517643007736e-31,1.5970766230312935e-31,2.6666948647459662e-30,1.0756576374822966,0.17500000000000002,nan,AMPLITUDE_LOSS
MO_m0-128k_s1235,MO,1235,128k,MO-ADAM+MO-LBFGS,128000,0.17500000000000002,W4,0.24775115571534567,1.4933721221912605e-31,6.52584875106926e-32,9.018146663098625e-32,9.149148876864642e-32,1.7216945807480045e-31,5.247536287607728e-32,3.9399545844493255e-32,6.603130219248222e-31,3.0477716636080488e-31,3.555358555640173e-31,4.5108768276940596e-31,1.1814034933557532e-30,1.8417165152805754e-30,0.24775115571534564,1.0,6.0277100136197775e-31,2.634033626292001e-31,3.6400018547078217e-31,3.6928783845418646e-31,6.949289805639295e-31,2.1180673294767216e-31,1.5902870656943169e-31,2.6652268079971797e-30,1.0916180612361057,0.17500000000000002,nan,AMPLITUDE_LOSS
MO_m0-128k_s1235,MO,1235,128k,MO-ADAM+MO-LBFGS,128000,0.17500000000000002,PRE,0.6633492243280634,4.029266087261441e-31,1.7534811334104485e-31,2.4268990960861226e-31,2.459297146511638e-31,4.621904335528914e-31,1.4134973482653802e-31,1.0560017130403182e-31,1.776034686010426e-30,8.209646316758012e-31,9.55070054334625e-31,1.2134071231916795e-30,3.162630100597013e-30,4.93866478660744e-30,0.6633492243280634,1.0,6.074124969909875e-31,2.643375569160617e-31,3.6585542080710792e-31,3.707394320092515e-31,6.967528062176674e-31,2.1308494778103857e-31,1.5919242448952729e-31,2.6773750852116418e-30,0.2646326890154141,0.17500000000000002,nan,AMPLITUDE_LOSS
MO_m0-128k_s1235,MO,1235,128k,MO-ADAM+MO-LBFGS,128000,0.17500000000000002,POST,0.06444696134671758,3.875777654424018e-32,1.7151729014245174e-32,2.3643523329877924e-32,2.3832338052725612e-32,4.482385753447221e-32,1.3705554306983335e-32,1.0278989600915415e-32,1.7219376838345974e-31,7.955302888836316e-32,9.264073949509658e-32,1.1750414700950566e-31,3.075511483304752e-31,4.797449167139349e-31,0.06444696134671757,1.0,6.013902864361208e-31,2.66137125099983e-31,3.6686793040060086e-31,3.6979769960774626e-31,6.955154532938292e-31,2.1266408874188737e-31,1.5949533362194643e-31,2.671867917202114e-30,0.8520910656227255,0.17500000000000002,nan,AMPLITUDE_LOSS
MO_m0-128k_s1236,MO,1236,128k,MO-ADAM+MO-LBFGS,128000,0.2,FULL,0.5429852349386216,3.2837286888130736e-31,1.4359523433091258e-31,1.9929829516125307e-31,2.0061252190959686e-31,3.767372183675707e-31,1.1516410166515438e-31,8.677445309507685e-32,1.4505546934108746e-30,6.712663983734734e-31,7.792882950374011e-31,9.911828355052104e-31,2.5926465067219983e-30,4.043201200132873e-30,0.5429852349386215,1.0,6.047546926730406e-31,2.644551363300768e-31,3.6704183159562473e-31,3.6946220449672564e-31,6.938258982496201e-31,2.120943522123057e-31,1.5980996813824166e-31,2.6714440836956352e-30,0.4408857902707915,0.2,nan,AMPLITUDE_LOSS
MO_m0-128k_s1236,MO,1236,128k,MO-ADAM+MO-LBFGS,128000,0.2,W1,0.6415838580946439,3.880223821320311e-31,1.6963826035171956e-31,2.3548567207063865e-31,2.3700735778933673e-31,4.4513589159733e-31,1.36093357491717e-31,1.025279233547568e-31,1.7139108447875302e-30,7.93146314554389e-31,9.20764530233141e-31,1.1711718691547568e-30,3.0635296462367147e-30,4.777440491024245e-30,0.6415838580946438,1.0,6.047882552475182e-31,2.644054369689201e-31,3.670380248810762e-31,3.694097892256736e-31,6.938078101267722e-31,2.1212091883964005e-31,1.5980439978530826e-31,2.6713746350749087e-30,0.28529810858439836,0.2,nan,AMPLITUDE_LOSS
MO_m0-128k_s1236,MO,1236,128k,MO-ADAM+MO-LBFGS,128000,0.2,W2,0.04295683734280681,2.5879077212988625e-32,1.1563744286792857e-32,1.5791976385622206e-32,1.6080429200281608e-32,2.9858262162109257e-32,9.007172781711096e-33,6.88688770993945e-33,1.1506754973944513e-31,5.323479788540364e-32,6.183275185404149e-32,7.84162034706595e-32,2.045685473841835e-31,3.1963609712362867e-31,0.04295683734280681,1.0,6.024437275599859e-31,2.691944985267687e-31,3.676242796833031e-31,3.7433922502151607e-31,6.950758949927455e-31,2.0967960722600426e-31,1.6032110685850275e-31,2.6786783398688264e-30,0.8574146268484965,0.2,nan,AMPLITUDE_LOSS
MO_m0-128k_s1236,MO,1236,128k,MO-ADAM+MO-LBFGS,128000,0.2,W3,0.02534775379350709,1.5111190361706852e-32,6.723530703869207e-33,9.275136893368294e-33,9.307412848764616e-33,1.7643326457454879e-32,5.3627155066208214e-33,4.052985313478404e-33,6.747629808526305e-32,3.110985795894436e-32,3.636644012631869e-32,4.6082639026008404e-32,1.2078189209173717e-31,1.8825819017700023e-31,0.02534775379350709,1.0,5.961550078483723e-31,2.6525153899796216e-31,3.659155351171247e-31,3.671888611743071e-31,6.960508848706828e-31,2.1156570914754953e-31,1.5989524541289252e-31,2.662022782568891e-30,0.9775349920140695,0.2,nan,AMPLITUDE_LOSS
MO_m0-128k_s1236,MO,1236,128k,MO-ADAM+MO-LBFGS,128000,0.2,W4,0.08367600904528029,5.078713178991466e-32,2.1772153917528265e-32,3.0554132662533575e-32,3.116264997665604e-32,5.83034334334033e-32,1.7788006761391754e-32,1.3360484433262593e-32,2.237279929746902e-31,1.0311341836997642e-31,1.2061457460471382e-31,1.5300518231911418e-31,3.997263089060634e-31,6.234543018807536e-31,0.08367600904528029,1.0,6.069497382748239e-31,2.601958932547379e-31,3.651480634789786e-31,3.7242036674804584e-31,6.967759827294491e-31,2.1258192120236063e-31,1.5966923596980735e-31,2.673741201658203e-30,0.89051977839161,0.2,nan,AMPLITUDE_LOSS
MO_m0-128k_s1236,MO,1236,128k,MO-ADAM+MO-LBFGS,128000,0.2,PRE,0.6847311079009544,4.140768094912011e-31,1.8110206887933361e-31,2.513774948414892e-31,2.529836268146935e-31,4.749339729038981e-31,1.4522849813521213e-31,1.0942917897423924e-31,1.829131650040067e-30,8.46556373212024e-31,9.825752768280432e-31,1.2498174562108281e-30,3.2692983473683456e-30,5.098429997408413e-30,0.6847311079009544,1.0,6.047290749803305e-31,2.644864046479542e-31,3.6711855492017576e-31,3.6946419389388583e-31,6.936065375499154e-31,2.1209566274914917e-31,1.5981335988910288e-31,2.6713137886305134e-30,0.23918178623196967,0.2,nan,AMPLITUDE_LOSS
MO_m0-128k_s1236,MO,1236,128k,MO-ADAM+MO-LBFGS,128000,0.2,POST,0.08114745891181654,4.913145958450884e-32,2.1390102769507596e-32,2.9613342400986874e-32,2.997648071872752e-32,5.679160174874336e-32,1.7207993927122933e-32,1.296060583541355e-32,2.1707158698501033e-31,1.0013490475500318e-31,1.1693668223000717e-31,1.4849700956965232e-31,3.8797292647887655e-31,6.050445134638869e-31,0.08114745891181652,1.0,6.054590031944247e-31,2.6359547244421274e-31,3.649324673637369e-31,3.6940750974473733e-31,6.998568101862442e-31,2.1205832145431634e-31,1.5971671829549112e-31,2.675026302683163e-30,0.8008224333144351,0.2,nan,AMPLITUDE_LOSS
MO_m0-256k_s1234,MO,1234,256k,MO-ADAM+MO-LBFGS,256000,0.24975,FULL,0.6173545399339486,3.69788472679648e-31,1.620313964132926e-31,2.2662748132775814e-31,2.3038320423609026e-31,4.293417892138961e-31,1.307424089572083e-31,9.905994975493293e-32,1.6479747025828268e-30,7.584473504207e-31,8.895273521621264e-31,1.124817692976236e-30,2.94213237904208e-30,4.590107081624907e-30,0.6173545399339486,1.0,5.989888285574308e-31,2.624608485597719e-31,3.6709454076746007e-31,3.7317811619355554e-31,6.954541700783963e-31,2.1177848464708164e-31,1.604587693896787e-31,2.6694137581933753e-30,0.372041574324866,0.24975,nan,AMPLITUDE_LOSS
MO_m0-256k_s1234,MO,1234,256k,MO-ADAM+MO-LBFGS,256000,0.24975,W1,0.7133184848131912,4.272784868326295e-31,1.872173626868012e-31,2.6188775188164567e-31,2.6627308968737546e-31,4.961007498463357e-31,1.5105512792918197e-31,1.1451280208706872e-31,1.9043253709510383e-30,8.763836014010761e-31,1.027941769549962e-30,1.2997797906476796e-30,3.3996016157313335e-30,5.303926986682372e-30,0.713318484813191,1.0,5.9900100155757e-31,2.6245971003517576e-31,3.671400047206562e-31,3.7328780251237887e-31,6.9548281785555966e-31,2.117639331451526e-31,1.6053530719459524e-31,2.6696705770210884e-30,0.22911896662089398,0.24975,nan,AMPLITUDE_LOSS
MO_m0-256k_s1234,MO,1234,256k,MO-ADAM+MO-LBFGS,256000,0.24975,W2,0.13781169372548147,8.25002396532419e-32,3.614299416495781e-32,5.043678448229214e-32,5.099452225175887e-32,9.569993114999274e-32,2.925991841937813e-32,2.1788063020924957e-32,3.6682245314254662e-31,1.690800183004918e-31,1.977424348420548e-31,2.504250183064517e-31,6.559800889344607e-31,1.0228025420770072e-30,0.1378116937254815,1.0,5.986446971443582e-31,2.6226362355689513e-31,3.659833437847544e-31,3.7003044424763544e-31,6.94425331863531e-31,2.1231811052016707e-31,1.581002484762027e-31,2.6617657995935443e-30,0.6791279113321251,0.24975,nan,AMPLITUDE_LOSS
MO_m0-256k_s1234,MO,1234,256k,MO-ADAM+MO-LBFGS,256000,0.24975,W3,0.08828367446153843,5.282429711492032e-32,2.3307647931989394e-32,3.218481885949492e-32,3.2721010097108834e-32,6.143895054465232e-32,1.8637893834610972e-32,1.4118946618318786e-32,2.352335650010955e-31,1.0831676390640462e-31,1.269168010946909e-31,1.6056701313738642e-31,4.2057415475455505e-31,6.5580771975565056e-31,0.08828367446153841,1.0,5.983472871638763e-31,2.6400858453329953e-31,3.6456138754755303e-31,3.7063489140751603e-31,6.959265223087055e-31,2.1111370758282955e-31,1.5992703865616567e-31,2.6645194191999455e-30,1.0697544067724414,0.24975,nan,AMPLITUDE_LOSS
MO_m0-256k_s1234,MO,1234,256k,MO-ADAM+MO-LBFGS,256000,0.24975,W4,0.0857162018791033,5.147586270498522e-32,2.2749365742555405e-32,3.125643318903058e-32,3.174503335017673e-32,5.989072753547999e-32,1.8151475998730536e-32,1.367428139845154e-32,2.289431799194099e-31,1.0548166163657126e-31,1.2346151828283866e-31,1.5629730482794724e-31,4.085323574018819e-31,6.374755373212918e-31,0.0857162018791033,1.0,6.005383063704612e-31,2.6540333383695456e-31,3.6465023535592005e-31,3.703504431396863e-31,6.987095347499364e-31,2.117624859805606e-31,1.5952971665424634e-31,2.6709440560877654e-30,0.9947984202236007,0.24975,nan,AMPLITUDE_LOSS
MO_m0-256k_s1234,MO,1234,256k,MO-ADAM+MO-LBFGS,256000,0.24975,PRE,0.7135802585552328,4.274461808109172e-31,1.8728940978709002e-31,2.619817254464604e-31,2.663739537074729e-31,4.9628646177062125e-31,1.5111155953769907e-31,1.1455469635573422e-31,1.9050439874159953e-30,8.767173160444673e-31,1.0283266713715277e-30,1.3002690643837331e-30,3.400856973476777e-30,5.3059009608927725e-30,0.7135802585552328,1.0,5.990162643741807e-31,2.6246439351656098e-31,3.6713701409970146e-31,3.7329221277336583e-31,6.954879368095753e-31,2.1176533084540612e-31,1.6053512549193871e-31,2.6696982779107294e-30,0.2288922014974238,0.24975,nan,AMPLITUDE_LOSS
MO_m0-256k_s1234,MO,1234,256k,MO-ADAM+MO-LBFGS,256000,0.24975,POST,0.12961337761245217,7.753773157145377e-32,3.400561518371022e-32,4.7426739919736666e-32,4.7956195828057607e-32,9.00180317831361e-32,2.749690118676617e-32,2.05214277752149e-32,3.4496264324807538e-31,1.5897008667490076e-31,1.8599255657317458e-31,2.3550393104954136e-31,6.16986149107374e-31,9.619487923554493e-31,0.12961337761245217,1.0,5.982232158419194e-31,2.62361924441072e-31,3.6590929727596507e-31,3.699941835591083e-31,6.945118894462634e-31,2.1214554927333835e-31,1.583280071334508e-31,2.6614740669711176e-30,0.757920090610587,0.24975,nan,AMPLITUDE_LOSS
MO_m0-256k_s1235,MO,1235,256k,MO-ADAM+MO-LBFGS,256000,0.32225,FULL,0.6898652321403923,4.106347573415208e-31,1.813404211834253e-31,2.5340998468033884e-31,2.563282894234334e-31,4.801902682554484e-31,1.4666454663195774e-31,1.1000447782960196e-31,1.838572745345726e-30,8.453851632052851e-31,9.931875821404412e-31,1.2542394881069095e-30,3.29714274482421e-30,5.135715490169936e-30,0.6898652321403923,1.0,5.952390962905514e-31,2.6286354600128822e-31,3.6733259319954775e-31,3.71562846598519e-31,6.9606387723816325e-31,2.1259883785839203e-31,1.5945792410540622e-31,2.6651187212918675e-30,0.3007217370083625,0.32225,nan,AMPLITUDE_LOSS
MO_m0-256k_s1235,MO,1235,256k,MO-ADAM+MO-LBFGS,256000,0.32225,W1,0.7847615510398177,4.666212390655181e-31,2.0631854661310013e-31,2.883194725847757e-31,2.915946865279534e-31,5.462032024524981e-31,1.6685585464194115e-31,1.2514715026868187e-31,2.091060152154468e-30,9.612592582633937e-31,1.1298008938910744e-30,1.4262910643714731e-30,3.751247479314196e-30,5.842307631468664e-30,0.7847615510398177,1.0,5.946025750716767e-31,2.629060334820515e-31,3.673975517821301e-31,3.7157106657632205e-31,6.960116760674295e-31,2.1261981352279015e-31,1.5947156190674832e-31,2.664580278409148e-30,0.16142820080480377,0.32225,nan,AMPLITUDE_LOSS
MO_m0-256k_s1235,MO,1235,256k,MO-ADAM+MO-LBFGS,256000,0.32225,W2,0.23219773575755553,1.4114799454310023e-31,6.081785681342758e-32,8.499795122514067e-32,8.624710486650652e-32,1.618631127011995e-31,4.927352254012158e-32,3.695118585085078e-32,6.212987285403473e-31,2.869638025816688e-31,3.3433492595867854e-31,4.2496024432029165e-31,1.1065618224363193e-30,1.7278605509766666e-30,0.23219773575755553,1.0,6.078784277658812e-31,2.6192269539152285e-31,3.660584843682091e-31,3.7143818213869127e-31,6.970916928759608e-31,2.1220500871537105e-31,1.5913671909976161e-31,2.675731210355398e-30,0.5732558626454614,0.32225,nan,AMPLITUDE_LOSS
MO_m0-256k_s1235,MO,1235,256k,MO-ADAM+MO-LBFGS,256000,0.32225,W3,0.06763770033679706,4.082681508346059e-32,1.7786442943271067e-32,2.484069233186449e-32,2.5047880319129977e-32,4.7068076437668185e-32,1.4345657463401216e-32,1.0822694372376848e-32,1.8073825895117235e-31,8.345395035859608e-32,9.728430859257627e-32,1.2355827822537009e-31,3.2252562905730602e-31,5.032638880084784e-31,0.06763770033679706,1.0,6.036103368412349e-31,2.6296640563923313e-31,3.672610424093669e-31,3.7032424512373853e-31,6.958852267787955e-31,2.1209558267013883e-31,1.600097921497334e-31,2.672152631612241e-30,0.8962703063902367,0.32225,nan,AMPLITUDE_LOSS
MO_m0-256k_s1235,MO,1235,256k,MO-ADAM+MO-LBFGS,256000,0.32225,W4,0.20053236856138457,1.2056603729451441e-31,5.31037918444521e-32,7.311592981564798e-32,7.464630673611216e-32,1.400847909432299e-31,4.2511802661128865e-32,3.2043852648110425e-32,5.360725119431959e-31,2.4678575895461465e-31,2.892867529885814e-31,3.658106107015027e-31,9.55488196095099e-31,1.4915607080382949e-30,0.20053236856138454,1.0,6.012298072348767e-31,2.6481406580602327e-31,3.6460911692302033e-31,3.7224068748413753e-31,6.985644858642803e-31,2.119947166939072e-31,1.5979391695212315e-31,2.673246796958368e-30,1.0402652019549339,0.32225,nan,AMPLITUDE_LOSS
MO_m0-256k_s1235,MO,1235,256k,MO-ADAM+MO-LBFGS,256000,0.32225,PRE,0.7500459571077246,4.4632206254596795e-31,1.9713241471892626e-31,2.755338782746643e-31,2.7869330624625247e-31,5.220803079582283e-31,1.5947362605396294e-31,1.196027189021215e-31,1.998838314700125e-30,9.189883555395592e-31,1.0798499591605652e-30,1.363538967680982e-30,3.584726066595587e-30,5.5835643812957124e-30,0.7500459571077246,1.0,5.950596204358519e-31,2.628271145932115e-31,3.6735599420755446e-31,3.715683067220714e-31,6.960644251339461e-31,2.1261847296519548e-31,1.5946052074372243e-31,2.6649544548015535e-30,0.1996824938835016,0.32225,nan,AMPLITUDE_LOSS
MO_m0-256k_s1235,MO,1235,256k,MO-ADAM+MO-LBFGS,256000,0.32225,POST,0.1377424462032356,8.322470399363304e-32,3.645816077437725e-32,5.043626221842358e-32,5.114240303789773e-32,9.587377096712992e-32,2.9148770283188807e-32,2.19462564649946e-32,3.6823032773964466e-31,1.7011912698643383e-31,1.9811120075321087e-31,2.51480993644181e-31,6.587347679900239e-31,1.0269650957296684e-30,0.1377424462032356,1.0,6.042052126098929e-31,2.6468355818644317e-31,3.6616354369085317e-31,3.712900739575811e-31,6.960365058833785e-31,2.1161792233731945e-31,1.5932820325125848e-31,2.6733250199167264e-30,0.7445106546781729,0.32225,nan,AMPLITUDE_LOSS
MO_m0-256k_s1236,MO,1236,256k,MO-ADAM+MO-LBFGS,256000,0.34750000000000003,FULL,0.7026533916273325,4.268735449863636e-31,1.836103888819045e-31,2.5624414737446295e-31,2.6001928974262768e-31,4.898226350789004e-31,1.486959703819726e-31,1.1170513142083343e-31,1.8769711078670654e-30,8.667280812427329e-31,1.0102430266243327e-30,1.2846454588605617e-30,3.3495443143602975e-30,5.226515422227363e-30,0.7026533916273323,1.0,6.075165224745217e-31,2.6131004428323585e-31,3.646807237078966e-31,3.7005341871392246e-31,6.971042065910742e-31,2.1162065415723085e-31,1.5897615061976296e-31,2.6712617205476444e-30,0.2654324948552054,0.34750000000000003,nan,AMPLITUDE_LOSS
MO_m0-256k_s1236,MO,1236,256k,MO-ADAM+MO-LBFGS,256000,0.34750000000000003,W1,0.7898971676980259,4.795136282219055e-31,2.059793023893471e-31,2.8807648028559025e-31,2.923163056434811e-31,5.5064193807327165e-31,1.6714673263280528e-31,1.2555294165770374e-31,2.109227328904105e-30,9.735694108968435e-31,1.1356579180072614e-30,1.4437849882384721e-30,3.7656433287028275e-30,5.874870657606933e-30,0.7898971676980259,1.0,6.070582954732424e-31,2.60767237575527e-31,3.6470124475205207e-31,3.700688109762049e-31,6.971058519908244e-31,2.1160568675023364e-31,1.589484641698346e-31,2.670255591687919e-30,0.15680239120835118,0.34750000000000003,nan,AMPLITUDE_LOSS
MO_m0-256k_s1236,MO,1236,256k,MO-ADAM+MO-LBFGS,256000,0.34750000000000003,W2,0.29168394811400317,1.7950653589547618e-31,7.881074598612517e-32,1.0623943492197687e-31,1.078185790039391e-31,2.0330803191205817e-31,6.179053418941208e-32,4.6504916927553687e-32,7.839787788365408e-31,3.6455671680357797e-31,4.194220620329627e-31,5.355589196570645e-31,1.389082587182098e-30,2.1730613660186387e-30,0.2916839481140031,1.0,6.154145164865796e-31,2.7019226287804603e-31,3.642279104109415e-31,3.6964179791545678e-31,6.9701481081364135e-31,2.118407083726854e-31,1.5943598277604733e-31,2.6877679896533983e-30,0.48339133442109844,0.34750000000000003,nan,AMPLITUDE_LOSS
MO_m0-256k_s1236,MO,1236,256k,MO-ADAM+MO-LBFGS,256000,0.34750000000000003,W3,0.0829098321838812,4.980882206991459e-32,2.188530438447096e-32,3.0338589645561184e-32,3.0831392434132064e-32,5.792522975981831e-32,1.7575403757824972e-32,1.3186393787727388e-32,2.215511358394494e-31,1.0203271609994669e-31,1.195184197395027e-31,1.512590352630214e-31,3.95513390430461e-31,6.170645262699104e-31,0.0829098321838812,1.0,6.007589300077974e-31,2.6396512703020255e-31,3.6592269995523393e-31,3.7186654009566434e-31,6.986533229418321e-31,2.119821412597413e-31,1.5904499430757506e-31,2.6721937555980465e-30,0.7749094995094825,0.34750000000000003,nan,AMPLITUDE_LOSS
MO_m0-256k_s1236,MO,1236,256k,MO-ADAM+MO-LBFGS,256000,0.34750000000000003,W4,0.2112737825302439,1.290929897311921e-31,5.545484451789288e-32,7.749969640586146e-32,7.877899035011947e-32,1.471237472946258e-31,4.4813326694424745e-32,3.35679459465877e-32,5.66331540940704e-31,2.6204753065494624e-31,3.042840102857578e-31,3.872843793782669e-31,1.0084329259290742e-30,1.5747644668697782e-30,0.21127378253024387,1.0,6.110222867464026e-31,2.6247858988350576e-31,3.6682117145683877e-31,3.7287631909009918e-31,6.963653773442761e-31,2.1211021148830746e-31,1.5888363215053633e-31,2.6805575881599663e-30,0.9271826655548969,0.34750000000000003,nan,AMPLITUDE_LOSS
MO_m0-256k_s1236,MO,1236,256k,MO-ADAM+MO-LBFGS,256000,0.34750000000000003,PRE,0.7519505077917841,4.567935480633167e-31,1.964185760766996e-31,2.7419906568850456e-31,2.782608896801566e-31,5.241898526670004e-31,1.591135400820773e-31,1.1953977252022583e-31,2.0085152447779813e-30,9.274111898285211e-31,1.08110405494946e-30,1.3747222389390483e-30,3.58452643087353e-30,5.593041675651511e-30,0.7519505077917841,1.0,6.0747820944327695e-31,2.612121064370469e-31,3.6465041628036234e-31,3.700521334805802e-31,6.9710685375605605e-31,2.116010807005608e-31,1.5897292611886395e-31,2.671073726216747e-30,0.19140455136173193,0.34750000000000003,nan,AMPLITUDE_LOSS
MO_m0-256k_s1236,MO,1236,256k,MO-ADAM+MO-LBFGS,256000,0.34750000000000003,POST,0.15167113205866134,9.246471574274143e-32,4.045629650001454e-32,5.556625315363804e-32,5.613722251990002e-32,1.0570833641260024e-31,3.226124682877483e-32,2.4139192645582685e-32,4.067332638032511e-31,1.8848726539639352e-31,2.1824599840685753e-31,2.778784979545617e-31,7.232045284226502e-31,1.1299377922259014e-30,0.1516711320586613,1.0,6.096395173405789e-31,2.6673695877978452e-31,3.6636011348650552e-31,3.701246358350395e-31,6.969575223564335e-31,2.127052550533963e-31,1.5915482608942683e-31,2.6816788289411655e-30,0.6696552357633346,0.34750000000000003,nan,AMPLITUDE_LOSS
MO_m0-384k_s1234,MO,1234,384k,MO-ADAM,384000,0.34725,FULL,0.7227821859359808,4.337125285958475e-31,1.8960894268896386e-31,2.6618372240365245e-31,2.677600881880385e-31,5.017879248086942e-31,1.5395084072971425e-31,1.155682882545372e-31,1.9285723356694486e-30,8.895051936884623e-31,1.0390671419809861e-30,1.3172524640627321e-30,3.449384637669939e-30,5.3779569733393874e-30,0.7227821859359805,1.0,6.000597926112442e-31,2.623320640414309e-31,3.6827653971431394e-31,3.704575090506653e-31,6.942450084860564e-31,2.129975582206031e-31,1.5989365884118896e-31,2.6682621309655027e-30,0.2649235856077814,0.34725,nan,AMPLITUDE_LOSS
MO_m0-384k_s1234,MO,1234,384k,MO-ADAM,384000,0.34725,W1,0.8157838324150865,4.896494028427677e-31,2.1385918436651805e-31,3.0050450555315134e-31,3.022330654511116e-31,5.663498114441893e-31,1.7376852305119612e-31,1.3046776552133666e-31,2.1768322582302713e-30,1.0040130927624378e-30,1.1728191654678339e-30,1.4869714853614461e-30,3.892561342108728e-30,6.0693936003389996e-30,0.8157838324150863,1.0,6.002195476137176e-31,2.6215178074000175e-31,3.6836290891365565e-31,3.704818034409506e-31,6.942400534802705e-31,2.13008049616236e-31,1.5992933463156926e-31,2.668393478436401e-30,0.1327986150101586,0.34725,nan,AMPLITUDE_LOSS
MO_m0-384k_s1234,MO,1234,384k,MO-ADAM,384000,0.34725,W2,0.2929209117368145,1.750243825262873e-31,7.771859321536275e-32,1.074616787936983e-31,1.0839422356910702e-31,2.0336215635971303e-31,6.234289861184885e-32,4.665330619236433e-32,7.8095723926838185e-31,3.6020465453534845e-31,4.2075258473303345e-31,5.325015238720634e-31,1.4021479204740587e-30,2.1831051597424404e-30,0.2929209117368144,1.0,5.9751412587280365e-31,2.6532278885295734e-31,3.668624344930729e-31,3.7004604050426297e-31,6.942561907032141e-31,2.1283184680192134e-31,1.592692918909171e-31,2.6661027191191495e-30,0.49864270259386567,0.34725,nan,AMPLITUDE_LOSS
MO_m0-384k_s1234,MO,1234,384k,MO-ADAM,384000,0.34725,W3,0.04377366494160054,2.596411010028588e-32,1.1634636396181852e-32,1.602830475043609e-32,1.6208393258804874e-32,3.049386797315832e-32,9.301939351109999e-33,7.026167940520887e-33,1.1665741977049794e-31,5.362705124690386e-32,6.303036852359408e-32,7.95124507644012e-32,2.0808051599420037e-31,3.247379357646983e-31,0.04377366494160054,1.0,5.931445341605548e-31,2.6579077652519866e-31,3.66163189027463e-31,3.702772724291846e-31,6.966258825675414e-31,2.1250081215543486e-31,1.6051130171290576e-31,2.6650137685782835e-30,0.8593198585658747,0.34725,nan,AMPLITUDE_LOSS
MO_m0-384k_s1234,MO,1234,384k,MO-ADAM,384000,0.34725,W4,0.03880355450802871,2.3217258101220766e-32,1.0235155085223701e-32,1.4202091523564148e-32,1.4375403944459509e-32,2.7036207591412645e-32,8.257512996035012e-33,6.172895897006927e-33,1.0349652513892273e-31,4.7654504710008604e-32,5.584202042891412e-32,7.06284531132045e-32,1.8507453009779052e-31,2.8857105523671328e-31,0.038803554508028706,1.0,5.983281272960943e-31,2.637684927319217e-31,3.6599975707446172e-31,3.7046616287394853e-31,6.967456444181857e-31,2.1280300479499816e-31,1.5908068153214437e-31,2.6671918707217552e-30,0.9477919778482573,0.34725,nan,AMPLITUDE_LOSS
MO_m0-384k_s1234,MO,1234,384k,MO-ADAM,384000,0.34725,PRE,0.7765758431218635,4.659314417276677e-31,2.037065182064143e-31,2.860365619455707e-31,2.8771069676709134e-31,5.391177527714375e-31,1.654107356736185e-31,1.2418320129042048e-31,2.0720969083822237e-30,9.556745218796545e-31,1.1164223865025692e-30,1.4152689577350992e-30,3.706044058698056e-30,5.778140967080279e-30,0.7765758431218635,1.0,5.999818895403788e-31,2.6231374567036015e-31,3.6833049145038166e-31,3.704862819457321e-31,6.942242120282351e-31,2.130001044182121e-31,1.5991123389983238e-31,2.6682479589531324e-30,0.17468156635521362,0.34725,nan,AMPLITUDE_LOSS
MO_m0-384k_s1234,MO,1234,384k,MO-ADAM,384000,0.34725,POST,0.12247629519921692,7.416821876514285e-32,3.2288208778111e-32,4.463759320697649e-32,4.512291346678015e-32,8.520878149464585e-32,2.6065086127114716e-32,1.9430875143631188e-32,3.2692167698240214e-31,1.5109402075023041e-31,1.7582765623217177e-31,2.234454686103964e-31,5.852149489673121e-31,9.121366259497142e-31,0.12247629519921689,1.0,6.055720304447703e-31,2.6362822883882857e-31,3.644590419261956e-31,3.6842160675569173e-31,6.95716516865957e-31,2.1281739527406494e-31,1.5865008908071035e-31,2.6692649091862182e-30,0.7161621086153568,0.34725,nan,AMPLITUDE_LOSS
MO_m0-384k_s1235,MO,1235,384k,MO-ADAM,384000,0.418,FULL,0.7483353428052901,4.539780323030817e-31,1.9803934670601055e-31,2.7305799395927567e-31,2.78361874334325e-31,5.204215434765021e-31,1.5902669126255211e-31,1.191641556217315e-31,2.0020496376634798e-30,9.250753729683711e-31,1.076974264695109e-30,1.3666217253605928e-30,3.575199862903839e-30,5.577249500567318e-30,0.74833534280529,1.0,6.06650529963283e-31,2.6463984176347823e-31,3.6488720810066597e-31,3.719747797702938e-31,6.954389478994702e-31,2.125072573298595e-31,1.5923897857746535e-31,2.6753375434045155e-30,0.2288182144253691,0.418,nan,AMPLITUDE_LOSS
MO_m0-384k_s1235,MO,1235,384k,MO-ADAM,384000,0.418,W1,0.8317756392394761,5.042105139381739e-31,2.2013013523046607e-31,3.0335528434380836e-31,3.095949706620268e-31,5.783654233645373e-31,1.7666880221116284e-31,1.3243431997715268e-31,2.2247594497273264e-30,1.0276959335124484e-30,1.1970635162148782e-30,1.518365541623671e-30,3.9740732690498334e-30,6.19883271877716e-30,0.8317756392394758,1.0,6.061857190229719e-31,2.646508563676368e-31,3.6470806553216464e-31,3.722097114374512e-31,6.953382571931983e-31,2.1239958695195505e-31,1.5921880099571382e-31,2.6747109975010913e-30,0.1227159820721038,0.418,nan,AMPLITUDE_LOSS
MO_m0-384k_s1235,MO,1235,384k,MO-ADAM,384000,0.418,W2,0.37151121837662665,2.277362916302479e-31,9.823745883726737e-32,1.3647459986930307e-31,1.3702718605514593e-31,2.5880359867070426e-31,7.949379506706954e-32,5.92710211765433e-32,9.970439513062812e-31,4.624483503368179e-31,5.345956009694632e-31,6.8228551134679786e-31,1.7733959615154975e-30,2.7704399128217785e-30,0.37151121837662654,1.0,6.129997705732137e-31,2.644266282631527e-31,3.6734987563941913e-31,3.6883727671510634e-31,6.96623913004793e-31,2.139741443459754e-31,1.595403267646577e-31,2.6837519353063184e-30,0.4214780662084877,0.418,nan,AMPLITUDE_LOSS
MO_m0-384k_s1235,MO,1235,384k,MO-ADAM,384000,0.418,W3,0.0905557158428735,5.522804559409525e-32,2.405963745568778e-32,3.306257208070765e-32,3.3515454266980463e-32,6.330895179119409e-32,1.924167130148421e-32,1.4388388965635897e-32,2.4280472145578537e-31,1.1235025513049068e-31,1.3045446632529465e-31,1.6598795843163288e-31,4.332238917374661e-31,6.760286131932515e-31,0.09055571584287347,1.0,6.098791785813208e-31,2.65688777696093e-31,3.651075116901026e-31,3.70108655815104e-31,6.9911602157773975e-31,2.124843376520931e-31,1.5888990365447146e-31,2.6812743866669247e-30,0.7188306397631167,0.418,nan,AMPLITUDE_LOSS
MO_m0-384k_s1235,MO,1235,384k,MO-ADAM,384000,0.418,W4,0.12889668329787032,7.71441442324812e-32,3.430209934618914e-32,4.697482563825638e-32,4.7739838255799715e-32,9.014443503148124e-32,2.759690853983236e-32,2.0426252626788217e-32,3.443285036708283e-31,1.5842106921692673e-31,1.8590743445390147e-31,2.346896575290071e-31,6.147085869827133e-31,9.590370906535416e-31,0.1288966832978703,1.0,5.984959601652975e-31,2.661208843281056e-31,3.644378151274928e-31,3.7037289893236838e-31,6.993541860434387e-31,2.1410099805328576e-31,1.5846996295152649e-31,2.6713527056015156e-30,0.8615123591559928,0.418,nan,AMPLITUDE_LOSS
MO_m0-384k_s1235,MO,1235,384k,MO-ADAM,384000,0.418,PRE,0.7806450759115288,4.736466468152775e-31,2.0658851044113117e-31,2.8484098267983112e-31,2.9038893853345556e-31,5.428735944001761e-31,1.6589946949464894e-31,1.2430837627037201e-31,2.088546518634891e-30,9.650761399362412e-31,1.1234703786986499e-30,1.4256696001656557e-30,3.72961007893897e-30,5.818156597573861e-30,0.7806450759115287,1.0,6.067375064938682e-31,2.646382034753826e-31,3.6487898466179904e-31,3.7198587103669224e-31,6.954166639253829e-31,2.1251587259541046e-31,1.5923802007618094e-31,2.675411122264716e-30,0.17513209144902117,0.418,nan,AMPLITUDE_LOSS
MO_m0-384k_s1235,MO,1235,384k,MO-ADAM,384000,0.418,POST,0.12919983158610376,7.707805417760523e-32,3.4215930330639344e-32,4.7266381221305583e-32,4.789316334528686e-32,9.018394352975315e-32,2.7327025089707484e-32,2.058798754730913e-32,3.4455248524160712e-31,1.5856036572955032e-31,1.8599211951205672e-31,2.3511636647597314e-31,6.163129006368337e-31,9.608653858784408e-31,0.12919983158610376,1.0,5.965801443497824e-31,2.6482952733445866e-31,3.6583934081837727e-31,3.706906019716375e-31,6.980190486521744e-31,2.1150975782422493e-31,1.5934995653294255e-31,2.6668183774835985e-30,0.6840511633149267,0.418,nan,AMPLITUDE_LOSS
MO_m0-384k_s1236,MO,1236,384k,MO-ADAM,384000,0.419,FULL,0.7282773642294555,4.419050242432772e-31,1.9373299474107253e-31,2.669035176322616e-31,2.71220298861718e-31,5.0735624283633215e-31,1.5436529717819594e-31,1.165228965297063e-31,1.952006272022565e-30,9.025415366166118e-31,1.049464735405953e-30,1.3326876812415772e-30,3.4764678571675274e-30,5.428474129190092e-30,0.7282773642294553,1.0,6.067812154381982e-31,2.6601540052813477e-31,3.664860817343337e-31,3.7241346797683184e-31,6.9665249499156655e-31,2.1195948790955505e-31,1.599979654084009e-31,2.6803061139870215e-30,0.23362643173837092,0.419,nan,AMPLITUDE_LOSS
MO_m0-384k_s1236,MO,1236,384k,MO-ADAM,384000,0.419,W1,0.8071581591606497,4.899984581743118e-31,2.147693643554052e-31,2.95983735981208e-31,3.0071659292910287e-31,5.621906390078294e-31,1.7111879726910744e-31,1.2916817392776872e-31,2.163945761644734e-30,1.0007515585109244e-30,1.1631942031338093e-30,1.4773410070911183e-30,3.8532559513869824e-30,6.017201713031716e-30,0.8071581591606496,1.0,6.070662268765921e-31,2.660808937107692e-31,3.6669856164124806e-31,3.725621670501514e-31,6.965061712223073e-31,2.1200157035772427e-31,1.6002833207074115e-31,2.680943922929534e-30,0.1422637726869715,0.419,nan,AMPLITUDE_LOSS
MO_m0-384k_s1236,MO,1236,384k,MO-ADAM,384000,0.419,W2,0.3609347081954358,2.179121190666888e-31,9.573155009808739e-32,1.3126044141918329e-31,1.3368921199446175e-31,2.5218704189439854e-31,7.628396194821938e-32,5.762826372621318e-32,9.646925901472526e-31,4.449041105839598e-31,5.197884795632928e-31,6.589878661064841e-31,1.7214005809608573e-30,2.68609317110811e-30,0.36093470819543577,1.0,6.037438742208634e-31,2.652323202074866e-31,3.6366810516906456e-31,3.703972185519847e-31,6.987054338865266e-31,2.113511397383095e-31,1.5966395699193662e-31,2.672762048766172e-30,0.4158033372575003,0.419,nan,AMPLITUDE_LOSS
MO_m0-384k_s1236,MO,1236,384k,MO-ADAM,384000,0.419,W3,0.15228916776773083,9.067995368526487e-32,4.02917704113944e-32,5.565943187425035e-32,5.6757330662669e-32,1.0600381512633226e-31,3.232903154458601e-32,2.4192771759073683e-32,4.059141050635705e-31,1.8663115597090966e-31,2.1928294909266087e-31,2.76535972444921e-31,7.2755656435437294e-31,1.1334706694179434e-30,0.15228916776773083,1.0,5.954458548461477e-31,2.6457410597217854e-31,3.6548516673977222e-31,3.7269446996541756e-31,6.960693047322159e-31,2.1228713780807942e-31,1.5886075230230493e-31,2.6654167923661163e-30,0.6819997992300929,0.419,nan,AMPLITUDE_LOSS
MO_m0-384k_s1236,MO,1236,384k,MO-ADAM,384000,0.419,W4,0.23744476614418356,1.4371986414719543e-31,6.305346108618005e-32,8.667148546991178e-32,8.783699935613693e-32,1.6546320586803333e-31,5.038395495256686e-32,3.801196305006483e-32,6.3514093393008915e-31,2.9344481070328715e-31,3.416961232268021e-31,4.338665185352054e-31,1.1306968836639428e-30,1.765837817594032e-30,0.23744476614418356,1.0,6.052770355019091e-31,2.6555001447322723e-31,3.6501746017548504e-31,3.699260286192194e-31,6.9684924437357035e-31,2.1219231643106525e-31,1.6008760128653613e-31,2.6748997008610122e-30,0.8320567678965936,0.419,nan,AMPLITUDE_LOSS
MO_m0-384k_s1236,MO,1236,384k,MO-ADAM,384000,0.419,PRE,0.7565028820525167,4.591171368164098e-31,2.0126823967911692e-31,2.7726279711059578e-31,2.817370483519455e-31,5.270201597424136e-31,1.6035021832230787e-31,1.2104876106280283e-31,2.0278043610855932e-30,9.376481736061236e-31,1.0901561874794694e-30,1.3844488547322232e-30,3.611235930024809e-30,5.639040291110402e-30,0.7565028820525166,1.0,6.06894101408775e-31,2.660508564528438e-31,3.6650593631360183e-31,3.7242032388237027e-31,6.966532081312376e-31,2.1196246851995015e-31,1.6001097145113032e-31,2.680497866159909e-30,0.18944879141839566,0.419,nan,AMPLITUDE_LOSS
MO_m0-384k_s1236,MO,1236,384k,MO-ADAM,384000,0.419,POST,0.18222967044263957,1.0892142994127368e-31,4.795699352361583e-32,6.64940617669117e-32,6.776444585410826e-32,1.2694031761959495e-31,3.8581685741024483e-32,2.896603021529221e-32,4.856249646618212e-31,2.2337248523180112e-31,2.622524794300201e-31,3.313218395430725e-31,8.692598746203836e-31,1.3548848392822047e-30,0.18222967044263952,1.0,5.977151233204842e-31,2.631678661719972e-31,3.6489152181088807e-31,3.7186285685260294e-31,6.965952213558532e-31,2.1172010928466633e-31,1.5895342479044755e-31,2.664906123586939e-30,0.6451084749321564,0.419,nan,AMPLITUDE_LOSS
MO_m0-512k_s1234,MO,1234,512k,MO-ADAM,512000,0.39625,FULL,0.7532663490521936,4.552736394457009e-31,1.9686169779901635e-31,2.7661473449582668e-31,2.7995230014732446e-31,5.257547887611365e-31,1.60129301701011e-31,1.199505848060764e-31,2.0145370471560883e-30,9.287500717405399e-31,1.085786975415549e-30,1.377593747508736e-30,3.594584621126403e-30,5.609121668282491e-30,0.7532663490521936,1.0,6.043992805712746e-31,2.613440757664528e-31,3.6722035285908938e-31,3.7165114371507153e-31,6.979666480822778e-31,2.125799219658432e-31,1.5924059923426154e-31,2.6744020221942702e-30,0.2433916695094861,0.39625,nan,AMPLITUDE_LOSS
MO_m0-512k_s1234,MO,1234,512k,MO-ADAM,512000,0.39625,W1,0.8354017158257484,5.048175025400641e-31,2.1785603176378674e-31,3.0684922896886935e-31,3.105663640941681e-31,5.8319796613799675e-31,1.7766651121732264e-31,1.3300385780535229e-31,2.233957462527559e-30,1.0295227632727203e-30,1.2044346992548387e-30,1.5278685554522808e-30,3.9864544637748716e-30,6.220411926302431e-30,0.8354017158257484,1.0,6.042811416075189e-31,2.607799668551652e-31,3.6730739613763597e-31,3.7175691432138197e-31,6.981048220155207e-31,2.126719491373188e-31,1.5920946208960688e-31,2.6741116521641486e-30,0.1394004781104168,0.39625,nan,AMPLITUDE_LOSS
MO_m0-512k_s1234,MO,1234,512k,MO-ADAM,512000,0.39625,W2,0.38307138270802166,2.321711578709532e-31,1.029836502485689e-31,1.4025072509490993e-31,1.4181906300502588e-31,2.667092515101674e-31,8.098625988303967e-32,6.115444922239731e-32,1.0260745568350627e-30,4.7540553321443225e-31,5.506690236206304e-31,7.002855836984283e-31,1.8285516236396916e-30,2.8546261804747542e-30,0.3830713827080216,1.0,6.060780532069013e-31,2.688367100683773e-31,3.661216457973053e-31,3.70215759795143e-31,6.9623903937886806e-31,2.114129729830739e-31,1.596424373705032e-31,2.6785466186001722e-30,0.42545126766257885,0.39625,nan,AMPLITUDE_LOSS
MO_m0-512k_s1234,MO,1234,512k,MO-ADAM,512000,0.39625,W3,0.08303421594252249,5.015957993401009e-32,2.181252132691664e-32,3.042857577088997e-32,3.0855833649223175e-32,5.784845703531705e-32,1.756133845907697e-32,1.324244734675064e-32,2.2190875352218454e-31,1.0240067703181674e-31,1.1950807649036778e-31,1.516790600869677e-31,3.9594767478581e-31,6.178564283079945e-31,0.08303421594252247,1.0,6.04083260914168e-31,2.626931690667812e-31,3.6645827777735717e-31,3.716038418497513e-31,6.966821614280144e-31,2.1149520423283293e-31,1.5948181356848433e-31,2.6724977288373897e-30,0.7625475550951905,0.39625,nan,AMPLITUDE_LOSS
MO_m0-512k_s1234,MO,1234,512k,MO-ADAM,512000,0.39625,W4,0.25082210281009126,1.5058650903424508e-31,6.583986290052629e-32,9.161657703187101e-32,9.34434686619323e-32,1.741185215502378e-31,5.300084178681287e-32,4.002246109609133e-32,6.686282420617168e-31,3.080429489666424e-31,3.6058529309507437e-31,4.5634406871244525e-31,1.1971515138271501e-30,1.865779755888867e-30,0.2508221028100912,1.0,6.003717668704054e-31,2.6249625596344084e-31,3.65265166049732e-31,3.725487810485448e-31,6.941912997279617e-31,2.113084979075474e-31,1.5956512862183473e-31,2.6657468961894672e-30,1.0138216967240237,0.39625,nan,AMPLITUDE_LOSS
MO_m0-512k_s1234,MO,1234,512k,MO-ADAM,512000,0.39625,PRE,0.7912397135490322,4.7819006926057705e-31,2.067724883945536e-31,2.905607141417743e-31,2.940594837289379e-31,5.522733289005906e-31,1.6821336537454142e-31,1.2600206513769248e-31,2.1160715149386662e-30,9.755232717969038e-31,1.1405482431417626e-30,1.4470261774406322e-30,3.775833902761968e-30,5.891905417700635e-30,0.7912397135490321,1.0,6.0435549565086625e-31,2.613272373135758e-31,3.672221062293378e-31,3.7164398941751963e-31,6.979848451026539e-31,2.125946947481133e-31,1.5924638637325412e-31,2.6743747548353206e-30,0.17676137744281495,0.39625,nan,AMPLITUDE_LOSS
MO_m0-512k_s1234,MO,1234,512k,MO-ADAM,512000,0.39625,POST,0.13575140846856146,8.261143310629994e-32,3.5694486338217633e-32,4.982811954721284e-32,5.054422038848122e-32,9.451581492875707e-32,2.8667942793769243e-32,2.1542672656705645e-32,3.634046897594436e-31,1.6813403899173037e-31,1.9527065076771327e-31,2.4849804023897555e-31,6.4714657177130225e-31,1.0105512615307458e-30,0.13575140846856143,1.0,6.0854936267885365e-31,2.62940080997274e-31,3.6705416252644336e-31,3.7232925211370235e-31,6.962418732520622e-31,2.111797079468865e-31,1.586920747249169e-31,2.676986514240139e-30,0.7172775362597148,0.39625,nan,AMPLITUDE_LOSS
MO_m0-512k_s1235,MO,1235,512k,MO-ADAM,512000,0.36975,FULL,0.6558983509756737,3.953889642416537e-31,1.721690886653076e-31,2.396884088046523e-31,2.4354672368484545e-31,4.573033506478522e-31,1.3851641648082095e-31,1.0427207485558985e-31,1.7508850273807242e-30,8.07246461711615e-31,9.436385656691097e-31,1.1966527985497507e-30,3.1285082782734184e-30,4.879393305654143e-30,0.6558983509756735,1.0,6.0282048834777695e-31,2.6249355316902565e-31,3.6543529717388297e-31,3.7131778624319224e-31,6.972168019138957e-31,2.1118579773035468e-31,1.5897596738958424e-31,2.669445691967712e-30,0.3026460837510295,0.36975,nan,AMPLITUDE_LOSS
MO_m0-512k_s1235,MO,1235,512k,MO-ADAM,512000,0.36975,W1,0.7355251500650135,4.434760755238336e-31,1.9292172689505013e-31,2.689650288875633e-31,2.7319823351847226e-31,5.128081444687069e-31,1.5521137297272844e-31,1.168979551078432e-31,1.9634785373741998e-30,9.053628313064472e-31,1.058115706067752e-30,1.342147203987948e-30,3.5091674279703026e-30,5.472645965344503e-30,0.7355251500650134,1.0,6.029380171223716e-31,2.622911356300979e-31,3.6567754190837677e-31,3.7143289185193045e-31,6.972000133827938e-31,2.110211635305869e-31,1.589312820880576e-31,2.6694920455142156e-30,0.2091784570914884,0.36975,nan,AMPLITUDE_LOSS
MO_m0-512k_s1235,MO,1235,512k,MO-ADAM,512000,0.36975,W2,0.27131807056561663,1.631806037606489e-31,7.206183463882176e-32,9.806745277645955e-32,1.002817659361466e-31,1.892017615495291e-31,5.800358099148851e-32,4.333727294492444e-32,7.241342725980191e-31,3.3330989117593036e-31,3.908243814220887e-31,4.937870910315622e-31,1.2887429539381768e-30,2.012877226536196e-30,0.27131807056561663,1.0,6.014365479618308e-31,2.6559909735682016e-31,3.614482904585688e-31,3.6960960885166683e-31,6.973430157272614e-31,2.137844371020642e-31,1.597286640531507e-31,2.668949661511363e-30,0.4994112662789827,0.36975,nan,AMPLITUDE_LOSS
MO_m0-512k_s1235,MO,1235,512k,MO-ADAM,512000,0.36975,W3,0.0925179357459829,5.49816503251015e-32,2.474794978179625e-32,3.369502906999277e-32,3.430753110752232e-32,6.462609988187081e-32,1.9716749814961953e-32,1.469831279758512e-32,2.467733227788307e-31,1.134246291768905e-31,1.333486936019402e-31,1.6800109207455008e-31,4.414433780049277e-31,6.882167007837585e-31,0.0925179357459829,1.0,5.942809886729306e-31,2.6749353606142045e-31,3.641999661828357e-31,3.708203261442954e-31,6.985250952778284e-31,2.131127295046464e-31,1.5886987403113665e-31,2.6673025158750934e-30,0.8071200504690663,0.36975,nan,AMPLITUDE_LOSS
MO_m0-512k_s1235,MO,1235,512k,MO-ADAM,512000,0.36975,W4,0.501181333701019,3.0162482599104777e-31,1.3125999484864644e-31,1.8334335666341089e-31,1.845082967895223e-31,3.5008272971683628e-31,1.061039989273809e-31,7.966695025525896e-32,1.336590153192104e-30,6.162281775031056e-31,7.203619756889984e-31,9.147178626265543e-31,2.3939875632511535e-30,3.7305777164432576e-30,0.501181333701019,1.0,6.018277332151863e-31,2.6190120425943515e-31,3.658223966752621e-31,3.681467851705572e-31,6.985151005757116e-31,2.1170780273049342e-31,1.5895833483452233e-31,2.666879357461168e-30,1.1293028951309263,0.36975,nan,AMPLITUDE_LOSS
MO_m0-512k_s1235,MO,1235,512k,MO-ADAM,512000,0.36975,PRE,0.6925134544117421,4.174643377913905e-31,1.8174790433365664e-31,2.5309426718355435e-31,2.571535020589298e-31,4.828406632129015e-31,1.4622950732708742e-31,1.1009053880006335e-31,1.8486207207075847e-30,8.523065093086015e-31,9.96314211398983e-31,1.2634898069879106e-30,3.3031174364687595e-30,5.151738157176344e-30,0.6925134544117418,1.0,6.0282487673255015e-31,2.6244674840006292e-31,3.6547198552055134e-31,3.7133358264839815e-31,6.972292886685556e-31,2.111576409028802e-31,1.589724186565882e-31,2.6694365415295864e-30,0.2453095651424175,0.36975,nan,AMPLITUDE_LOSS
MO_m0-512k_s1235,MO,1235,512k,MO-ADAM,512000,0.36975,POST,0.16995904746335722,1.024144635342165e-31,4.50433242255649e-32,6.177184235269872e-32,6.296363677116142e-32,1.1838354114618077e-31,3.6151718800632177e-32,2.705201943158208e-32,4.537805462620372e-31,2.092296301124806e-31,2.445509161495566e-31,3.0962186646467844e-31,8.111734967817342e-31,1.2649540430437713e-30,0.16995904746335722,1.0,6.025831814354997e-31,2.6502457443624025e-31,3.634513329807675e-31,3.704635776141094e-31,6.96541566412956e-31,2.1270841029175835e-31,1.5916786917398105e-31,2.669940512345312e-30,0.7131329358453095,0.36975,nan,AMPLITUDE_LOSS
MO_m0-512k_s1236,MO,1236,512k,MO-ADAM,512000,0.34625,FULL,0.6888076156556063,4.122386057911367e-31,1.8183415993502615e-31,2.5127504611563287e-31,2.560801308609951e-31,4.806983291870903e-31,1.4620135665757952e-31,1.0976457503842054e-31,1.838092203585878e-30,8.453478118417942e-31,9.927443917440839e-31,1.253976556132278e-30,3.287317438032623e-30,5.125409641618501e-30,0.6888076156556062,1.0,5.984814865886303e-31,2.6398395691655805e-31,3.647971369719387e-31,3.717730829924963e-31,6.978702300344968e-31,2.1225281680201175e-31,1.5935447364928808e-31,2.6685131839554197e-30,0.27168135054096243,0.34625,nan,AMPLITUDE_LOSS
MO_m0-512k_s1236,MO,1236,512k,MO-ADAM,512000,0.34625,W1,0.778955466097042,4.661593102193114e-31,2.0557714523824343e-31,2.839383697804178e-31,2.8966275181647577e-31,5.435889622094496e-31,1.653741623733911e-31,1.2411332483031805e-31,2.0784140264676064e-30,9.556748252379727e-31,1.1227392012296336e-30,1.4177999670394966e-30,3.717737835479926e-30,5.7961518619475325e-30,0.778955466097042,1.0,5.984415419215217e-31,2.6391386181329206e-31,3.645116853766902e-31,3.718604778111787e-31,6.978434401816352e-31,2.1230246088649782e-31,1.5933301739595988e-31,2.6682064853867756e-30,0.16614086666225564,0.34625,nan,AMPLITUDE_LOSS
MO_m0-512k_s1236,MO,1236,512k,MO-ADAM,512000,0.34625,W2,0.2618263805439034,1.5672888926368855e-31,6.947364782848176e-32,9.68729551934457e-32,9.693211975486218e-32,1.8286218092581244e-31,5.53481723084511e-32,4.184084443700669e-32,7.00058809711749e-31,3.230754922856162e-31,3.7698331742613266e-31,4.783048698199537e-31,1.2482239109629932e-30,1.9482827206747423e-30,0.2618263805439034,1.0,5.985985405218091e-31,2.653424291477467e-31,3.699892844724313e-31,3.7021525315172887e-31,6.984100706198689e-31,2.1139264956217807e-31,1.5980377664805481e-31,2.673752004123818e-30,0.5044822440734972,0.34625,nan,AMPLITUDE_LOSS
MO_m0-512k_s1236,MO,1236,512k,MO-ADAM,512000,0.34625,W3,0.07901491583404091,4.822729413298424e-32,2.0752651620859853e-32,2.886877767960744e-32,2.9303122559491307e-32,5.510506811826032e-32,1.6708129027764815e-32,1.2519104517572204e-32,2.114841476565402e-31,9.784872343345151e-32,1.1363542422308874e-31,1.4472024444842426e-31,3.780754776990662e-31,5.895596253556064e-31,0.07901491583404091,1.0,6.103568373631941e-31,2.62642203713128e-31,3.653585829318864e-31,3.70855581508663e-31,6.974008329515962e-31,2.1145537967613284e-31,1.5843976273880619e-31,2.6765091808834065e-30,0.7465670964843054,0.34625,nan,AMPLITUDE_LOSS
MO_m0-512k_s1236,MO,1236,512k,MO-ADAM,512000,0.34625,W4,0.08014431071018753,4.775157081196832e-32,2.1128600234131392e-32,2.925416693954088e-32,2.986046868009127e-32,5.572508974844976e-32,1.6964173109462518e-32,1.2709048859840503e-32,2.1339311838348467e-31,9.813433798564054e-32,1.1525878039784408e-31,1.4543987635979943e-31,3.818518607811742e-31,5.9524497916465885e-31,0.08014431071018753,1.0,5.958198453367995e-31,2.6363194151778587e-31,3.650186355127297e-31,3.725837606623224e-31,6.953093645032292e-31,2.1167033516336844e-31,1.5857705615309524e-31,2.6626109388493308e-30,0.7960913947365824,0.34625,nan,AMPLITUDE_LOSS
MO_m0-512k_s1236,MO,1236,512k,MO-ADAM,512000,0.34625,PRE,0.7376132481676929,4.413139007020971e-31,1.9467882122955797e-31,2.6904927564886623e-31,2.7424412129755976e-31,5.1477012480785716e-31,1.565625542964235e-31,1.1754619975040618e-31,1.9681649977327667e-30,9.05041997580521e-31,1.063123000152246e-30,1.3426795009092261e-30,3.520076514593958e-30,5.488241512326725e-30,0.7376132481676928,1.0,5.982998567316498e-31,2.639307546511128e-31,3.6475656628621097e-31,3.71799343326344e-31,6.978862243683929e-31,2.122556159143577e-31,1.5936020677828505e-31,2.668288568056353e-30,0.2068810542314143,0.34625,nan,AMPLITUDE_LOSS
MO_m0-512k_s1236,MO,1236,512k,MO-ADAM,512000,0.34625,POST,0.1482344315145314,9.019944881542724e-32,3.9566165488296654e-32,5.44069520067247e-32,5.489502902730468e-32,1.0331772575857e-31,3.144030735127682e-32,2.3574981095402152e-32,3.97400609543002e-31,1.841725663104485e-31,2.1322804323255353e-31,2.7149910767612382e-31,7.092683752868929e-31,1.106668984829895e-30,0.1482344315145314,1.0,6.084918860877834e-31,2.669161616774436e-31,3.6703316126247728e-31,3.7032576349795925e-31,6.969887137755958e-31,2.1209854572953865e-31,1.590384963502297e-31,2.6808927283810274e-30,0.6459796458810466,0.34625,nan,AMPLITUDE_LOSS
MO_m0-640k_s1234,MO,1234,640k,MO-ADAM,640000,0.37025,FULL,0.6979322039720147,4.2150657299112716e-31,1.8312137288714941e-31,2.556926299422224e-31,2.5917654021102764e-31,4.8578042439440454e-31,1.4782325191689767e-31,1.1083302959750813e-31,1.8639338219403346e-30,8.603205758204983e-31,1.0036132461198365e-30,1.2738126569252602e-30,3.3346565582278036e-30,5.198590380168138e-30,0.6979322039720147,1.0,6.039362714491227e-31,2.6237702150005953e-31,3.663574033223349e-31,3.7134916362366336e-31,6.96028097900869e-31,2.118017352912187e-31,1.588019996308298e-31,2.6706516927180976e-30,0.27068938738004455,0.37025,nan,AMPLITUDE_LOSS
MO_m0-640k_s1234,MO,1234,640k,MO-ADAM,640000,0.37025,W1,0.7793830626376967,4.716695047929546e-31,2.041998982775039e-31,2.8574222241301925e-31,2.894636710859439e-31,5.423434641947206e-31,1.6503333169637232e-31,1.2379574063514845e-31,2.082247833095665e-30,9.616116254834788e-31,1.1206362076121862e-30,1.4235509320358443e-30,3.723497004979117e-30,5.8057448380747825e-30,0.7793830626376965,1.0,6.051831601224006e-31,2.6200197061817384e-31,3.666261638352404e-31,3.714010285344174e-31,6.958625228000818e-31,2.1174867611036304e-31,1.5883812026422759e-31,2.6716616422849045e-30,0.1658066229850766,0.37025,nan,AMPLITUDE_LOSS
MO_m0-640k_s1234,MO,1234,640k,MO-ADAM,640000,0.37025,W2,0.3256177464587184,1.9099372886990796e-31,8.724649993369576e-32,1.1804856291267895e-31,1.2070847469979665e-31,2.274456910574189e-31,6.92238433317089e-32,5.152171884478204e-32,8.651885196499895e-31,3.962887917162829e-31,4.6889972793370655e-31,5.880097016847882e-31,1.5579827972942423e-30,2.4231713169442318e-30,0.3256177464587184,1.0,5.865581066974246e-31,2.679414770311258e-31,3.625372517208452e-31,3.7070606873418587e-31,6.985052059693376e-31,2.1259235433129243e-31,1.5822761322167034e-31,2.657068077705882e-30,0.4776126060916309,0.37025,nan,AMPLITUDE_LOSS
MO_m0-640k_s1234,MO,1234,640k,MO-ADAM,640000,0.37025,W3,0.08964293963996714,5.235063980496906e-32,2.3449764861781658e-32,3.2581034006965077e-32,3.3071302739849103e-32,6.230027534155615e-32,1.8953915156769305e-32,1.431948696497857e-32,2.3702641887686907e-31,1.0838143867371592e-31,1.2864498020315317e-31,1.6155143611846903e-31,4.2715584231444565e-31,6.641822611913147e-31,0.08964293963996714,1.0,5.839906635728931e-31,2.615907617037439e-31,3.6345343133346955e-31,3.689225595755047e-31,6.949825116375355e-31,2.114379027829063e-31,1.5973914981469743e-31,2.6441169804207506e-30,0.810018421154118,0.37025,nan,AMPLITUDE_LOSS
MO_m0-640k_s1234,MO,1234,640k,MO-ADAM,640000,0.37025,W4,0.04299252691256771,2.593585399243467e-32,1.1246066347668973e-32,1.5806122554907466e-32,1.594994889897689e-32,3.005363831890576e-32,9.195765929883226e-33,6.790396150656632e-33,1.1497779219343365e-31,5.298804289501117e-32,6.198974929842252e-32,7.85860110169046e-32,2.050788564732474e-31,3.2005664866668105e-31,0.042992526912567705,1.0,6.032642381123465e-31,2.6158188772061953e-31,3.6764814003726287e-31,3.7099352013929533e-31,6.990433100158259e-31,2.138921945338155e-31,1.5794363900651882e-31,2.6743669295656838e-30,0.9007309127563092,0.37025,nan,AMPLITUDE_LOSS
MO_m0-640k_s1234,MO,1234,640k,MO-ADAM,640000,0.37025,PRE,0.7402858685381325,4.470999690067172e-31,1.9421627387216558e-31,2.712269470154299e-31,2.749125132436712e-31,5.1526965831977295e-31,1.5680236497163522e-31,1.1755387604531527e-31,1.9770816024747096e-30,9.12543189894314e-31,1.0645384125803956e-30,1.3511504503872372e-30,3.537107847579721e-30,5.514189450054431e-30,0.7402858685381325,1.0,6.0395583383162744e-31,2.6235307484079242e-31,3.6638136501380353e-31,3.7135993665062223e-31,6.960414621142154e-31,2.1181326246478024e-31,1.5879524524418233e-31,2.670700180160024e-30,0.20358943355592066,0.37025,nan,AMPLITUDE_LOSS
MO_m0-640k_s1234,MO,1234,640k,MO-ADAM,640000,0.37025,POST,0.13314994883876557,8.022097075856951e-32,3.517187989781354e-32,4.85439282079282e-32,4.933877464487587e-32,9.254417886193947e-32,2.808759805784584e-32,2.1211155030522232e-32,3.551184854594947e-31,1.6393677886431125e-31,1.9118170659518352e-31,2.4252023285895946e-31,6.349870744617974e-31,9.90105559921292e-31,0.13314994883876557,1.0,6.024859300224815e-31,2.6415241015529e-31,3.6458090019028873e-31,3.7055045890120026e-31,6.950372844228672e-31,2.1094711866436884e-31,1.593027651569536e-31,2.6670568675134497e-30,0.70543890070113,0.37025,nan,AMPLITUDE_LOSS
MO_m0-640k_s1235,MO,1235,640k,MO-ADAM,640000,0.3215,FULL,0.6676569123095656,4.050479960941006e-31,1.764051279467158e-31,2.451300614607702e-31,2.476463992197073e-31,4.66737916528481e-31,1.4228634410259066e-31,1.067193076670895e-31,1.7899731530194563e-30,8.265831855015874e-31,9.633899675178692e-31,1.2236352817504436e-30,3.18712312298483e-30,4.9770962760042864e-30,0.6676569123095656,1.0,6.066708643709729e-31,2.642152349422897e-31,3.671497395463411e-31,3.7091864796703005e-31,6.990685004876785e-31,2.131129648765141e-31,1.598415379209136e-31,2.6809774901117394e-30,0.30453220164523753,0.3215,nan,AMPLITUDE_LOSS
MO_m0-640k_s1235,MO,1235,640k,MO-ADAM,640000,0.3215,W1,0.7644364620951325,4.6383074866912114e-31,2.0204883793970062e-31,2.8069427672814033e-31,2.834663554709543e-31,5.345321347767488e-31,1.6291020236889589e-31,1.2223098921156112e-31,2.049713545165122e-30,9.46573863336962e-31,1.1031396818281603e-30,1.4012881493855718e-30,3.649272365381464e-30,5.6989859105465855e-30,0.7644364620951325,1.0,6.067616756504198e-31,2.643108328270144e-31,3.6719111482310282e-31,3.708174184863478e-31,6.992499197536033e-31,2.1311150167065427e-31,1.5989685902286238e-31,2.6813393222340047e-30,0.17475134303342232,0.3215,nan,AMPLITUDE_LOSS
MO_m0-640k_s1235,MO,1235,640k,MO-ADAM,640000,0.3215,W2,0.20641785132805845,1.2484849496306996e-31,5.409235792986463e-32,7.558538285389468e-32,7.704337968920021e-32,1.4344594621520623e-31,4.4003400572308123e-32,3.2739374407920123e-32,5.517583366314644e-31,2.5452623574682925e-31,2.972321008846351e-31,3.766191984400914e-31,9.843829339484881e-31,1.5361412705799526e-30,0.20641785132805843,1.0,6.04833807540458e-31,2.6205271289204543e-31,3.66176580017624e-31,3.7323990727311523e-31,6.949299457013966e-31,2.1317633280841496e-31,1.5860728225432256e-31,2.673016568487377e-30,0.5754875856876369,0.3215,nan,AMPLITUDE_LOSS
MO_m0-640k_s1235,MO,1235,640k,MO-ADAM,640000,0.3215,W3,0.02663449597366151,1.5927048920927684e-32,7.016922107411958e-33,9.821827055190778e-33,9.87107538033726e-33,1.8638107668051068e-32,5.640389413196696e-33,4.22565370931494e-33,7.114102425443044e-32,3.276579808353045e-32,3.837522617089998e-32,4.8612637353484495e-32,1.2695675469998614e-31,1.9809777895441657e-31,0.026634495973661507,1.0,5.979857451283374e-31,2.634524082734999e-31,3.6876339108888976e-31,3.706124339690393e-31,6.997732446854651e-31,2.117700826317271e-31,1.5865341373434007e-31,2.6710107195112985e-30,0.8745398713517828,0.3215,nan,AMPLITUDE_LOSS
MO_m0-640k_s1235,MO,1235,640k,MO-ADAM,640000,0.3215,W4,0.027662496282717924,1.6568712486167913e-32,7.322893596912503e-33,1.0112124370175226e-32,1.0207599229465953e-32,1.9265400463414883e-32,5.901072667201001e-33,4.429881189065475e-33,7.380768400240297e-32,3.4003730453255627e-32,3.9803953549147333e-32,5.03761185088235e-32,1.3213817063274116e-31,2.0594585463514415e-31,0.027662496282717924,1.0,5.98959411212616e-31,2.6472280455352368e-31,3.6555357357581457e-31,3.6900499236011186e-31,6.964447556184918e-31,2.1332393891319517e-31,1.6014032659203773e-31,2.668149802825791e-30,0.937697354245175,0.3215,nan,AMPLITUDE_LOSS
MO_m0-640k_s1235,MO,1235,640k,MO-ADAM,640000,0.3215,PRE,0.7297265414892619,4.426659179034895e-31,1.9286219784734936e-31,2.678984145861045e-31,2.706573132918889e-31,5.101456785748444e-31,1.5551760562821756e-31,1.1664656904326462e-31,1.9563936968751588e-30,9.034265303369437e-31,1.0529671665382155e-30,1.3373565801077035e-30,3.483381056671142e-30,5.439774753546301e-30,0.7297265414892619,1.0,6.066189082283831e-31,2.6429379621268442e-31,3.6712165359829806e-31,3.709023831578306e-31,6.9909157687168e-31,2.1311764994984254e-31,1.5984970041682547e-31,2.680995668435544e-30,0.21055107096702702,0.3215,nan,AMPLITUDE_LOSS
MO_m0-640k_s1235,MO,1235,640k,MO-ADAM,640000,0.3215,POST,0.10196881270583036,6.220704504237352e-32,2.6419237581826953e-32,3.7624610231325973e-32,3.7930304187915345e-32,7.112971418254599e-32,2.1699717652432216e-32,1.6244566696749807e-32,2.732551955751694e-31,1.2625089285552635e-31,1.470043027196431e-31,1.8720593615299508e-31,4.8709752730493455e-31,7.60352722880104e-31,0.10196881270583036,1.0,6.100595210599763e-31,2.5909135235342582e-31,3.6898154673889194e-31,3.7197946294952065e-31,6.975634244928146e-31,2.1280739744448735e-31,1.5930916782971324e-31,2.67979187286883e-30,0.7306983319022956,0.3215,nan,AMPLITUDE_LOSS
MO_m0-640k_s1236,MO,1236,640k,MO-ADAM,640000,0.296,FULL,0.6122331796123983,3.660517871256854e-31,1.5929137781309617e-31,2.2423701141437897e-31,2.2830427975837324e-31,4.274913338490919e-31,1.29620659821492e-31,9.761319875173843e-32,1.632609648533857e-30,7.495801763531618e-31,8.83029472180695e-31,1.1153933311408964e-30,2.926070009808422e-30,4.558679658342279e-30,0.6122331796123982,1.0,5.978960293485384e-31,2.6018089694835247e-31,3.6626079552947637e-31,3.7290412764448507e-31,6.982492097532712e-31,2.117177966466188e-31,1.5943794293137874e-31,2.6666467988021212e-30,0.32978730514474675,0.296,nan,AMPLITUDE_LOSS
MO_m0-640k_s1236,MO,1236,640k,MO-ADAM,640000,0.296,W1,0.7010147385796237,4.188735510815528e-31,1.8228850849981062e-31,2.5677943584855226e-31,2.615345485443609e-31,4.894615213081936e-31,1.483963389764253e-31,1.1180196310251921e-31,1.8691358673614146e-30,8.579414954299153e-31,1.011194371931499e-30,1.276916471340818e-30,3.350603483468977e-30,5.2197393508303914e-30,0.7010147385796236,1.0,5.975245997398869e-31,2.600352010703204e-31,3.6629677197490976e-31,3.7307995702668648e-31,6.982185885277194e-31,2.116879015655234e-31,1.5948589515970659e-31,2.6663289150647534e-30,0.2247599136815402,0.296,nan,AMPLITUDE_LOSS
MO_m0-640k_s1236,MO,1236,640k,MO-ADAM,640000,0.296,W2,0.18222978645041193,1.1048895165805154e-31,4.796832347480591e-32,6.661141762226269e-32,6.722871150634783e-32,1.2737364110595872e-31,3.870481763422612e-32,2.883697173509521e-32,4.8721283473674775e-31,2.250686927551201e-31,2.6214414198162766e-31,3.33310982121368e-31,8.698608811533406e-31,1.3570737158900884e-30,0.18222978645041193,1.0,6.0631663906447985e-31,2.6322987261941944e-31,3.6553528882276776e-31,3.6892273659466735e-31,6.989726739356045e-31,2.123956702586511e-31,1.5824510524212407e-31,2.6736179865377144e-30,0.5889959684163013,0.296,nan,AMPLITUDE_LOSS
MO_m0-640k_s1236,MO,1236,640k,MO-ADAM,640000,0.296,W3,0.05495404765710473,3.3050991628852386e-32,1.4655735007936618e-32,1.9982716058235157e-32,2.034144950510834e-32,3.837824245894478e-32,1.1660031469148514e-32,8.795149544952338e-33,1.4686431567317821e-31,6.768944269502413e-32,7.917487297815406e-32,1.0020709969098473e-31,2.6145686612713826e-31,4.083211818003165e-31,0.05495404765710473,1.0,6.0142961324850504e-31,2.6669072857714896e-31,3.6362591856601265e-31,3.7015379889816925e-31,6.983697124261452e-31,2.121778461507201e-31,1.6004552748927976e-31,2.6724931453559815e-30,0.805034906177599,0.296,nan,AMPLITUDE_LOSS
MO_m0-640k_s1236,MO,1236,640k,MO-ADAM,640000,0.296,W4,0.07017071341484939,4.3011623284746107e-32,1.8544767362275737e-32,2.579402518978487e-32,2.5979759108478507e-32,4.8965574401742525e-32,1.4885050225915877e-32,1.1337097150155968e-32,1.8851789672309971e-31,8.73504158368068e-32,1.011674808862929e-31,1.2910832002642957e-31,3.340191545316614e-31,5.2253705125476115e-31,0.07017071341484936,1.0,6.1295690454878785e-31,2.642807299483908e-31,3.675896101738424e-31,3.7023649674025928e-31,6.978064212096286e-31,2.1212624899387055e-31,1.6156451314854143e-31,2.6865609247633208e-30,0.9395695653276459,0.296,nan,AMPLITUDE_LOSS
MO_m0-640k_s1236,MO,1236,640k,MO-ADAM,640000,0.296,PRE,0.6784491009459238,4.055560407840342e-31,1.7644493078836935e-31,2.4851374041095753e-31,2.530510050189486e-31,4.737277776411245e-31,1.4362464124305557e-31,1.0818170066591356e-31,1.8090998365524028e-30,8.30514711983361e-31,9.785851245690422e-31,1.2359792595020294e-30,3.242682550843375e-30,5.0517823873957775e-30,0.6784491009459238,1.0,5.977692950268332e-31,2.600709921235981e-31,3.662968085070319e-31,3.729845093259515e-31,6.98251021308204e-31,2.1169552888021723e-31,1.5945440935080005e-31,2.6665225645226358e-30,0.24566225770379643,0.296,nan,AMPLITUDE_LOSS
MO_m0-640k_s1236,MO,1236,640k,MO-ADAM,640000,0.296,POST,0.12190050305956893,7.352053419705247e-32,3.226833904284348e-32,4.4466447672134177e-32,4.505336685758347e-32,8.510782876066834e-32,2.592037815894963e-32,1.9352838911250315e-32,3.2568973360048153e-31,1.5025532091202995e-31,1.754344126884516e-31,2.224476495411051e-31,5.815360737192695e-31,9.072258073197511e-31,0.1219005030595689,1.0,6.031192025608364e-31,2.64710466593193e-31,3.6477657233625027e-31,3.695913119863588e-31,6.981745491163282e-31,2.1263553068589927e-31,1.587593030833774e-31,2.671766936362243e-30,0.6835469400243895,0.296,nan,AMPLITUDE_LOSS
MO_ml-384k_s1234,MO,1234,384k,MO-LBFGS,384000,0.38875,FULL,0.719654650511878,4.32433854200575e-31,1.8858978714600556e-31,2.6266894707210302e-31,2.6838401864376812e-31,5.025540144809456e-31,1.5247407080422576e-31,1.1427598279053308e-31,1.9213806751381552e-30,8.836925884186858e-31,1.0376880867194696e-30,1.311932798544158e-30,3.434785728257856e-30,5.356166403396011e-30,0.7196546505118779,1.0,6.008907937897653e-31,2.620559556057418e-31,3.6499305171622673e-31,3.729344602343231e-31,6.983266405955823e-31,2.118711672269108e-31,1.5879280806321536e-31,2.669864877231765e-30,0.25054678584904655,0.38875,nan,AMPLITUDE_LOSS
MO_ml-384k_s1234,MO,1234,384k,MO-LBFGS,384000,0.38875,W1,0.7995763406049006,4.800573802222662e-31,2.09544123767458e-31,2.918867396799154e-31,2.982092749311225e-31,5.584089366094142e-31,1.6940544923743312e-31,1.2695516892262469e-31,2.1344670733702338e-30,9.814882436696401e-31,1.1529788297005937e-30,1.4573082254342205e-30,3.815783122144566e-30,5.9502501955148e-30,0.7995763406049003,1.0,6.00389676186629e-31,2.6206893966989116e-31,3.6505174660257625e-31,3.72959103198975e-31,6.983810153599124e-31,2.118690119185784e-31,1.5877804591689075e-31,2.669497538853453e-30,0.13754460281942063,0.38875,nan,AMPLITUDE_LOSS
MO_ml-384k_s1234,MO,1234,384k,MO-LBFGS,384000,0.38875,W2,0.3730274564902967,2.2659779791298884e-31,9.770265648461072e-32,1.3586142664925746e-31,1.39001754079208e-31,2.6024104723527297e-31,7.904208500261176e-32,5.930415985062816e-32,9.97750927214579e-31,4.601618810468575e-31,5.375890461677213e-31,6.820044316481478e-31,1.7832273844699645e-30,2.7809783116845435e-30,0.3730274564902967,1.0,6.074560839166634e-31,2.6191813708263124e-31,3.642129400541632e-31,3.7263142876139446e-31,6.976458239396175e-31,2.1189347761769394e-31,1.5898068310735946e-31,2.6747385744795234e-30,0.43213081027463784,0.38875,nan,AMPLITUDE_LOSS
MO_ml-384k_s1234,MO,1234,384k,MO-LBFGS,384000,0.38875,W3,0.026430471728103793,1.5974572447574091e-32,6.857748279844008e-33,9.652029841684986e-33,9.81859361661764e-33,1.838855730928034e-32,5.615014427363245e-33,4.20755557148311e-33,7.051407149384742e-32,3.2484350569103053e-32,3.8029720924744367e-32,4.822271517002252e-32,1.2595323036339661e-31,1.9646730185724402e-31,0.026430471728103793,1.0,6.043998235032671e-31,2.594637110677097e-31,3.651856819271931e-31,3.714876419015034e-31,6.957332240774036e-31,2.1244472989835954e-31,1.5919335889147888e-31,2.667908171266916e-30,0.8589373329731237,0.38875,nan,AMPLITUDE_LOSS
MO_ml-384k_s1234,MO,1234,384k,MO-LBFGS,384000,0.38875,W4,0.028188715922529386,1.6918422820335034e-32,7.379371292001926e-33,1.0333260545664341e-32,1.046868540933036e-32,1.9643699390003977e-32,5.958653141662809e-33,4.496947289733533e-33,7.519903988873199e-32,3.46310546580013e-32,4.056798523073068e-32,5.139233004573689e-32,1.3455055628692095e-31,2.0974959617565295e-31,0.028188715922529386,1.0,6.001842321172648e-31,2.6178458473534356e-31,3.665743616723468e-31,3.7137858418600117e-31,6.9686393108470894e-31,2.113843410972986e-31,1.5953005103504611e-31,2.6677000859280095e-30,0.9405844321367138,0.38875,nan,AMPLITUDE_LOSS
MO_ml-384k_s1234,MO,1234,384k,MO-LBFGS,384000,0.38875,PRE,0.761404624342267,4.575682458753713e-31,1.9953008132920895e-31,2.7791657126738083e-31,2.8397037007715516e-31,5.317025370434368e-31,1.6132619092817556e-31,1.2089909995449691e-31,2.0329130964752248e-30,9.350148984719612e-31,1.0978981980032639e-30,1.3880864541406851e-30,3.634039938126571e-30,5.666953034601796e-30,0.7614046243422667,1.0,6.009528064931815e-31,2.620552528185286e-31,3.650051002874552e-31,3.729559303930691e-31,6.98317977123851e-31,2.118797099079038e-31,1.5878429955548848e-31,2.6699510765794776e-30,0.17309240105725138,0.38875,nan,AMPLITUDE_LOSS
MO_ml-384k_s1234,MO,1234,384k,MO-LBFGS,384000,0.38875,POST,0.09847606466885027,5.847084430736897e-32,2.5814200817794854e-32,3.580658606639348e-32,3.648189144299399e-32,6.88666043201597e-32,2.0767462252885525e-32,1.573368021334749e-32,2.619412694209447e-31,1.200916311915577e-31,1.4184963822938696e-31,1.788777149072702e-31,4.701743296411571e-31,7.321155990621018e-31,0.09847606466885024,1.0,5.937569144745164e-31,2.621368035430883e-31,3.6360699614471814e-31,3.7046455466791224e-31,6.993232777095705e-31,2.1088842575829257e-31,1.5977161827349422e-31,2.6599485905715923e-30,0.7422795254544631,0.38875,nan,AMPLITUDE_LOSS
MO_ml-384k_s1235,MO,1235,384k,MO-LBFGS,384000,0.4935,FULL,0.8132854574663496,4.893365313350699e-31,2.1342209622320193e-31,2.974518707284082e-31,3.0495057723111574e-31,5.662444144628313e-31,1.7263496206207082e-31,1.2956342017618002e-31,2.173603872218879e-30,1.0002104982866798e-30,1.1733933739321994e-30,1.4825962367024902e-30,3.874627650704876e-30,6.048231522923755e-30,0.8132854574663495,1.0,6.016786933083918e-31,2.6241966367882857e-31,3.6574104208756893e-31,3.7496130593695544e-31,6.962431324259361e-31,2.1226859582597937e-31,1.5930866461059438e-31,2.672621097874254e-30,0.18687735266434286,0.4935,nan,AMPLITUDE_LOSS
MO_ml-384k_s1235,MO,1235,384k,MO-LBFGS,384000,0.4935,W1,0.8763298243407742,5.2775190504957116e-31,2.298705216519543e-31,3.2052409578375e-31,3.2879598414244942e-31,6.100338788449807e-31,1.8613502186735969e-31,1.3956385186046093e-31,2.3426752592005276e-30,1.0781465224852764e-30,1.2645287367152514e-30,1.5978737315387645e-30,4.173925494350753e-30,6.51660075355128e-30,0.8763298243407742,1.0,6.02229765997725e-31,2.6231050828936035e-31,3.657573745420184e-31,3.751966154863991e-31,6.961236076883306e-31,2.124029294648063e-31,1.5925950251145363e-31,2.6732803039800935e-30,0.11091715380073877,0.4935,nan,AMPLITUDE_LOSS
MO_ml-384k_s1235,MO,1235,384k,MO-LBFGS,384000,0.4935,W2,0.5673403089152382,3.3834654430697183e-31,1.4944972035466985e-31,2.0743278080317437e-31,2.1153392450281878e-31,3.956271876124947e-31,1.1973630242389554e-31,9.065453611447289e-32,1.5127809961184974e-30,6.952290454648158e-31,8.175519506536812e-31,1.0320610488371137e-30,2.7093006051221202e-30,4.2220816012406176e-30,0.5673403089152382,1.0,5.96373180241494e-31,2.634216501211055e-31,3.6562320276482404e-31,3.728519218161562e-31,6.973366450357441e-31,2.1104846692954505e-31,1.597886395341898e-31,2.666443706443059e-30,0.3019511014800677,0.4935,nan,AMPLITUDE_LOSS
MO_ml-384k_s1235,MO,1235,384k,MO-LBFGS,384000,0.4935,W3,0.1529347618077071,9.23026017286574e-32,4.0244288320899757e-32,5.581261128053975e-32,5.697332823262607e-32,1.0661117485048423e-31,3.228912246160815e-32,2.4323289403545543e-32,4.08556416278361e-31,1.8835950133009687e-31,2.2019691494826407e-31,2.790496772632269e-31,7.2912023905966456e-31,1.1376766553380255e-30,0.1529347618077071,1.0,6.035423250909705e-31,2.631467682376948e-31,3.6494391870643373e-31,3.72533540178796e-31,6.971023042134269e-31,2.111300405476614e-31,1.590435628632845e-31,2.671442459838268e-30,0.6219780200536089,0.4935,nan,AMPLITUDE_LOSS
MO_ml-384k_s1235,MO,1235,384k,MO-LBFGS,384000,0.4935,W4,0.03397773489755537,2.00655912513273e-32,8.921803462330946e-33,1.244481822455392e-32,1.255891023770703e-32,2.3674201776565048e-32,7.182669165688982e-33,5.411676956837893e-33,9.025967107501114e-32,4.14322129382122e-32,4.8827458136798934e-32,6.159628820928418e-32,1.6214696100327343e-31,2.5240663207828455e-31,0.03397773489755537,1.0,5.9055117452137755e-31,2.62577934910336e-31,3.662639155339726e-31,3.6962176188532837e-31,6.967563272814973e-31,2.1139340769315852e-31,1.5927126905764546e-31,2.656435790883316e-30,0.8280483102966526,0.4935,nan,AMPLITUDE_LOSS
MO_ml-384k_s1235,MO,1235,384k,MO-LBFGS,384000,0.4935,PRE,0.8332121945410547,5.013212170105322e-31,2.1864781357044663e-31,3.047394359042123e-31,3.124313184395898e-31,5.801175761699415e-31,1.7687076636993685e-31,1.3273922227891357e-31,2.2268673497435745e-30,1.0247084664851927e-30,1.2021588832583823e-30,1.5189174513636017e-30,3.969551297577297e-30,6.196418647320871e-30,0.8332121945410546,1.0,6.0167292353020384e-31,2.6241552272393313e-31,3.657404895184798e-31,3.7497209052692914e-31,6.962423017458091e-31,2.122757774414951e-31,1.5931022511261825e-31,2.672629330599468e-30,0.15261764133970773,0.4935,nan,AMPLITUDE_LOSS
MO_ml-384k_s1235,MO,1235,384k,MO-LBFGS,384000,0.4935,POST,0.13882618746036574,8.369147657172627e-32,3.6547503354997417e-32,5.079001785370382e-32,5.175030487063257e-32,9.668020620466943e-32,2.926590617193017e-32,2.2072205740871765e-32,3.7079762076853126e-31,1.7102899778042723e-31,1.9976862298810403e-31,2.5323390637097118e-31,6.6175173751047004e-31,1.0325493582790012e-30,0.1388261874603657,1.0,6.028507884769195e-31,2.6326087335238156e-31,3.658532931202474e-31,3.7277048240921397e-31,6.96411880015586e-31,2.108096945346526e-31,1.5899165816372532e-31,2.670948670072726e-30,0.6546732276486066,0.4935,nan,AMPLITUDE_LOSS
MO_ml-384k_s1236,MO,1236,384k,MO-LBFGS,384000,0.6365000000000001,FULL,0.8869011313347087,5.371581769660331e-31,2.3198883361049543e-31,3.2313578622662657e-31,3.298406705942378e-31,6.183797384761866e-31,1.8712480087474556e-31,1.40961134503763e-31,2.3685891412520887e-30,1.0922827968031541e-30,1.2763063444489339e-30,1.619634836172608e-30,4.231133242777649e-30,6.599722384029738e-30,0.8869011313347087,1.0,6.056573365259532e-31,2.6157237307993307e-31,3.6434251215841324e-31,3.7190241272762652e-31,6.972363847879883e-31,2.1098721634635812e-31,1.5893669488461413e-31,2.670634930510887e-30,0.13954471589654763,0.6365000000000001,nan,AMPLITUDE_LOSS
MO_ml-384k_s1236,MO,1236,384k,MO-LBFGS,384000,0.6365000000000001,W1,0.964224210447346,5.839687314373638e-31,2.521661058001328e-31,3.5112651380305794e-31,3.584301851491779e-31,6.7230672566980374e-31,2.033744094400616e-31,1.5316307939896876e-31,2.5745357506985683e-30,1.1872613510405555e-30,1.387274399658013e-30,1.7605650503091966e-30,4.5992365573544326e-30,7.173772308053001e-30,0.9642242104473457,1.0,6.0563583149030915e-31,2.6152227155045394e-31,3.6415442590904827e-31,3.7172908672650598e-31,6.972514466919395e-31,2.109202478391488e-31,1.5884591751529451e-31,2.6700592277227e-30,0.048048128123000196,0.6365000000000001,nan,AMPLITUDE_LOSS
MO_ml-384k_s1236,MO,1236,384k,MO-LBFGS,384000,0.6365000000000001,W2,0.5431032964732361,3.29401811091031e-31,1.4236995284634269e-31,1.990026370144058e-31,2.0307286609129656e-31,3.7848701674951454e-31,1.1498201582817236e-31,8.682448573017419e-32,1.4541407853509364e-30,6.707744009517795e-31,7.833663843991572e-31,9.937159505851251e-31,2.5955455750950554e-30,4.049686360445992e-30,0.5431032964732361,1.0,6.065177899491238e-31,2.6214157375006566e-31,3.6641765628504575e-31,3.739120484261389e-31,6.968969240424517e-31,2.11712977208634e-31,1.5986735174319234e-31,2.677466321404652e-30,0.27071249170634026,0.6365000000000001,nan,AMPLITUDE_LOSS
MO_ml-384k_s1236,MO,1236,384k,MO-LBFGS,384000,0.6365000000000001,W3,0.2853909949998768,1.7109973299819981e-31,7.451595104942077e-32,1.0386315051580803e-31,1.0580695129038743e-31,1.9954894767150923e-31,6.023501946296487e-32,4.553266753356342e-32,7.606024205218542e-31,3.4947883456342867e-31,4.111235859584255e-31,5.200444987190811e-31,1.3630232726095386e-30,2.1236256931313927e-30,0.28539099499987675,1.0,5.995274412855008e-31,2.6110126932860236e-31,3.6393282316371817e-31,3.707438326511768e-31,6.992124880169934e-31,2.110613877743081e-31,1.5954486417338784e-31,2.6651241063936878e-30,0.47704782533778145,0.6365000000000001,nan,AMPLITUDE_LOSS
MO_ml-384k_s1236,MO,1236,384k,MO-LBFGS,384000,0.6365000000000001,W4,0.0919464817463424,5.479252859057413e-32,2.443981114443725e-32,3.3808105991319113e-32,3.405541147537643e-32,6.392820815940044e-32,1.9377123090620312e-32,1.4680694554482358e-32,2.4508188300620998e-31,1.1304044572633042e-31,1.3204143727987953e-31,1.67209537295776e-31,4.377181703370044e-31,6.828000533432143e-31,0.0919464817463424,1.0,5.9591762022752605e-31,2.658047451109728e-31,3.6769330755457592e-31,3.703829752760618e-31,6.952762840427389e-31,2.107434968972165e-31,1.596656476207836e-31,2.6654840767298755e-30,0.7023592841526178,0.6365000000000001,nan,AMPLITUDE_LOSS
MO_ml-384k_s1236,MO,1236,384k,MO-LBFGS,384000,0.6365000000000001,PRE,0.8943301987546569,5.416636639029009e-31,2.3393207598362618e-31,3.2583931977363977e-31,3.3260564941268627e-31,6.2355955548083685e-31,1.8868978734478498e-31,1.421411935539304e-31,2.3884312454524063e-30,1.101435059660167e-30,1.2869961857922394e-30,1.6332037327113073e-30,4.2665814667037455e-30,6.655012712156152e-30,0.8943301987546569,1.0,6.0566406530514245e-31,2.6157237708105497e-31,3.6433894352149503e-31,3.7190475047788493e-31,6.972363857880866e-31,2.1098447487016924e-31,1.5893592070564193e-31,2.670636917749475e-30,0.12515467511233308,0.6365000000000001,nan,AMPLITUDE_LOSS
MO_ml-384k_s1236,MO,1236,384k,MO-LBFGS,384000,0.6365000000000001,POST,0.14527292002007888,8.738487041096183e-32,3.799902521731657e-32,5.324770534628309e-32,5.381863720379253e-32,1.01289476274393e-31,3.0895485551746694e-32,2.3158315771585604e-32,3.8779351577607917e-31,1.7863160097456146e-31,2.0916191480151774e-31,2.650803678032234e-31,6.9241143309254625e-31,1.0802049488686254e-30,0.14527292002007886,1.0,6.015220895875409e-31,2.615699141454886e-31,3.665356581179994e-31,3.704657220103641e-31,6.972357701655133e-31,2.1267202137519157e-31,1.5941247528021552e-31,2.669413650682313e-30,0.6322346890869343,0.6365000000000001,nan,AMPLITUDE_LOSS
MO_ml-512k_s1234,MO,1234,512k,MO-LBFGS,512000,0.761,FULL,0.9009896067503474,5.40606948593041e-31,2.3783918565157365e-31,3.291913151771814e-31,3.3436644641432127e-31,6.278447539499259e-31,1.9063830386929624e-31,1.4443854804256034e-31,2.404925501697904e-30,1.107637449421799e-30,1.2972880522761048e-30,1.6420815657627123e-30,4.3053141081755934e-30,6.710239609873498e-30,0.9009896067503474,1.0,6.000146334016912e-31,2.639755041230732e-31,3.653663845962618e-31,3.711102147119106e-31,6.96839063676228e-31,2.115876836325379e-31,1.6031100354588489e-31,2.669204487687588e-30,0.08788543629019072,0.761,nan,AMPLITUDE_LOSS
MO_ml-512k_s1234,MO,1234,512k,MO-LBFGS,512000,0.761,W1,0.9313018117546894,5.589062691335585e-31,2.458049835989552e-31,3.403414319021823e-31,3.4564651377962172e-31,6.490042294144788e-31,1.9699853754049898e-31,1.4945022164379868e-31,2.4861521870130944e-30,1.1450526846346955e-30,1.3410995023783989e-30,1.6977021520940185e-30,4.4524564428062704e-30,6.938608629819365e-30,0.9313018117546894,1.0,6.001344162323802e-31,2.6393697563610184e-31,3.654469771307934e-31,3.7114339241795396e-31,6.968785212515306e-31,2.115302848700888e-31,1.604745311965149e-31,2.6695450987353632e-30,0.04475213086554031,0.761,nan,AMPLITUDE_LOSS
MO_ml-512k_s1234,MO,1234,512k,MO-LBFGS,512000,0.761,W2,0.8078482475818001,4.836874453109775e-31,2.136968067656377e-31,2.9463392760060022e-31,2.9961828890208258e-31,5.626843830806207e-31,1.7132776059858233e-31,1.2859126213012428e-31,2.1542398743886247e-30,9.920181796772157e-31,1.162221694711409e-30,1.4695970181223227e-30,3.847100438717284e-30,6.0013403131059094e-30,0.8078482475818001,1.0,5.98735525835254e-31,2.6452592724600627e-31,3.647144478960655e-31,3.708843706710445e-31,6.965223787573342e-31,2.1207913876329136e-31,1.5917749715376255e-31,2.6666392863227584e-30,0.10849290103480784,0.761,nan,AMPLITUDE_LOSS
MO_ml-512k_s1234,MO,1234,512k,MO-LBFGS,512000,0.761,W3,0.49741583257600236,3.0025641390080714e-31,1.3016426153378538e-31,1.8202465467497678e-31,1.8453161744926138e-31,3.4674022275427855e-31,1.0487412726529648e-31,7.963212806458835e-32,1.3282234256429949e-30,6.124453301095698e-31,7.15778095533425e-31,9.086534193946517e-31,2.3714366272616596e-30,3.699660052904655e-30,0.49741583257600236,1.0,6.036326032202247e-31,2.616809779851494e-31,3.6594061297227354e-31,3.709805867931747e-31,6.970832049285425e-31,2.108379355803322e-31,1.600916634522707e-31,2.670247584931968e-30,0.33834998733376814,0.761,nan,AMPLITUDE_LOSS
MO_ml-512k_s1234,MO,1234,512k,MO-LBFGS,512000,0.761,W4,0.2109006846681013,1.2738556619241904e-31,5.501527737388372e-32,7.75078670840204e-32,7.839228950251739e-32,1.4722590086842838e-31,4.457077425815213e-32,3.375361211189587e-32,5.638512873913166e-31,2.5990871065032295e-31,3.0394257674099363e-31,3.8587294625676346e-31,1.0070591791179282e-30,1.5709104665092448e-30,0.2109006846681013,1.0,6.040073620096977e-31,2.608586949846199e-31,3.675088452462633e-31,3.717023945459675e-31,6.980816638889569e-31,2.1133537014492906e-31,1.600450570609318e-31,2.6735393878813664e-30,0.6316784351255401,0.761,nan,AMPLITUDE_LOSS
MO_ml-512k_s1234,MO,1234,512k,MO-LBFGS,512000,0.761,PRE,0.9035394926248205,5.421359193542047e-31,2.3851493320233004e-31,3.301210710688357e-31,3.353133040748298e-31,6.296212314145057e-31,1.911773181563091e-31,1.4484752956239711e-31,2.411731306833415e-30,1.1107719236253723e-30,1.3009593832080431e-30,1.6467257513999463e-30,4.3175016961127214e-30,6.729233002946137e-30,0.9035394926248203,1.0,6.000135287714741e-31,2.6397842612217586e-31,3.653642964845075e-31,3.7111084442001563e-31,6.968386402075571e-31,2.1158711901007372e-31,1.6031123237525461e-31,2.6692040873910585e-30,0.07877857837123552,0.761,nan,AMPLITUDE_LOSS
MO_ml-512k_s1234,MO,1234,512k,MO-LBFGS,512000,0.761,POST,0.2002192305124239,1.2040876392769586e-31,5.212739747859984e-32,7.367188486596487e-32,7.414703595327639e-32,1.3962573454415018e-31,4.250412716396279e-32,3.2040524115469843e-32,5.345254680491193e-31,2.462080462722602e-31,2.8831742177685916e-31,3.6574690745328057e-31,9.558698567152256e-31,1.4903953247643449e-30,0.2002192305124239,1.0,6.0138461035701615e-31,2.603516023170669e-31,3.679560883208631e-31,3.703292424184763e-31,6.973642551057863e-31,2.122879358550193e-31,1.6002720634510515e-31,2.6697009407193326e-30,0.6518036931971269,0.761,nan,AMPLITUDE_LOSS
MO_ml-512k_s1235,MO,1235,512k,MO-LBFGS,512000,0.88125,FULL,0.8995837800694086,5.437348965507686e-31,2.378620401451416e-31,3.2839272625756007e-31,3.335298325407534e-31,6.256792994646426e-31,1.9036111201825305e-31,1.4319175777454628e-31,2.402751664751668e-30,1.1099896629534717e-30,1.2927620017981964e-30,1.640998680047518e-30,4.294038169543346e-30,6.696789834295014e-30,0.8995837800694084,1.0,6.04429413465875e-31,2.6441343809777197e-31,3.6504963021034258e-31,3.7076016701303764e-31,6.95520876795229e-31,2.116102093387736e-31,1.5917556646419044e-31,2.67095930138522e-30,0.10217330329785229,0.88125,nan,AMPLITUDE_LOSS
MO_ml-512k_s1235,MO,1235,512k,MO-LBFGS,512000,0.88125,W1,0.9149689556108452,5.539392789424581e-31,2.4153824965057388e-31,3.343925416253422e-31,3.393274139184468e-31,6.36083844140417e-31,1.935734591338774e-31,1.4567732623379728e-31,2.4445321136449138e-30,1.1298700702183742e-30,1.3146620434265397e-30,1.6700929909420154e-30,4.369178489676325e-30,6.813710603321239e-30,0.9149689556108449,1.0,6.054186598851778e-31,2.6398518569334407e-31,3.6546872937573876e-31,3.7086221542009356e-31,6.951971870081214e-31,2.1156287100980996e-31,1.5921559451876825e-31,2.6717104429110533e-30,0.08333861770074737,0.88125,nan,AMPLITUDE_LOSS
MO_ml-512k_s1235,MO,1235,512k,MO-LBFGS,512000,0.88125,W2,0.8568438292777658,5.117557335257877e-31,2.2877816607424026e-31,3.106274067344892e-31,3.169980998881333e-31,5.97868102311883e-31,1.815963787377419e-31,1.362091978361192e-31,2.2838330851083958e-30,1.0511613063345176e-30,1.2326717787738787e-30,1.5564604404082807e-30,4.078605477082814e-30,6.362438562191209e-30,0.8568438292777658,1.0,5.972567182483512e-31,2.6700100795156335e-31,3.6252511381953653e-31,3.6996018300713156e-31,6.977562093384373e-31,2.1193637922421636e-31,1.5896618868216683e-31,2.665401800271403e-30,0.13285073207905473,0.88125,nan,AMPLITUDE_LOSS
MO_ml-512k_s1235,MO,1235,512k,MO-LBFGS,512000,0.88125,W3,0.7068379981350419,4.3040955149213275e-31,1.8781695611078359e-31,2.568286748990506e-31,2.626863956180152e-31,4.910611131152127e-31,1.4945451053169181e-31,1.1218201106754106e-31,1.8904392128344284e-30,8.75055182501968e-31,1.0153840303324604e-30,1.2904813505739377e-30,3.379778658581928e-30,5.2702178714163565e-30,0.7068379981350418,1.0,6.0892248666278245e-31,2.6571428899737927e-31,3.6334871013822185e-31,3.7163592833308314e-31,6.947293643109921e-31,2.1144096798137665e-31,1.5870964968426682e-31,2.6745013961081027e-30,0.22589889201893548,0.88125,nan,AMPLITUDE_LOSS
MO_ml-512k_s1235,MO,1235,512k,MO-LBFGS,512000,0.88125,W4,0.3330583031093141,2.016695795443228e-31,8.90152917428879e-32,1.2218189863765003e-31,1.2350528909634057e-31,2.318574885190602e-31,7.074743067380228e-32,5.342960548866895e-32,8.924065837027335e-31,4.128667699248613e-31,4.795398137778724e-31,6.091385721897026e-31,1.5872571494265314e-30,2.479663733129265e-30,0.3330583031093141,1.0,6.055083379144358e-31,2.672663942375044e-31,3.668483790885974e-31,3.7082182892106074e-31,6.96146849829359e-31,2.1241755576525065e-31,1.6042117848397477e-31,2.679430524240183e-30,0.487994613776247,0.88125,nan,AMPLITUDE_LOSS
MO_ml-512k_s1235,MO,1235,512k,MO-LBFGS,512000,0.88125,PRE,0.900399050562247,5.442270355920952e-31,2.380771371072584e-31,3.286905486850624e-31,3.3383163118126727e-31,6.262461650564021e-31,1.9053375841226406e-31,1.4332139013676708e-31,2.4049276661711197e-30,1.110994721384418e-30,1.2939329447867014e-30,1.642485139470327e-30,4.2979271799189834e-30,6.702854846090103e-30,0.9003990505622468,1.0,6.04428708862206e-31,2.6441291442787946e-31,3.65049861480656e-31,3.707596437077643e-31,6.955206857063515e-31,2.116103502033757e-31,1.5917541233219948e-31,2.6709575767204328e-30,0.09996887418762176,0.88125,nan,AMPLITUDE_LOSS
MO_ml-512k_s1235,MO,1235,512k,MO-LBFGS,512000,0.88125,POST,0.14161816655532664,8.618801650273207e-32,3.7884115900269637e-32,5.150406051644322e-32,5.294443944197672e-32,9.865835388611227e-32,2.9849930628674323e-32,2.2671177396524138e-32,3.7970009427273243e-31,1.7557619291944492e-31,2.0412390135328747e-31,2.590216083018117e-31,6.783840262534101e-31,1.0580841205261426e-30,0.1416181665553266,1.0,6.085943533879933e-31,2.6750887136693223e-31,3.6368258232125823e-31,3.738534450048306e-31,6.966504106488982e-31,2.1077755315390812e-31,1.6008664670621274e-31,2.681153862590034e-30,0.6517100239480039,0.88125,nan,AMPLITUDE_LOSS
MO_ml-512k_s1236,MO,1236,512k,MO-LBFGS,512000,1.0,FULL,0.9072827498450469,5.449947277315692e-31,2.4072252165662636e-31,3.3169224792541144e-31,3.361336581677315e-31,6.315548391320408e-31,1.912297028175077e-31,1.4480636622600235e-31,2.4211340636568894e-30,1.1174094973136052e-30,1.303724566343284e-30,1.6530481810150227e-30,4.3232755377892486e-30,6.744409601446139e-30,0.9072827498450469,1.0,6.006889559232174e-31,2.6532249367436915e-31,3.6558861940454567e-31,3.704839072771291e-31,6.960948383950907e-31,2.107718931613853e-31,1.5960445214100393e-31,2.6685551599767415e-30,0.10430877270882352,1.0,nan,NOT_COLLAPSED
MO_ml-512k_s1236,MO,1236,512k,MO-LBFGS,512000,1.0,W1,0.9689498251187216,5.82103370253196e-31,2.5718113796206685e-31,3.5430139479708924e-31,3.5880027080106685e-31,6.7418054607263245e-31,2.040454320386314e-31,1.5481178066308615e-31,2.585423932587772e-30,1.193585903012354e-30,1.3918380295754179e-30,1.7653970917860065e-30,4.616344834141844e-30,7.201768766729616e-30,0.9689498251187216,1.0,6.0075697952871076e-31,2.6542255470303145e-31,3.6565504798318962e-31,3.702980912939467e-31,6.957847853370814e-31,2.1058410533654826e-31,1.5977275257170045e-31,2.668274316754209e-30,0.0465785192894343,1.0,nan,NOT_COLLAPSED
MO_ml-512k_s1236,MO,1236,512k,MO-LBFGS,512000,1.0,W2,0.6001774340196505,3.605628616279167e-31,1.586151506077304e-31,2.190056065467596e-31,2.2352837757835305e-31,4.192259824942419e-31,1.2737133092665715e-31,9.486124300845596e-32,1.6031705527901147e-30,7.381836187824062e-31,8.649869340077084e-31,1.0936556936773738e-30,2.863975293219373e-30,4.4671458460094874e-30,0.6001774340196504,1.0,6.007604438125411e-31,2.6428043044773583e-31,3.649014343641402e-31,3.7243715759402424e-31,6.985034070449857e-31,2.122227923059284e-31,1.5805533102624188e-31,2.6711609965955976e-30,0.2307587033340963,1.0,nan,NOT_COLLAPSED
MO_ml-512k_s1236,MO,1236,512k,MO-LBFGS,512000,1.0,W3,0.5714111839356614,3.412173464247483e-31,1.5187474716202032e-31,2.0906484515419275e-31,2.1124320741819876e-31,3.999112901635063e-31,1.2176843712359393e-31,9.082576654049423e-32,1.525905639986755e-30,7.021569387409614e-31,8.237487012457938e-31,1.0410192482829416e-30,2.726283939718386e-30,4.252189579705141e-30,0.5714111839356614,1.0,5.971485263459042e-31,2.6578889498795868e-31,3.65874611893723e-31,3.696868618553048e-31,6.998660533892093e-31,2.1310124923509515e-31,1.5894992799217085e-31,2.670416125699366e-30,0.24728757837183055,1.0,nan,NOT_COLLAPSED
MO_ml-512k_s1236,MO,1236,512k,MO-LBFGS,512000,1.0,W4,0.5079316028409306,3.0227963498191736e-31,1.3416556896089624e-31,1.8528386423299121e-31,1.8871603779118912e-31,3.541585488409022e-31,1.074188272118449e-31,8.084955355978234e-32,1.3528720355795232e-30,6.217290681758045e-31,7.311429674037188e-31,9.225716016155926e-31,2.423405345626468e-30,3.776277381205991e-30,0.5079316028409306,1.0,5.951187783772967e-31,2.6414101467695646e-31,3.647811303661227e-31,3.7153828731206073e-31,6.972563763704502e-31,2.1148285834359775e-31,1.5917409570024764e-31,2.663492541146732e-30,0.28924049568459237,1.0,nan,NOT_COLLAPSED
MO_ml-512k_s1236,MO,1236,512k,MO-LBFGS,512000,1.0,PRE,0.9072837427393005,5.449952334701006e-31,2.407227533062382e-31,3.316926170332752e-31,3.3613400685399493e-31,6.315555802964507e-31,1.912299070052929e-31,1.448065299746802e-31,2.421136627940033e-30,1.1174106038096122e-30,1.3037260241304207e-30,1.653049960774506e-30,4.323280380068025e-30,6.744417008008058e-30,0.9072837427393005,1.0,6.006888559742414e-31,2.653224586383975e-31,3.655886261466751e-31,3.7048388615355083e-31,6.960948935221064e-31,2.1077188755518286e-31,1.5960445795873688e-31,2.6685550659488908e-30,0.10430783461267644,1.0,nan,NOT_COLLAPSED
MO_ml-623k_s1234,MO,1234,623k,MO-LBFGS,623360,1.0,FULL,0.9481695326592976,5.677847532793828e-31,2.4857510792121906e-31,3.4942489184628883e-31,3.5202387459600996e-31,6.612385631985851e-31,2.005173998375515e-31,1.5096082846061728e-31,2.5305254191396545e-30,1.1657847530468937e-30,1.3647406660927607e-30,1.729409036784874e-30,4.522968285737445e-30,7.053493704877099e-30,0.9481695326592975,1.0,5.988219761575107e-31,2.621631463141934e-31,3.6852575389790237e-31,3.712668066951073e-31,6.973843183339062e-31,2.114784254617071e-31,1.592129078828576e-31,2.6688533347431846e-30,0.03818787669849426,1.0,nan,NOT_COLLAPSED
MO_ml-623k_s1234,MO,1234,623k,MO-LBFGS,623360,1.0,W1,0.9596894526629387,5.738637624575385e-31,2.5151647924931354e-31,3.5381432735534783e-31,3.562699189041589e-31,6.6909581916660804e-31,2.0278976548360447e-31,1.5278790995219903e-31,2.5601379825687704e-30,1.1791945690622004e-30,1.3809434135065701e-30,1.749561818931694e-30,4.578512953257974e-30,7.138650935826744e-30,0.9596894526629387,1.0,5.979681873810178e-31,2.6208111233421134e-31,3.6867585277048386e-31,3.712345883510376e-31,6.972003467475921e-31,2.1130769429725937e-31,1.5920557376997772e-31,2.6676733556515796e-30,0.02610099000054923,1.0,nan,NOT_COLLAPSED
MO_ml-623k_s1234,MO,1234,623k,MO-LBFGS,623360,1.0,W2,0.9137990405985889,5.524613315634366e-31,2.398014366741891e-31,3.363245041460989e-31,3.3944929776822156e-31,6.382941651180744e-31,1.942430885556592e-31,1.4557818728926003e-31,2.4461520111149402e-30,1.128587272383725e-30,1.317564738731215e-30,1.672658188116871e-30,4.3560344930964684e-30,6.802186504211409e-30,0.9137990405985889,1.0,6.045763970178223e-31,2.6242250869196067e-31,3.6805083963076624e-31,3.714704028862446e-31,6.985060574149398e-31,2.125665271309755e-31,1.5931094345852907e-31,2.6769036762312385e-30,0.044869720988996865,1.0,nan,NOT_COLLAPSED
MO_ml-623k_s1234,MO,1234,623k,MO-LBFGS,623360,1.0,W3,0.7916330391211681,4.733982813477352e-31,2.081957044063899e-31,2.8974897478822787e-31,2.9373640947187485e-31,5.524758396755696e-31,1.67456027538129e-31,1.2571828072324192e-31,2.110729517951167e-30,9.713429605423526e-31,1.1393865574088144e-30,1.441341376534774e-30,3.7733351077790034e-30,5.88406462573017e-30,0.7916330391211681,1.0,5.980021777176934e-31,2.62995218892731e-31,3.660142521462876e-31,3.7105122570170346e-31,6.978938629050898e-31,2.115323884460786e-31,1.58808784513097e-31,2.6662979103226808e-30,0.12986987952003465,1.0,nan,NOT_COLLAPSED
MO_ml-623k_s1234,MO,1234,623k,MO-LBFGS,623360,1.0,W4,0.6709334704628273,3.984756372389988e-31,1.8009008684497143e-31,2.4410293545355672e-31,2.5021392860866376e-31,4.675481717395549e-31,1.4208376680395507e-31,1.0716964836026925e-31,1.7896841750499697e-30,8.226686595375266e-31,9.67015515512443e-31,1.2172963927923795e-30,3.195873467756821e-30,4.9855576428067906e-30,0.6709334704628271,1.0,5.939122950061209e-31,2.6841720494394267e-31,3.638258429485836e-31,3.729340383571264e-31,6.968621962130291e-31,2.11770276874013e-31,1.5973215389946325e-31,2.667454008242279e-30,0.2218073321724331,1.0,nan,NOT_COLLAPSED
MO_ml-623k_s1234,MO,1234,623k,MO-LBFGS,623360,1.0,PRE,0.9481700614647488,5.677852258926586e-31,2.485751253651645e-31,3.494250342039443e-31,3.5202408369746513e-31,6.612388694440939e-31,2.0051751004062956e-31,1.5096089312817258e-31,2.5305267417721283e-30,1.1657853854617705e-30,1.364741356310358e-30,1.729410022668869e-30,4.522970989021436e-30,7.053497730793564e-30,0.9481700614647487,1.0,5.98822140635337e-31,2.621630185002491e-31,3.6852569850618084e-31,3.712668201668931e-31,6.973842523804208e-31,2.114784237448566e-31,1.5921288729045644e-31,2.6688532412243937e-30,0.03818722220975658,1.0,nan,NOT_COLLAPSED
MO_ml-623k_s1235,MO,1235,623k,MO-LBFGS,623360,1.0,FULL,0.9243944204774273,5.602242965909291e-31,2.4262514479915906e-31,3.3750588320036083e-31,3.446661031882713e-31,6.44923770293593e-31,1.957999906074972e-31,1.4728006828409927e-31,2.473025256963913e-30,1.14035532459045e-30,1.3326699323734636e-30,1.6899340183689846e-30,4.420037525113517e-30,6.89306278207743e-30,0.9243944204774271,1.0,6.060446538627819e-31,2.6246928737826987e-31,3.6511025566991883e-31,3.728561050923044e-31,6.9767163886656346e-31,2.118143362509384e-31,1.593260030799759e-31,2.6752922802007526e-30,0.07062275450387386,1.0,nan,NOT_COLLAPSED
MO_ml-623k_s1235,MO,1235,623k,MO-LBFGS,623360,1.0,W1,0.9316846339316197,5.646575648592996e-31,2.4438719925128333e-31,3.4022996682836152e-31,3.4796522310330806e-31,6.498932874901509e-31,1.9721968662249144e-31,1.4839117855282837e-31,2.492744106707722e-30,1.1492747309389451e-30,1.3434693757687774e-30,1.703171997730639e-30,4.457085844468521e-30,6.949829951176243e-30,0.9316846339316197,1.0,6.060608324906027e-31,2.6230678316545046e-31,3.651771795276086e-31,3.7347962006728406e-31,6.9754642700037045e-31,2.1168073341538693e-31,1.5927189646418403e-31,2.6755234721308873e-30,0.06416149973719859,1.0,nan,NOT_COLLAPSED
MO_ml-623k_s1235,MO,1235,623k,MO-LBFGS,623360,1.0,W2,0.898737912083949,5.448202886101459e-31,2.370442081649402e-31,3.276288346123893e-31,3.317038486392073e-31,6.278599529030359e-31,1.9104954330232767e-31,1.4346956934661914e-31,2.403576245578664e-30,1.1094933313874747e-30,1.29408291419119e-30,1.6437786454721895e-30,4.285892258528865e-30,6.689468504107529e-30,0.898737912083949,1.0,6.062059709341109e-31,2.6375231864347824e-31,3.6454324470712415e-31,3.6907739640143707e-31,6.986018331497609e-31,2.125753690075577e-31,1.596344912322096e-31,2.674390624075678e-30,0.08953033372414823,1.0,nan,NOT_COLLAPSED
MO_ml-623k_s1235,MO,1235,623k,MO-LBFGS,623360,1.0,W3,0.8456483251671966,5.113176669282059e-31,2.2063831740566414e-31,3.0933734185686937e-31,3.143787985360099e-31,5.89168068341653e-31,1.7948921532250033e-31,1.3487288590439745e-31,2.2592022942953e-30,1.0412933261907399e-30,1.21790896810456e-30,1.544695963031126e-30,4.034700787449037e-30,6.2939030817443374e-30,0.8456483251671966,1.0,6.046457513258979e-31,2.6091025174328988e-31,3.657990356638024e-31,3.7176068251995087e-31,6.967057709540982e-31,2.1225042370540104e-31,1.5949051383473316e-31,2.6715624297471732e-30,0.11967887359771225,1.0,nan,NOT_COLLAPSED
MO_ml-623k_s1235,MO,1235,623k,MO-LBFGS,623360,1.0,W4,0.7580617045326706,4.585561522254225e-31,1.9940326046319063e-31,2.7749091127693157e-31,2.8224502714746225e-31,5.297624034881785e-31,1.610859950502731e-31,1.210392967365707e-31,2.02958304638803e-30,9.354503239655455e-31,1.0941327224224845e-30,1.386848763727104e-30,3.610716883029484e-30,5.640299929417514e-30,0.7580617045326705,1.0,6.04906103927402e-31,2.6304357451497777e-31,3.6605319806782643e-31,3.7232460822098987e-31,6.988381029150734e-31,2.124972071364288e-31,1.5966945172515853e-31,2.677332246507857e-30,0.16265761831814118,1.0,nan,NOT_COLLAPSED
MO_ml-623k_s1235,MO,1235,623k,MO-LBFGS,623360,1.0,PRE,0.9243949038423207,5.602245131939149e-31,2.4262531603599504e-31,3.3750602162720583e-31,3.446663542824677e-31,6.4492401290262125e-31,1.9580008918383781e-31,1.4728013863983998e-31,2.473026445865887e-30,1.1403558508571167e-30,1.3326705950087695e-30,1.6899346863635845e-30,4.420039908117325e-30,6.893066353983212e-30,0.9243949038423206,1.0,6.060445712814917e-31,2.624693353755021e-31,3.651102145028433e-31,3.728561817572066e-31,6.9767153650668595e-31,2.1181433213227287e-31,1.5932599587866424e-31,2.675292167434667e-30,0.07062244618845896,1.0,nan,NOT_COLLAPSED
MO_ml-623k_s1236,MO,1236,623k,MO-LBFGS,623360,1.0,FULL,0.9163299934883049,5.5022474209962965e-31,2.406609371652254e-31,3.3530440305751935e-31,3.392102289329307e-31,6.38797476775492e-31,1.9424263034793613e-31,1.4646896933564397e-31,2.4449093877143755e-30,1.1261900823223736e-30,1.318719305392002e-30,1.670795591268283e-30,4.368957857016645e-30,6.813867244731021e-30,0.9163299934883047,1.0,6.004657121448373e-31,2.626356649628706e-31,3.659210169265248e-31,3.701834833994875e-31,6.9712601498909825e-31,2.119789068657331e-31,1.5984303730805732e-31,2.6681538365966087e-30,0.09352472796091056,1.0,nan,NOT_COLLAPSED
MO_ml-623k_s1236,MO,1236,623k,MO-LBFGS,623360,1.0,W1,0.9724880124384094,5.842395310448299e-31,2.552750874636283e-31,3.558404134741671e-31,3.5981823623658294e-31,6.780484086348824e-31,2.0618441212786076e-31,1.5548389590937263e-31,2.5948899848913235e-30,1.1953550319826252e-30,1.399534952908698e-30,1.7736122490632522e-30,4.635791285105517e-30,7.23068126999684e-30,0.9724880124384092,1.0,6.007678486235665e-31,2.6249689888058694e-31,3.659072491618018e-31,3.6999760576418546e-31,6.972306084624622e-31,2.120174331104353e-31,1.5988258355957865e-31,2.6683002275626168e-30,0.042278516834280064,1.0,nan,NOT_COLLAPSED
MO_ml-623k_s1236,MO,1236,623k,MO-LBFGS,623360,1.0,W2,0.6333536986476315,3.7820571056073676e-31,1.6696533795991809e-31,2.321273740806985e-31,2.355750793248252e-31,4.4105285596773284e-31,1.340182218906388e-31,1.011499744739818e-31,1.6890945542585313e-30,7.772984226013529e-31,9.117961316571784e-31,1.1525359150831495e-30,3.023856536254903e-30,4.712951090513434e-30,0.6333536986476314,1.0,5.971477096736005e-31,2.636210040557607e-31,3.6650512119270655e-31,3.71948691272881e-31,6.963768537382694e-31,2.1160091458659147e-31,1.5970535056472016e-31,2.6669056450845297e-30,0.20861832936424754,1.0,nan,NOT_COLLAPSED
MO_ml-623k_s1236,MO,1236,623k,MO-LBFGS,623360,1.0,W3,0.6192327187001183,3.7427228602229163e-31,1.6362694971750936e-31,2.2484514736774035e-31,2.291270267564568e-31,4.3070379516615275e-31,1.3124168265842768e-31,9.824145889484053e-32,1.6520583465834188e-30,7.627443831075406e-31,8.89313963475878e-31,1.1280626874510248e-30,2.9613061578927946e-30,4.613364504476214e-30,0.6192327187001182,1.0,6.044129690174581e-31,2.642414471589804e-31,3.6310282156881304e-31,3.7001763607943052e-31,6.955443117900454e-31,2.1194242276785345e-31,1.586503037195243e-31,2.667911912102105e-30,0.21620411534621928,1.0,nan,NOT_COLLAPSED
MO_ml-623k_s1236,MO,1236,623k,MO-LBFGS,623360,1.0,W4,0.6089652570012196,3.610701334740003e-31,1.6086553798433836e-31,2.2359917879603056e-31,2.2582838361439708e-31,4.252831001296496e-31,1.295061152752053e-31,9.676848867905399e-32,1.6229209379526756e-30,7.455348502543696e-31,8.773860876983057e-31,1.1067209010787345e-30,2.903133325956187e-30,4.526054263908863e-30,0.6089652570012196,1.0,5.929240286252948e-31,2.6416209485661396e-31,3.6717887634036734e-31,3.7083952001870135e-31,6.983700551717976e-31,2.1266585209301393e-31,1.5890641964630219e-31,2.6650468467520915e-30,0.222517379197542,1.0,nan,NOT_COLLAPSED
MO_ml-623k_s1236,MO,1236,623k,MO-LBFGS,623360,1.0,PRE,0.9163306553643235,5.502252120488451e-31,2.406610469111763e-31,3.3530462442986916e-31,3.392105595309303e-31,6.387978834348685e-31,1.942427556141673e-31,1.464690820687415e-31,2.4449111640385965e-30,1.1261908833898898e-30,1.318720280648707e-30,1.6707968019823226e-30,4.368961076105848e-30,6.813872240144444e-30,0.9163306553643232,1.0,6.004657912815115e-31,2.6263559502490983e-31,3.659209942032907e-31,3.7018357679637326e-31,6.971259552381619e-31,2.119788904551463e-31,1.5984304487827703e-31,2.6681538478776706e-30,0.09352430937344712,1.0,nan,NOT_COLLAPSED
MX_init_s1234,MX,1234,0k,MX,0,0.0245,FULL,14.962980963502513,0.016670266748515086,0.007687255474464204,0.0012324958146047685,0.00017578264882691158,5.558049789382806e-05,3.5982954829027715e-05,9.260820326856056e-06,0.02586662495946066,0.025590018037584036,0.0002766069218766229,0.01796760388134052,1.9917270650501945e-06,0.025868616686525712,14.98884958018904,0.9982742752698766,0.0011121780143623157,0.0005128650104082471,8.222752331897131e-05,1.172756262877897e-05,3.70812349420461e-06,2.4006485232878437e-06,6.178473876794084e-07,0.0017257247301234854,3.994955104454738,0.0245,0.41550000000000004,REDISTRIBUTION
MX_init_s1234,MX,1234,0k,MX,0,0.0245,W1,4.854010910882875,0.005735080239927138,0.004408466703173187,0.0001119675399488015,0.00013348560261846213,3.802603349800229e-05,2.8681784004754792e-05,1.7207360391276082e-07,0.010455879976774256,0.010255514483049125,0.00020036549372513205,0.005885245886977853,2.901677269919893e-07,0.010456170144501249,4.864467081027375,0.9978505599017715,0.0011789740759878082,0.0009062589781590679,2.3017433310304175e-05,2.7440952597164813e-05,7.817102085978537e-06,5.8961825083579545e-06,3.537357973870592e-08,0.00214944009822842,2.4004013794264445,0.0245,0.41550000000000004,REDISTRIBUTION
MX_init_s1234,MX,1234,0k,MX,0,0.0245,W2,29.105822293152677,0.015949537319049824,0.011078840994949777,0.002773023873123925,0.00021275886673558878,7.730385658304595e-05,1.9231271145567302e-05,1.0258454445864162e-05,0.030120954636033623,0.02980140218712356,0.0003195524489100662,0.018810123503202672,4.16737621465754e-06,0.03012512201224828,29.135947415164928,0.9989661925690934,0.0005474179155075179,0.0003802465189037814,9.517535950494369e-05,7.302281753028067e-06,2.653212766293845e-06,6.600531509144407e-07,3.5208932000657736e-07,0.001033807430906486,5.513172518680788,0.0245,0.41550000000000004,REDISTRIBUTION
MX_init_s1234,MX,1234,0k,MX,0,0.0245,W3,148.87824776329848,0.12663515446844603,0.046069498872478055,0.02167644406458583,0.0007406059901379154,0.00036758896100884045,0.00026938116140446907,3.96252699362019e-05,0.1957982987879974,0.19438109740550993,0.0014172013824874275,0.1487188127639769,2.180004582014521e-05,0.19582009883381754,149.0740678621323,0.998686570171266,0.0008494782144418678,0.00030903769025824256,0.0001454072297437877,4.968041115818829e-06,2.465814611724879e-06,1.8070292483527062e-06,2.6580931411560896e-07,0.0013134298287339103,12.28432162461182,0.0245,0.41550000000000004,REDISTRIBUTION
MX_init_s1234,MX,1234,0k,MX,0,0.0245,W4,795.8364403702492,1.5802972387937275,0.32872810403986485,0.05638059126380851,0.0041345446311078365,0.0010451506177655851,0.0006835801241922561,0.0016091131054638082,1.9728783225759325,1.9654059340974028,0.007472388478529487,1.6393320937807672,0.0001558052318168611,1.9730341278077494,797.8094744980568,0.9975271305105731,0.0019807956635339566,0.0004120384361747876,7.066925635336712e-05,5.182371945569776e-06,1.3100255829024615e-06,8.568214336130743e-07,2.016914402679911e-06,0.002472869489426877,28.268212462923106,0.0245,0.41550000000000004,REDISTRIBUTION
MX_init_s1234,MX,1234,0k,MX,0,0.0245,PRE,2.3023195370181293,0.002159881682589639,0.003715195115155006,3.7999812170975736e-07,1.3485892220983226e-05,1.3325617200869604e-05,9.339150951514246e-06,4.711007646163869e-08,0.005911654566316182,0.005875456795866354,3.619777044982871e-05,0.0021736344079886795,1.2830895756085979e-07,0.005911782875273743,2.3082313198934026,0.9974388810844124,0.0009357302208133772,0.0016095420288488405,1.6462740954857052e-07,5.842522304590325e-06,5.773086010384628e-06,4.046020600347033e-06,2.0409600491231894e-08,0.0025611189155875795,1.7922983866876665,0.0245,0.41550000000000004,REDISTRIBUTION
MX_init_s1234,MX,1234,0k,MX,0,0.0245,POST,17.385453596919582,0.0194466628259757,0.00844726375480404,0.0014682470716747041,0.00020683627534185618,6.366548560962537e-05,4.108094170105565e-05,1.102375831105366e-05,0.029684780113418033,0.02936217365245444,0.00032260646096359024,0.02098959914157108,2.3482707887899276e-06,0.029687128384206823,17.415140725303786,0.9982954611401442,0.0011166527882214134,0.00048505292188457283,8.430866524787506e-05,1.1876809179686416e-05,3.6557553681908675e-06,2.3589213482927603e-06,6.329986057183276e-07,0.0017045388598557498,4.28937320494581,0.0245,0.41550000000000004,REDISTRIBUTION
MX_init_s1235,MX,1235,0k,MX,0,0.0245,FULL,14.154735778148694,0.01988034517718199,0.005565194918520681,0.0006981289982805308,0.00024587350496208237,7.154438322067178e-05,3.854545781851643e-05,6.278671022697835e-06,0.02650591111100717,0.0261436690939832,0.00036224201702396896,0.02065629722970588,4.287535301492332e-06,0.02651019864630866,14.181245976795,0.9981309174688785,0.0014018761976420245,0.00039243354287766895,4.922904591699232e-05,1.7337939113490843e-05,5.045001332630582e-06,2.7180594381738195e-06,4.427448005101737e-07,0.0018690825311214912,3.8937729032575152,0.0245,0.264,REDISTRIBUTION
MX_init_s1235,MX,1235,0k,MX,0,0.0245,W1,3.5889142416043995,0.005156897445449738,0.0027703028660184593,0.00041723011090016296,0.0001303156673508039,8.605412510229898e-06,5.827813434904459e-06,7.8377136607173e-07,0.008489963087030369,0.008344430422368359,0.00014553266466200987,0.005583516740226204,6.427553386384242e-07,0.008490605842369008,3.597404847446768,0.997639975214362,0.0014335051476074188,0.0007700838461259542,0.00011598088153564904,3.622491661650283e-05,2.392117210239383e-06,1.620005176872901e-06,2.1787136542777197e-07,0.0023600247856380646,2.1263672948647154,0.0245,0.264,REDISTRIBUTION
MX_init_s1235,MX,1235,0k,MX,0,0.0245,W2,23.168495538810934,0.03881533751511381,0.005799428014950553,0.001141490047420471,0.0003461415479918027,7.13994571973659e-05,4.635698326004003e-05,2.1129760147144523e-05,0.04624128332608116,0.04575625557748481,0.000485027748596353,0.04004935677987877,6.790330978874602e-06,0.04624807365706004,23.21474361246799,0.9980081065023324,0.0016720128172248098,0.00024981665996835105,4.917092345979026e-05,1.4910423092185594e-05,3.0756091591476164e-06,1.996877397973996e-06,9.101873654236617e-07,0.001991893497667682,4.932185299479975,0.0245,0.264,REDISTRIBUTION
MX_init_s1235,MX,1235,0k,MX,0,0.0245,W3,166.24803909632047,0.2398150017829608,0.05508484473661961,0.0038199009438244346,0.0022008271965940056,0.0004632078890126704,0.00018084756587441,3.065014745114867e-05,0.30159528026233723,0.29871974746340496,0.0028755327989322317,0.24412876076324913,2.4866438731601876e-05,0.30162014670106885,166.54965924302152,0.9981891567556347,0.0014399011002372995,0.0003307413128993625,2.2935510835090316e-05,1.3214242137678622e-05,2.781200275500572e-06,1.0858478708244966e-06,1.8403010949784606e-07,0.001810843244365254,12.980753711573007,0.0245,0.264,REDISTRIBUTION
MX_init_s1235,MX,1235,0k,MX,0,0.0245,W4,946.8438692097825,1.0674782601489008,0.26823128399578544,0.024223489095472377,0.008711582483655864,0.010332661666692581,0.005471064246331061,0.00047835109743080714,1.3849266927342692,1.3599330332401587,0.024993659494110317,1.102512762008497,0.0005294625497658499,1.385456155284035,948.2293253650664,0.9985394593596835,0.0011257602223869237,0.000282876121411695,2.5546038255900725e-05,9.187215702898218e-06,1.089680223944059e-05,5.7697723059799595e-06,5.044680139412096e-07,0.0014605406403167794,30.830818900916732,0.0245,0.264,REDISTRIBUTION
MX_init_s1235,MX,1235,0k,MX,0,0.0245,PRE,2.1790779437355674,0.0006363339967631464,0.0037048603409509267,3.1381619164642236e-05,9.690982664181098e-05,6.628332804135382e-06,8.365812731215222e-07,2.7173055231523496e-07,0.004477222428150098,0.004372575956878715,0.0001046464712713831,0.0006746156792842393,2.496369495635608e-07,0.0044774720650996615,2.183555415800667,0.9979495721026292,0.00029142107633631275,0.0016967102083617093,1.4371800470595172e-05,4.438167083823745e-05,3.035569197814536e-06,3.8312806842948223e-07,1.2444409764679217e-07,0.0020504278973707455,1.7414515604472474,0.0245,0.264,REDISTRIBUTION
MX_init_s1235,MX,1235,0k,MX,0,0.0245,POST,16.446140815672724,0.023562466424356165,0.005921148644108432,0.0008257034768091219,0.0002743759995749727,8.396532635359695e-05,4.576061968020501e-05,7.4280303183841734e-06,0.030720848521200887,0.030309318545273727,0.0004115299759271594,0.024479563257837268,5.060140928051885e-06,0.030725908662128938,16.476866724334855,0.9981355157828411,0.0014300336377503246,0.0003593614345246187,5.011290946281769e-05,1.6652200228834997e-05,5.0959538330083066e-06,2.777265514078319e-06,4.508158452605161e-07,0.0018644842171589432,4.181169348002417,0.0245,0.264,REDISTRIBUTION
MX_init_s1236,MX,1236,0k,MX,0,0.0245,FULL,11.605430341422364,0.013903179833140242,0.017243537297311273,0.0008540595700686486,0.0001310315820925151,4.066004902832018e-05,8.027996008101942e-06,4.390392996696496e-06,0.03218488672064578,0.032000776700520144,0.00018411002012563371,0.014802289845233891,1.0795067061211445e-06,0.032185966227351905,11.637616307649715,0.9972344087607559,0.001194676019148534,0.0014817071160431222,7.338785080325517e-05,1.1259315549086394e-05,3.493847169821614e-06,6.898317095660651e-07,3.772588206971569e-07,0.002765591239244083,3.5488912834498985,0.0245,0.42825,REDISTRIBUTION
MX_init_s1236,MX,1236,0k,MX,0,0.0245,W1,4.355443430194857,0.007761009317116563,0.0005841415962527837,0.00016098202128294692,1.8047462540959417e-05,1.8428019287771718e-05,3.60549898092089e-06,2.93498294375437e-06,0.008549148898405695,0.00850613293465229,4.3015963753406365e-05,0.007943354340631032,3.558796533526824e-07,0.008549504778059047,4.363992934972916,0.9980409799642276,0.0017784194579746782,0.00013385485554014286,3.688870188601364e-05,4.135539237032632e-06,4.222743039494488e-06,8.261927387763865e-07,6.725453562444409e-07,0.0019590200357723826,2.2939362795841842,0.0245,0.42825,REDISTRIBUTION
MX_init_s1236,MX,1236,0k,MX,0,0.0245,W2,22.650186894952927,0.030851885484195814,0.010185120679896513,0.0011538048986375086,0.00012041245951963987,4.4721445124801595e-05,1.0731491214898795e-05,6.08436360199596e-06,0.042372760822191144,0.0421908110627298,0.0001819497594613361,0.0320564961915601,3.002153960357539e-06,0.042375762976151504,22.692562657929077,0.9981327465272783,0.001359559518722876,0.00044883084298973953,5.084507504396372e-05,5.3062528575966745e-06,1.9707536656588762e-06,4.72907921260778e-07,2.681215206345185e-07,0.0018672534727217302,4.886565222960864,0.0245,0.42825,REDISTRIBUTION
MX_init_s1236,MX,1236,0k,MX,0,0.0245,W3,99.67451154990214,0.1182307848277922,0.25165446961478444,0.011204687939483223,0.002297472876732256,0.0003353887415286146,0.00012320593329754687,2.648377718671681e-05,0.38387249371080495,0.38108994238205973,0.002782551328745133,0.12979734528599077,7.87733951561722e-06,0.3838803710503206,100.05839192095243,0.9961635149579919,0.001181617971925853,0.0025150762929080895,0.00011198150006699471,2.2961323018477305e-05,3.3519304227662388e-06,1.2313404266437534e-06,2.646832390894217e-07,0.003836485042007915,10.091017777953503,0.0245,0.42825,REDISTRIBUTION
MX_init_s1236,MX,1236,0k,MX,0,0.0245,W4,588.4531516691321,0.08592991097190085,2.2064394874197,0.06930162623003908,0.010449708540631968,0.0026307506918459385,0.00013598726037676584,0.00011165584615955375,2.374999126960655,2.361671024621641,0.013328102339014226,0.15797394373994567,4.363011257480951e-05,2.37504275707323,590.8281944262052,0.9959802200965535,0.000145439771033451,0.003734486050549052,0.00011729574181030607,1.7686544770339458e-05,4.45264953658896e-06,2.3016381361235726e-07,1.8898193325606863e-07,0.004019779903446606,24.318739489481846,0.0245,0.42825,REDISTRIBUTION
MX_init_s1236,MX,1236,0k,MX,0,0.0245,PRE,2.325546406102808,0.0005986652127205226,6.475972071646187e-05,1.0493364515551393e-05,6.7231935672076615e-06,1.8348829331468794e-06,5.715155622263903e-07,2.7854388404294147e-06,0.0006858333288555462,0.0006739182979525358,1.1915030903010345e-05,0.0006137788990096502,1.1255248830972363e-07,0.0006859458813438558,2.326232351984152,0.9997051741794177,0.00025735401761381584,2.7838888834368388e-05,4.510884312271028e-06,2.890164383952588e-06,7.887789112557275e-07,2.45682934205237e-07,1.1974035924761937e-06,0.00029482582058234504,1.8058580647464033,0.0245,0.42825,REDISTRIBUTION
MX_init_s1236,MX,1236,0k,MX,0,0.0245,POST,13.381029902719584,0.016448846404828483,0.020530499735767017,0.0010154663069357366,0.0001548165692399324,4.808880011684416e-05,9.454708184762585e-06,4.6974826020873246e-06,0.038211870007674835,0.0379948124475312,0.00021705756014362643,0.01751709899448312,1.2645223266727966e-06,0.03821313453000151,13.419243037249581,0.9971524568485429,0.0012257657089283897,0.0015299299381797,7.567240564958984e-05,1.1536908855355427e-05,3.583570587019171e-06,7.045635174394127e-07,3.500557394855438e-07,0.0028475431514569795,3.7921615036428724,0.0245,0.42825,REDISTRIBUTION
MX_mx-128k_s1234,MX,1234,128k,MX,128000,0.03375,FULL,0.1408816266751911,2.1373496589385376e-05,1.9081345516218334e-05,8.739791883887931e-07,3.0925159073085362e-06,1.433892877144365e-07,7.980289392375114e-08,2.0065835693219294e-08,4.4664595218632416e-05,4.132882129399248e-05,3.335773924639936e-06,2.2410930901181834e-05,2.8966448554974174e-08,4.469356166718739e-05,0.14092632023685828,0.999683064140722,0.000151664365795122,0.00013539947261937752,6.201675929382115e-06,2.1944208418673235e-05,1.0174771962124575e-06,5.662739947553507e-07,1.4238532435879431e-07,0.00031693585927788145,0.8964755007692183,0.03375,nan,AMPLITUDE_LOSS
MX_mx-128k_s1234,MX,1234,128k,MX,128000,0.03375,W1,0.16639629180416549,9.350468365044653e-06,2.322191930278633e-06,2.8654792224551955e-07,1.7446844807258355e-06,3.7739735650429166e-08,3.075254302400286e-08,1.00628674628971e-08,1.3782447844431967e-05,1.19592082175688e-05,1.8232396268631648e-06,9.684818890403494e-06,1.4222182515947374e-08,1.3796670026947915e-05,0.1664100884741924,0.9999171778036493,5.618931670497533e-05,1.3954635503388617e-05,1.721938551698342e-06,1.0484247955347349e-05,2.267875657171837e-07,1.8479976745537342e-07,6.047030210237131e-08,8.282219635068457e-05,0.8683374310416315,0.03375,nan,AMPLITUDE_LOSS
MX_mx-128k_s1234,MX,1234,128k,MX,128000,0.03375,W2,0.0039853632635455495,2.5652655357682857e-05,4.1893652055589306e-05,2.249264821551628e-06,4.701444024159159e-06,1.895309773827181e-07,8.366701468883517e-08,3.899940388455333e-08,7.480921365493905e-05,6.979557223482378e-05,5.013641420115263e-06,2.813045056050176e-05,6.396321127175255e-08,7.48731768662108e-05,0.004060236440411759,0.9815748680443939,0.006318119612339833,0.01031819517294869,0.0005539825793564576,0.0011579419471856574,4.668052365928071e-05,2.0606763667962216e-05,9.605356448168318e-06,0.01842513195560605,1.023242155444711,0.03375,nan,AMPLITUDE_LOSS
MX_mx-128k_s1234,MX,1234,128k,MX,128000,0.03375,W3,0.021427305634900556,0.0001678698757825707,0.00013836025265604251,7.923482171704638e-06,3.3387053055219896e-05,2.421192284279002e-06,1.2762646946796235e-06,1.6613077392364445e-07,0.0003514042514184198,0.00031415361061031764,3.725064080810217e-05,0.00017838068101247797,1.4212322164845755e-07,0.00035154637464006826,0.021778852009540623,0.9838647810980224,0.007707980714138815,0.006353004993328745,0.00036381779329739165,0.0015330133524664453,0.00011117243844640947,5.860148288587814e-05,7.628127413920211e-06,0.016135218901977607,1.0513066986529012,0.03375,nan,AMPLITUDE_LOSS
MX_mx-128k_s1234,MX,1234,128k,MX,128000,0.03375,W4,0.18093527717041696,0.0014290957792694715,0.001926411200478912,3.2584461575297594e-05,4.443654161703413e-05,6.527161995881373e-06,2.810143353401754e-06,5.549803105563947e-07,0.0034424202686005557,0.003388091441323682,5.432882727687368e-05,0.0014687623831512071,1.1771542808992452e-06,0.0034435974228814547,0.1843788745932984,0.9813295191532636,0.007750914558102348,0.010448179076084117,0.00017672669757726412,0.00024100822515006956,3.540103866434392e-05,1.5241232494137207e-05,3.010018664214812e-06,0.018670480846736497,1.0360568489519728,0.03375,nan,AMPLITUDE_LOSS
MX_mx-128k_s1234,MX,1234,128k,MX,128000,0.03375,PRE,0.5508490937119862,2.0735449618814846e-05,8.182422382451418e-07,1.816407598763926e-07,2.1758609086932523e-06,2.6056843733728495e-09,4.987866582607359e-08,1.0033458149831445e-08,2.3973711333978912e-05,2.1735332616936382e-05,2.2383787170425298e-06,2.0929729521214446e-05,1.1510655418521579e-08,2.3985221989397433e-05,0.5508730789339755,0.9999564805165623,3.7641066236553935e-05,1.4853553143783678e-06,3.2973251120445504e-07,3.949840784322105e-06,4.7300994139372235e-09,9.054475300340674e-08,1.82137387779047e-08,4.3519483437654107e-05,0.41041260636206,0.03375,nan,AMPLITUDE_LOSS
MX_mx-128k_s1234,MX,1234,128k,MX,128000,0.03375,POST,0.017908538852788095,2.1564883985838833e-05,2.4559512404788155e-05,1.0816517507695504e-06,3.3674740557253354e-06,1.8561847858840687e-07,8.87789103781081e-08,2.3075129219917137e-08,5.0870994715308324e-05,4.7206048141396565e-05,3.664946573911763e-06,2.2855229344416756e-05,3.420245617746687e-08,5.090519717148579e-05,0.01795944404995958,0.9971674461940975,0.0012007568271424417,0.0013675010823477735,6.022757762944633e-05,0.00018750471670946685,1.0335444213619922e-05,4.9433088911019945e-06,1.284848968638296e-06,0.0028325538059024886,0.997101144032971,0.03375,nan,AMPLITUDE_LOSS
MX_mx-128k_s1235,MX,1235,128k,MX,128000,0.0335,FULL,0.141766618562462,7.95692684751149e-05,2.8670116370404468e-05,3.137818180680649e-06,1.8701103973758283e-06,1.1620109320809935e-07,5.814491980532263e-08,2.7686946413842184e-08,0.00011344934638300314,0.00011137720302620005,2.0721433568030967e-06,8.28509746954175e-05,4.957275740770045e-08,0.00011349891914041084,0.14188011748160242,0.9992003855928804,0.0005608206258136015,0.00020207289715158848,2.2115990124114026e-05,1.3180924036330002e-05,8.190092866515689e-07,4.098173948061503e-07,1.951433123899435e-07,0.0007996144071194816,0.9075514230448628,0.0335,nan,AMPLITUDE_LOSS
MX_mx-128k_s1235,MX,1235,128k,MX,128000,0.0335,W1,0.15897651355515446,4.347340897784764e-05,2.094620902046664e-05,4.5121728088656013e-07,1.053175714817257e-06,3.161776191882631e-08,1.4415347606182443e-08,6.397732419799253e-09,6.597644183596292e-05,6.487083527920086e-05,1.1056065567620642e-06,4.3962641753072806e-05,1.6358746637215703e-08,6.599280058260013e-05,0.15904250635573702,0.999585164682487,0.00027334461991050473,0.0001317019685799878,2.837086371667714e-06,6.621977025367152e-06,1.9880072249513063e-07,9.06383420333473e-08,4.02265609644336e-08,0.00041483531751302033,0.8814709135890855,0.0335,nan,AMPLITUDE_LOSS
MX_mx-128k_s1235,MX,1235,128k,MX,128000,0.0335,W2,0.0148712848076365,0.00012497798461888086,2.7830060115028128e-05,7.741850090957308e-06,2.8618248357386816e-06,9.846901978699703e-08,1.1033708088232071e-07,1.0434982072899666e-07,0.0001637248755820032,0.0001605498948248662,3.174980757136997e-06,0.00013292265355035405,1.0526207409765509e-07,0.00016383013765610086,0.015035114945292596,0.9891104243341629,0.008312464524607287,0.0018510171061672822,0.000514921523435963,0.00019034406335853202,6.549315355407089e-06,7.338677074845827e-06,6.9404558379146224e-06,0.010889575665837231,0.9968696023886695,0.0335,nan,AMPLITUDE_LOSS
MX_mx-128k_s1235,MX,1235,128k,MX,128000,0.0335,W3,0.13626492633890083,0.0005756943524951505,0.00012131732957527174,3.3685368060027226e-05,1.3749693847734655e-05,1.594715017627563e-06,8.664266284021089e-07,1.3251022368306992e-07,0.0007470403958478955,0.0007306970501304482,1.6343345717447402e-05,0.0006111069457964871,4.986971189152182e-07,0.0007475390929668108,0.1370124654318676,0.9945476266515161,0.004201781539343033,0.0008854506103845554,0.00024585712374482687,0.00010035396305458246,1.1639238933887322e-05,6.323729591295375e-06,9.671434316362032e-07,0.0054523733484838155,1.1229095225376502,0.0335,nan,AMPLITUDE_LOSS
MX_mx-128k_s1235,MX,1235,128k,MX,128000,0.0335,W4,0.8529122682331233,0.0029288304834349356,0.001057480398928566,0.0002124119981062677,6.376532154705292e-05,8.983657245913018e-06,2.4064104845074145e-06,1.1785992560616651e-06,0.004275056869003306,0.004198722880469771,7.6333988533535e-05,0.003151404738043178,2.2645105760156976e-06,0.004277321379579322,0.8571895896127024,0.9950126923907864,0.0034167916366308728,0.0012336631305211823,0.0002478011420443723,7.438901588921163e-05,1.0480389738430498e-05,2.807333256147611e-06,1.374961133403655e-06,0.00498730760921362,1.4430272594772677,0.0335,nan,AMPLITUDE_LOSS
MX_mx-128k_s1235,MX,1235,128k,MX,128000,0.0335,PRE,0.529459038951056,2.1455473675125964e-06,3.8132294415134626e-05,4.4514562724806165e-07,9.588259524673104e-07,2.1125443402547145e-08,3.018595084710995e-08,4.3378395049040643e-10,4.173355854056273e-05,4.0722987409895277e-05,1.0105711306674581e-06,2.6122522221136956e-06,1.273574629315768e-08,4.174629428685589e-05,0.5295007852453428,0.9999211831961212,4.052019333878707e-06,7.201555955131966e-05,8.406892876440402e-07,1.810811243811609e-06,3.989690761435909e-08,5.7008322582877563e-08,8.192319501904875e-10,7.881680387880143e-05,0.48690910967671375,0.0335,nan,AMPLITUDE_LOSS
MX_mx-128k_s1235,MX,1235,128k,MX,128000,0.0335,POST,0.025761236637099543,0.00010273600546772289,2.5838842091623153e-05,3.943520050342681e-06,2.142785060368453e-06,1.4464964285072632e-07,6.651080652806507e-08,3.584164161543063e-08,0.00013490815476105132,0.00013251836760968866,2.389787151362679e-06,0.00010686001680253173,6.059513318447765e-08,0.0001349687498942358,0.025896205386993772,0.9947904154905924,0.003967231659131512,0.0009977872111583382,0.0001522821285576905,8.27453305343719e-05,5.585759734251692e-06,2.568367108797222e-06,1.384053182568552e-06,0.00520958450940753,0.9995813510940593,0.0335,nan,AMPLITUDE_LOSS
MX_mx-128k_s1236,MX,1236,128k,MX,128000,0.0335,FULL,0.1318536637251957,1.7950627301500352e-05,2.261704431392662e-05,4.6494803136751123e-07,1.922807365077099e-06,1.5467989120668523e-07,8.155259370680146e-08,1.3966206841951225e-08,4.320562570362699e-05,4.103261964679444e-05,2.17300605683254e-06,1.858422143091646e-05,4.273928818096604e-08,4.324836499180795e-05,0.13189691209018745,0.9996724287246829,0.00013609593153984757,0.0001714752171543659,3.525087696589347e-06,1.4578112236778275e-05,1.1727336059446019e-06,6.183057574311167e-07,1.058873262927523e-07,0.0003275712753172496,0.8972928515003823,0.0335,nan,AMPLITUDE_LOSS
MX_mx-128k_s1236,MX,1236,128k,MX,128000,0.0335,W1,0.1566272185760962,8.669143010543132e-06,9.323255248026957e-06,1.5263140708544075e-07,6.2694376743643e-07,5.254413651176004e-08,3.589147317845034e-08,3.147762305312705e-09,1.8863556805087496e-05,1.814502966565554e-05,7.185271394319548e-07,8.877466316445642e-06,1.838107631504434e-08,1.888193788140254e-05,0.15664610051397757,0.9998795784960068,5.5342226837107196e-05,5.951795998393996e-05,9.743710471861406e-07,4.002294592369842e-06,3.354321780431176e-07,2.2912461447966161e-07,2.0094740081926164e-08,0.00012042150399320784,0.8723435212901414,0.0335,nan,AMPLITUDE_LOSS
MX_mx-128k_s1236,MX,1236,128k,MX,128000,0.0335,W2,0.002834788825009812,2.404711945906944e-05,7.563838494806519e-05,1.6641060129657386e-06,3.156475250164838e-06,3.702136548135067e-07,1.4629457011285865e-07,2.9409448892683897e-08,0.00010505200334408423,0.00010134961042010033,3.702392923983891e-06,2.611084857574133e-05,5.436777617536961e-08,0.0001051063711202596,0.0029398951961300715,0.964266091439071,0.008179735184007943,0.0257287347731739,0.0005660530995133922,0.0010736891670193754,0.00012592982968428275,4.9762752017691157e-05,1.000375551255649e-05,0.035733908560929145,1.0065749204588665,0.0335,nan,AMPLITUDE_LOSS
MX_mx-128k_s1236,MX,1236,128k,MX,128000,0.0335,W3,0.01846207316295513,0.0001588809660052061,0.00016295099944224674,2.748139849973811e-06,2.3283613429300923e-05,1.7422282638118916e-06,5.371042872853741e-07,1.4146581279889091e-07,0.0003502845170906238,0.00032458010529742674,2.570441179319709e-05,0.00016351279993179077,4.6333798149161093e-07,0.00035074785507211543,0.018812821018027243,0.9813800841421291,0.008445563746309743,0.008661912675362779,0.00014608162872050616,0.0012376765222786414,9.261084088677884e-05,2.8550609999036932e-05,7.519834313428114e-06,0.018619915857870914,1.058375769494705,0.0335,nan,AMPLITUDE_LOSS
MX_mx-128k_s1236,MX,1236,128k,MX,128000,0.0335,W4,0.029711240075997535,0.0008539129360894818,0.0001431591780001885,1.064382970328329e-05,9.656565481993372e-05,4.344269657410552e-06,4.441752740811731e-06,9.308636983930713e-07,0.0011139984847095025,0.0010077159437929535,0.00010628254091654907,0.0008698318991485688,2.0853703569142027e-06,0.0011160838550664167,0.030827323931063945,0.9638608316845433,0.027701746230050762,0.0046442196292577394,0.0003452959393102959,0.0031326815080362754,0.00014093223151720214,0.00014409467527928992,3.0198102005271835e-05,0.03613916831545684,1.0213622074369024,0.0335,nan,AMPLITUDE_LOSS
MX_mx-128k_s1236,MX,1236,128k,MX,128000,0.0335,PRE,0.5283339415353125,1.6712536929424545e-05,2.628515564640413e-05,3.3853300654324654e-07,8.194080154749971e-07,5.3429824462649164e-08,3.318953335218364e-08,8.446242316417081e-09,4.425069919797817e-05,4.333622558237192e-05,9.14473615606247e-07,1.7112946002746863e-05,2.9585224925724735e-08,4.42802844229039e-05,0.5283782218197353,0.9999162518441368,3.162987643140089e-05,4.9746859413792696e-05,6.407020795305557e-07,1.5507983249833268e-06,1.0112041951749477e-07,6.281397271871714e-08,1.5985221268686237e-08,8.374815586321238e-05,0.45204412964161517,0.0335,nan,AMPLITUDE_LOSS
MX_mx-128k_s1236,MX,1236,128k,MX,128000,0.0335,POST,0.013218777835150054,1.8321088881138177e-05,2.151947151216204e-05,5.027739533216835e-07,2.252966677550865e-06,1.8497595077585998e-07,9.602379559899576e-08,1.5617891423138568e-08,4.289291866197072e-05,4.034333434662185e-05,2.549584315348861e-06,1.902445667665888e-05,4.667524888472486e-08,4.293959391085545e-05,0.013261717429060913,0.9967656474468242,0.0013815068418790255,0.00162268178057251,3.791181086117408e-05,0.00016988558375295737,1.3948163410910342e-05,7.24070121944437e-06,1.1776714799414997e-06,0.0032343525531759636,0.99242284395103,0.0335,nan,AMPLITUDE_LOSS
MX_mx-256k_s1234,MX,1234,256k,MX,256000,0.03375,FULL,0.17723795502216974,0.00011530321777414471,5.729088233555683e-05,2.2746627449705252e-05,1.0749700094124439e-05,8.476831904672767e-07,2.914143137266798e-07,2.985873382584826e-08,0.0002072593838915509,0.00019534072755940664,1.1918656332144268e-05,0.00013892738714814292,3.03618838879712e-07,0.00020756300273043062,0.17744551802490016,0.9988319809886941,0.00064979615347804,0.00032286518702304276,0.00012818957967303867,6.058038888287584e-05,4.777154420898939e-06,1.6422776725880906e-06,1.6827015552823165e-07,0.0011680190113060125,0.8462339105483382,0.03375,nan,AMPLITUDE_LOSS
MX_mx-256k_s1234,MX,1234,256k,MX,256000,0.03375,W1,0.1845999808188578,3.355270674249121e-05,3.4288080707658826e-05,5.565907347146256e-06,1.8326688596786045e-06,2.3033284483936454e-07,1.580879306760735e-07,2.283971033735129e-08,7.565062414282767e-05,7.340669479729628e-05,2.243929345531397e-06,3.9371786644814195e-05,1.2200191293268527e-07,7.577262605576035e-05,0.18467575344491352,0.9995903594667488,0.00018168453780458373,0.00018566651398314938,3.0138829382392834e-05,9.923717847117548e-06,1.2472292258573148e-06,8.560302701597471e-07,1.2367473801978407e-07,0.0004096405332512803,0.7895895141347284,0.03375,nan,AMPLITUDE_LOSS
MX_mx-256k_s1234,MX,1234,256k,MX,256000,0.03375,W2,0.038624807171004895,0.00013385535781359687,9.10679175837224e-05,5.767694053076942e-05,1.8298842479789792e-05,2.457135510787901e-06,3.769963602972474e-07,2.937804598237284e-08,0.00030376256832494603,0.0002826002159280887,2.1162352396857333e-05,0.00019401881190113658,5.615687603132094e-07,0.00030432413708525924,0.038929131308090156,0.9921969245117667,0.003438486404969605,0.002339359452287191,0.0014816095458163718,0.00047006202905272256,6.311908008028975e-05,9.684310593008109e-06,7.546654341295244e-07,0.007803075488233317,1.0344556626882815,0.03375,nan,AMPLITUDE_LOSS
MX_mx-256k_s1234,MX,1234,256k,MX,256000,0.03375,W3,0.35850076706047707,0.0016576526029719108,0.000545232190729608,0.000309925696182716,0.00020376767163467538,9.297040893862079e-06,3.135615936556256e-06,1.8382447772660826e-07,0.0027291946428270536,0.0025128104898842333,0.0002163841529428202,0.001977059164526214,2.2170222509339306e-06,0.0027314116650779875,0.36123217872555496,0.992444716850291,0.004588912268394332,0.001509376985670511,0.000857973393794153,0.0005640940487711796,2.5737180963682598e-05,8.680387202021956e-06,5.088849132553187e-07,0.007555283149709134,1.2411887351877817,0.03375,nan,AMPLITUDE_LOSS
MX_mx-256k_s1234,MX,1234,256k,MX,256000,0.03375,W4,2.148496458215334,0.006878759325995374,0.0007263350361268182,0.0006542890842844045,0.0004270097471562299,2.28684854478371e-05,7.638235240258656e-06,5.533968950920901e-07,0.00871745331114601,0.008259383446406593,0.0004580698647394173,0.007556470292622705,1.7047258203932507e-05,0.008734500569349943,2.1572309587846843,0.9959589295875728,0.0031887237928703406,0.00033670051553341354,0.00030330283000141577,0.0001979450182824339,1.0600935459226217e-05,3.540787123356591e-06,2.5653315702034266e-07,0.004041070412427206,1.716425342909204,0.03375,nan,AMPLITUDE_LOSS
MX_mx-256k_s1234,MX,1234,256k,MX,256000,0.03375,PRE,0.5441985953216271,1.9302341236325935e-05,1.2224359595473041e-05,2.4256205996363123e-06,7.991830621552565e-07,5.813084365968347e-08,6.308093506536418e-08,4.660560091785473e-09,3.4877376832407385e-05,3.39523214314353e-05,9.250554009720897e-07,2.1790753239713722e-05,5.993745854526644e-08,3.493731429095265e-05,0.5442335326359179,0.9999359146789346,3.546702326231353e-05,2.2461609233370547e-05,4.456948573209613e-06,1.4684562825448542e-06,1.0681232701740072e-07,1.1590785614966224e-07,8.5635307741678e-09,6.408532106537977e-05,0.4018765197173792,0.03375,nan,AMPLITUDE_LOSS
MX_mx-256k_s1234,MX,1234,256k,MX,256000,0.03375,POST,0.0671651158940341,0.0001440994642344847,7.080895365673621e-05,2.884207931098404e-05,1.373443889229068e-05,1.0845158610841387e-06,3.5990477427433067e-07,3.741713170058733e-08,0.00025896677386155444,0.0002437504972022047,1.5216276659349763e-05,0.00017406347653825324,3.767130577969966e-07,0.00025934348691935145,0.06742445938095343,0.9961591353769376,0.0021372106009103784,0.0010502026999093628,0.0004277711786313594,0.00020370227296886037,1.6084992456271608e-05,5.3379261538800525e-06,5.549520322714559e-07,0.0038408646230623845,0.939399146207031,0.03375,nan,AMPLITUDE_LOSS
MX_mx-256k_s1235,MX,1235,256k,MX,256000,0.034,FULL,0.1496865971200353,7.792160409238514e-05,3.636177247281843e-05,1.501678153973565e-06,1.1964180319245265e-06,2.771276429616924e-07,1.8974818585189624e-07,2.0098857173484323e-08,0.00011746844743708884,0.00011578505471917723,1.6833927179116054e-06,7.972050874649402e-05,2.466329068593301e-08,0.00011749311072777478,0.149804090230763,0.9992158527407644,0.0005201568048050679,0.00024272887611612206,1.002428170614108e-05,7.986552483688506e-06,1.8499340582774371e-06,1.2666424314527922e-06,1.341676348859288e-07,0.0007841472592356357,0.8514099507103989,0.03375,0.97675,AMPLITUDE_LOSS
MX_mx-256k_s1235,MX,1235,256k,MX,256000,0.034,W1,0.17589665759313375,2.172567710063509e-05,1.0020392276413332e-05,5.824143986010775e-07,8.732095633185672e-07,4.571716223867388e-08,5.260215259939802e-08,5.450062689587983e-09,3.330546271649575e-05,3.2328483775649524e-05,9.769789408462276e-07,2.235925872416446e-05,6.2796146125113295e-09,3.331174233110826e-05,0.17592996933546481,0.9998106890825302,0.0001234904886198274,5.695671221867012e-05,3.3104900864225527e-06,4.963393092064489e-06,2.5986001158972936e-07,2.989948482095637e-07,3.097859281569804e-08,0.00018931091746959955,0.8179871837032845,0.03375,0.97675,AMPLITUDE_LOSS
MX_mx-256k_s1235,MX,1235,256k,MX,256000,0.034,W2,0.008526532298252553,0.00010654939592599866,3.699731123905796e-05,3.910859653663212e-06,9.500666390405626e-07,4.954936512594811e-07,6.381065924860502e-07,5.953542603396876e-08,0.0001496007691275399,0.00014745756681871984,2.143202308820064e-06,0.00011101528465695536,6.640473308426416e-08,0.00014966717386062417,0.008676199472113174,0.982757206699607,0.012280747090728187,0.004264262771413427,0.0004507606814338725,0.00010950346561794398,5.710996447511882e-05,7.354734966953869e-05,6.861977054940036e-06,0.017242793300393026,0.989679892338339,0.03375,0.97675,AMPLITUDE_LOSS
MX_mx-256k_s1235,MX,1235,256k,MX,256000,0.034,W3,0.038391680313074245,0.0006517138629330684,0.0004486150120459326,1.0000366691213255e-05,1.0811553300951544e-05,4.759824423955426e-06,6.885667267601028e-07,2.3717712074249473e-07,0.0011268263632426248,0.0011103292416702153,1.6497121572409567e-05,0.00066671123116898,3.1325684718822394e-07,0.0011271396200898131,0.03951881993316405,0.9714861097239303,0.01649135854932584,0.011352023387938,0.00025305527795174503,0.0002735820305535689,0.0001204454526316388,1.7423905523554468e-05,6.001672145284608e-06,0.02851389027606963,1.0630668296292312,0.03375,0.97675,AMPLITUDE_LOSS
MX_mx-256k_s1235,MX,1235,256k,MX,256000,0.034,W4,0.14224179538091014,0.007018367995762168,0.002876723726703948,5.742088482246385e-05,1.7991896583180025e-05,1.3388746902473892e-05,1.009207372539132e-05,4.0669710235731765e-07,0.009994392021601987,0.009952512607288584,4.187941431340254e-05,0.0070895843245894685,6.67099454657202e-07,0.009995059121056644,0.1522368545019668,0.9343494329953439,0.04610183764787558,0.018896451466548468,0.00037718288799917977,0.00011818409860468635,8.79472031644755e-05,6.629221276218585e-05,2.6714877014228646e-06,0.06565056700465599,1.1203414738044226,0.03375,0.97675,AMPLITUDE_LOSS
MX_mx-256k_s1235,MX,1235,256k,MX,256000,0.034,PRE,0.5820449227824449,2.850696259990068e-05,1.262276042220857e-05,2.112933237058103e-07,1.223029442384309e-06,7.465712801661225e-09,4.160359015293296e-08,2.2397262882475384e-09,4.2615354817442217e-05,4.134101634581507e-05,1.2743384716271503e-06,2.8727961362696405e-05,5.138494952781085e-09,4.2620493312395e-05,0.5820875432757572,0.9999267887525067,4.897366930603906e-05,2.1685330118220117e-05,3.6299235056976105e-07,2.10110913265404e-06,1.2825756114883074e-08,7.147308167096062e-08,3.847748219133648e-09,7.321124749348794e-05,0.34937411474445096,0.03375,0.97675,AMPLITUDE_LOSS
MX_mx-256k_s1235,MX,1235,256k,MX,256000,0.034,POST,0.019724620124096592,9.277508121941801e-05,4.3497448496405874e-05,1.8895531032306059e-06,1.188418945729748e-06,3.5818494077235743e-07,2.3427876013609403e-07,2.5467108042063342e-08,0.0001399684325737347,0.00013816208281905443,1.8063497546802672e-06,9.504828637146298e-05,3.0532221392967866e-08,0.00013999896479512767,0.019864619088891713,0.9929538720535576,0.004670375173125087,0.002189697932696411,9.51216833834758e-05,5.982600356102974e-05,1.8031329455957098e-05,1.1793788704343718e-05,1.2820355160848145e-06,0.007046127946442391,0.9518953271999918,0.03375,0.97675,AMPLITUDE_LOSS
MX_mx-256k_s1236,MX,1236,256k,MX,256000,0.05625,FULL,0.2077792727919578,4.068381437783037e-05,4.724958802635545e-05,2.734291447195852e-06,3.3743911485591094e-06,6.483796437472171e-08,5.445730139626285e-07,8.196132870714632e-08,9.473345730698536e-05,9.066769385138174e-05,4.065763455603607e-06,4.356490511810805e-05,8.815050319185833e-08,9.482160781017722e-05,0.20787409439976803,0.9995442746353125,0.00019571381295767156,0.00022729916490712168,1.3153599608395097e-05,1.6232867251871974e-05,3.119099186310663e-07,2.6197263611190707e-06,3.94283682630648e-07,0.00045572536468744114,0.7987541367776713,0.05625,nan,AMPLITUDE_LOSS
MX_mx-256k_s1236,MX,1236,256k,MX,256000,0.05625,W1,0.2422534200737622,2.2508924142340183e-05,2.331161997511848e-05,4.845233348087859e-07,1.7687962900495692e-06,2.407747661066835e-08,2.400363911262941e-07,1.8201919691218603e-08,4.8356179529745226e-05,4.630506745226748e-05,2.0511120774777497e-06,2.3035726873450893e-05,5.8485137824222275e-08,4.8414664667569445e-05,0.2423018347384298,0.9998004299420439,9.289624075562027e-05,9.620903459968659e-05,1.9996689347513736e-06,7.299972445107236e-06,9.936978994945053e-08,9.906505632685516e-07,7.512086775703667e-08,0.00019957005795614053,0.7433187072006341,0.05625,nan,AMPLITUDE_LOSS
MX_mx-256k_s1236,MX,1236,256k,MX,256000,0.05625,W2,0.009597243527322422,5.0286181379262276e-05,9.979197562218641e-05,8.97303953581003e-06,5.372071496187395e-06,1.7184201539710007e-07,1.2576246736750519e-06,1.4068445503922422e-07,0.00016599341917755724,0.00015905119653725848,6.942222640298776e-06,5.9571747385508567e-05,1.0313262482117896e-07,0.0001660965518023784,0.0097633400791248,0.9829981162920497,0.005150564475165106,0.010221197761461747,0.0009190639933231128,0.000550234673769055,1.76009264487536e-05,0.00012881226590796786,1.4409611874641465e-05,0.017001883707950385,1.0181960243560173,0.05625,nan,AMPLITUDE_LOSS
MX_mx-256k_s1236,MX,1236,256k,MX,256000,0.05625,W3,0.14160677825022142,0.0003268540182865823,0.0003585599520138866,2.895167000529532e-05,2.869228921691591e-05,3.1687760239276875e-07,4.042350761755899e-06,6.68264227923475e-07,0.0007480854221147521,0.0007143656403057641,3.3719781808988086e-05,0.00035679083012219365,3.904015065902707e-07,0.0007484758236213424,0.14235525407384272,0.9947449254432454,0.0022960509381605297,0.002518775563855676,0.00020337675340643423,0.00020155468156646963,2.225969624207139e-06,2.8396295409058418e-05,4.6943547321406956e-06,0.005255074556754514,1.11380129823742,0.05625,nan,AMPLITUDE_LOSS
MX_mx-256k_s1236,MX,1236,256k,MX,256000,0.05625,W4,0.14000895406458433,0.0016943312257401949,0.0013140096481657987,9.727995818278973e-05,0.00011209616008690484,3.2579431278474514e-06,1.7885665466716514e-05,7.48145858118406e-06,0.003246342059351437,0.003105620832088784,0.00014072122726265283,0.001802350585632016,3.759907221216761e-06,0.003250101966572654,0.14325905603115696,0.9773387641002612,0.0118273548802996,0.009172503102635725,0.0006790670977960148,0.0007824922576679194,2.274221767709644e-05,0.00012485168751627122,5.222465614612644e-05,0.022661235899738758,1.1291583336430826,0.05625,nan,AMPLITUDE_LOSS
MX_mx-256k_s1236,MX,1236,256k,MX,256000,0.05625,PRE,0.5234705872439807,2.7694373902037017e-05,2.529732276147867e-05,7.032888525248064e-07,4.4266839699371363e-07,5.2024397228774736e-09,8.583303264293896e-08,1.0945765521638921e-08,5.4239635150921665e-05,5.3694985516040484e-05,5.446496348811692e-07,2.8413810959806334e-05,6.653349341932037e-08,5.430616864434098e-05,0.523524893412625,0.9998963952951873,5.289982915830453e-05,4.8321152049813265e-05,1.3433724943233263e-06,8.455537813413283e-07,9.93733144212201e-09,1.6395217234416976e-07,2.0907825110968468e-08,0.00010360470481267972,0.37813875491912297,0.05625,nan,AMPLITUDE_LOSS
MX_mx-256k_s1236,MX,1236,256k,MX,256000,0.05625,POST,0.038985629607295215,4.7629000641967166e-05,5.898701208772538e-05,3.8202266996974815e-06,4.941922915795273e-06,9.672385102537694e-08,7.898518327854452e-07,1.1993188755416244e-07,0.00011638466991655054,0.00011043623942939027,5.948430487160261e-06,5.166588308024428e-05,9.970867304711311e-08,0.00011648437858959765,0.039102113985884805,0.997023563310794,0.0012180702585883152,0.0015085415208930192,9.769897460049407e-05,0.0001263853795551239,2.47362834916018e-06,2.0199773525369596e-05,3.067153694536329e-06,0.0029764366892060185,0.9500972419441115,0.05625,nan,AMPLITUDE_LOSS
MX_mx-384k_s1234,MX,1234,384k,MX,384000,0.035,FULL,0.19215092335634515,3.6432896545241665e-05,0.00018428143696704578,1.6197190036442462e-06,1.0180141024947925e-05,1.4817017166510758e-07,1.3949255687339845e-06,1.0434424928190083e-08,0.00023406772370620696,0.00022233405251593176,1.173367119027521e-05,3.8211220145479216e-05,1.0842394916538507e-07,0.00023417614765537236,0.1923850995040005,0.998783336878869,0.00018937494209245233,0.0009578784495219092,8.419154709268798e-06,5.291546376771137e-05,7.701753179043675e-07,7.2506985129289906e-06,5.423720878438139e-08,0.0012166631211309594,0.7894290275733854,0.035,nan,AMPLITUDE_LOSS
MX_mx-384k_s1234,MX,1234,384k,MX,384000,0.035,W1,0.218011164948349,5.062111142126629e-06,3.81535484599969e-05,9.79388433192649e-07,2.5303208770665048e-06,3.8929744189556375e-08,3.090441363794885e-07,1.8129377667462209e-09,4.7075155730718535e-05,4.419504803531624e-05,2.880107695402297e-06,6.082242257275591e-06,4.1729268991108165e-08,4.7116884999709646e-05,0.2180582818333487,0.999784116593309,2.3214491411608513e-05,0.000174969533101735,4.491407583245575e-06,1.160387644997397e-05,1.7852911300657566e-07,1.4172550243090098e-06,8.314007147268984e-09,0.0002158834066910259,0.7306137007576886,0.035,nan,AMPLITUDE_LOSS
MX_mx-384k_s1234,MX,1234,384k,MX,384000,0.035,W2,0.010060010912925731,2.3725299313075173e-05,0.00027392804227392015,1.0704972329128731e-06,1.167347852262689e-05,4.677458192368478e-07,1.882120139522852e-06,2.410729609918526e-08,0.00031277129059739374,0.000298723838819908,1.4047451777485784e-05,2.5287649661324107e-05,2.65651196687822e-07,0.00031303694179408157,0.010373047854719812,0.9698469239534248,0.0022872647711639858,0.026408348011093864,0.00010320251711727635,0.0011253951248163664,4.509357374514016e-05,0.0001814479570277284,2.3240916107345984e-06,0.030153076046575092,1.0087398997030343,0.035,nan,AMPLITUDE_LOSS
MX_mx-384k_s1234,MX,1234,384k,MX,384000,0.035,W3,0.19312109825994522,0.0010243980075104935,0.0035809645997054813,2.273205019531968e-05,7.237409766100595e-05,1.5753417820311976e-06,1.5983518483041758e-05,1.8553609096339533e-07,0.004718213151428337,0.004628094657411295,9.011849401704234e-05,0.0010488909355788078,9.52479516213869e-07,0.00471916563094455,0.19784026389088977,0.9761512860221313,0.005177929503507167,0.018100369305569748,0.00011490158367996032,0.0003658226322397383,7.962733850986465e-06,8.079040696723174e-05,9.378120538319321e-07,0.02384871397786866,1.1577261984554104,0.035,nan,AMPLITUDE_LOSS
MX_mx-384k_s1234,MX,1234,384k,MX,384000,0.035,W4,0.9299609648759513,0.0009890774078481282,0.006760035628947321,2.4977112839094024e-05,0.0011244063361280296,3.3122865247432653e-06,0.00011745467449670495,2.7329564880096466e-07,0.00901953674243281,0.007774090149634531,0.0012454465927982782,0.001017640102860766,3.4218901581720793e-06,0.009022958632590982,0.9389839235085422,0.990394330098562,0.0010533524457040345,0.007199335467878205,2.6600246539778612e-05,0.0011974757028394643,3.52753493713059e-06,0.0001250874478162915,2.910557230207913e-07,0.009605669901437923,1.2325236107717075,0.035,nan,AMPLITUDE_LOSS
MX_mx-384k_s1234,MX,1234,384k,MX,384000,0.035,PRE,0.6181077697841412,1.665042928134641e-06,1.4552957040524011e-05,1.7050917896257949e-06,1.0080205077999636e-06,1.018952300808987e-08,1.9886107840470802e-07,1.5704734787221483e-09,1.914173334097593e-05,1.7923091758284447e-05,1.2186415826914831e-06,3.381894714247247e-06,2.403496081809687e-08,1.9165768301794025e-05,0.618126935552443,0.9999690326808552,2.6936910480843017e-06,2.3543639290509037e-05,2.7584817257670362e-06,1.6307662536893971e-06,1.6484516073042175e-08,3.2171561324924386e-07,2.5406974675583756e-09,3.0967319144839615e-05,0.3577394726590454,0.035,nan,AMPLITUDE_LOSS
MX_mx-384k_s1234,MX,1234,384k,MX,384000,0.035,POST,0.06343283081365245,4.6939246746977836e-05,0.0002355709663396319,1.593920563593904e-06,1.2951825216527432e-05,1.898659585784549e-07,1.7563592234441909e-06,1.3112984816439118e-08,0.00029901529703357007,0.0002841041336502035,1.4911163383366518e-05,4.873614625396664e-05,1.339250995818316e-07,0.0002991492221331519,0.06373198003578559,0.9953082279067477,0.0007365116438876776,0.003696283423682799,2.500979746963038e-05,0.00020322375714699065,2.979137906168698e-06,2.755858068812006e-05,2.0575247096506856e-07,0.004691772093252352,0.8791170683764498,0.035,nan,AMPLITUDE_LOSS
MX_mx-384k_s1235,MX,1235,384k,MX,384000,0.05675,FULL,0.22355933624202962,2.0225979704618786e-06,7.149844477476945e-05,5.069136899405761e-07,6.978582372973439e-07,3.9598148068362205e-08,9.217849675476261e-08,5.213495643205683e-09,7.48628048129359e-05,7.402795643517222e-05,8.348483777636756e-07,2.574323304114026e-06,1.1346061145824372e-08,7.487415087408173e-05,0.22363421039290368,0.9996652443806358,9.044224805876956e-06,0.0003197115874025757,2.2667091710530227e-06,3.120534516955388e-06,1.770666035746516e-07,4.1218425959731887e-07,2.3312604536454008e-08,0.0003347556193641695,0.7567031744582765,0.05675,nan,AMPLITUDE_LOSS
MX_mx-384k_s1235,MX,1235,384k,MX,384000,0.05675,W1,0.2664240546719907,4.798369247698251e-07,2.8472584983997147e-05,1.9636918065605136e-07,2.9623749084187453e-07,2.5238357550013418e-08,4.538778370362353e-08,1.4424910743623885e-09,2.9517097212592924e-05,2.914879108942305e-05,3.6830612316987363e-07,7.028869540502523e-07,7.12547347834209e-09,2.9524222686071267e-05,0.26645357889467675,0.9998892223623927,1.8008275197205849e-06,0.00010685758421230535,7.369733471846378e-07,1.1117790197928717e-06,9.471953174594488e-08,1.7034030882850207e-07,5.413667622409834e-09,0.00011077763760720033,0.698803943414512,0.05675,nan,AMPLITUDE_LOSS
MX_mx-384k_s1235,MX,1235,384k,MX,384000,0.05675,W2,0.002101530406325076,3.055730464101394e-06,0.0001244399465604813,7.955498861719599e-07,1.752504584589727e-06,7.799867902460316e-09,1.640853977505079e-07,1.929363251897561e-08,0.0001302349103935164,0.0001282912269107547,1.9436834827616712e-06,3.878373850694794e-06,1.2198344481114987e-08,0.0001302471087379975,0.002231777515063073,0.9416448900706982,0.0013691988316201172,0.05575852695096445,0.00035646664109901665,0.0007852548704209046,3.4949319464864746e-06,7.352269368168413e-05,8.645009569081131e-06,0.05835510992930174,0.9860600053390641,0.05675,nan,AMPLITUDE_LOSS
MX_mx-384k_s1235,MX,1235,384k,MX,384000,0.05675,W3,0.014124896911947592,1.7065253240113263e-05,0.000903158999369659,3.618581766570063e-06,5.830029828783376e-06,2.488367494660541e-07,4.724370811737936e-07,2.711069198953601e-08,0.0009304212487277543,0.0009238428343763416,6.578414351412766e-06,2.0959782448138908e-05,5.514640176575702e-08,0.00093047639512952,0.015055373307077114,0.9381998282070169,0.0011335033280590427,0.059989366530208525,0.000240352394280304,0.0003872405595526691,1.6528162793398717e-05,3.138007952617064e-05,1.8007385629583995e-06,0.06180017179298307,1.0433420277979881,0.05675,nan,AMPLITUDE_LOSS
MX_mx-384k_s1235,MX,1235,384k,MX,384000,0.05675,W4,0.06565669918176735,0.0001886626372424653,0.0021208437020985406,3.498586810580208e-05,1.687967676185545e-05,2.7162815848811775e-06,4.8794711630967804e-06,1.736995993299198e-07,0.002369141336555973,0.00234449220744681,2.4649129109163313e-05,0.00022653848653247843,5.704844916565712e-07,0.0023697118210476297,0.06802641100281497,0.9651729207826866,0.002773396635821755,0.03117703046281764,0.0005143026214630647,0.0002481362469502857,3.9930143665766565e-05,7.172967104731978e-05,2.5534355475274464e-06,0.03482707921731336,1.1980391184269354,0.05675,nan,AMPLITUDE_LOSS
MX_mx-384k_s1235,MX,1235,384k,MX,384000,0.05675,PRE,0.5680882879090046,2.6384118973661435e-07,1.4707951960220864e-05,1.3021805708899971e-07,2.0299045573577946e-07,2.7867622329273223e-08,5.03291698390405e-08,1.0383359545007508e-09,1.5384236790905077e-05,1.5102011207046481e-05,2.8222558385859397e-07,4.229652051093881e-07,1.0206828547062692e-08,1.539444361945214e-05,0.568103682352624,0.9999729200187479,4.6442436948181446e-07,2.5889556222488714e-05,2.2921530606755366e-07,3.573123457714333e-07,4.905376200793399e-08,8.85915235311563e-08,1.8277226594555043e-09,2.7079981252008063e-05,0.3246873803301027,0.05675,nan,AMPLITUDE_LOSS
MX_mx-384k_s1235,MX,1235,384k,MX,384000,0.05675,POST,0.038152012772674215,2.969068174983471e-06,0.00010206009487791935,7.096314258860762e-07,9.641699954431032e-07,4.591089876652466e-08,1.1469959884181795e-07,7.46034653685188e-09,0.00010687103531837745,0.00010573879447878915,1.1322408395882993e-06,3.732070846172925e-06,1.1959136087490268e-08,0.00010688299445446494,0.038258895767128674,0.9972066347817483,7.760467320176264e-05,0.0026676182031373963,1.8548147652384683e-05,2.520120556265894e-05,1.2000062259247999e-06,2.9979860211670996e-06,1.9499645034843796e-07,0.0027933652182516432,0.9077500555308513,0.05675,nan,AMPLITUDE_LOSS
MX_mx-384k_s1236,MX,1236,384k,MX,384000,0.05675,FULL,0.2310192285892739,2.792082563804339e-05,0.00010756264052330322,9.61771274566268e-07,2.1844652376786237e-06,5.781992263257849e-08,1.825799117600104e-08,4.6554097478347986e-09,0.00013871043599714784,0.0001364452374359128,2.2651985612350433e-06,2.894507224499011e-05,2.199057656487486e-08,0.0001387324265737127,0.2311579610158476,0.9993999321996812,0.00012078679086592442,0.0004653209877924388,4.160667284981843e-06,9.450098261344261e-06,2.501316756689785e-07,7.89849193715342e-08,2.013951918530419e-08,0.0006000678003189151,0.7440533853587116,0.05675,nan,AMPLITUDE_LOSS
MX_mx-384k_s1236,MX,1236,384k,MX,384000,0.05675,W1,0.2697556026819512,7.057829799898845e-06,7.765392559179339e-06,3.797936177263196e-07,3.8112128462827405e-07,1.9450150547497186e-08,5.6497696986831255e-09,1.1723850766235306e-09,1.5610409566755576e-05,1.5203015976804498e-05,4.0739358995107813e-07,7.458245953249277e-06,1.9922377901543662e-08,1.563033194465712e-05,0.2697712330138959,0.9999421346355385,2.616227921066036e-05,2.878510449721335e-05,1.4078359709843416e-06,1.41275742604524e-06,7.209868808685266e-08,2.0942819042617774e-08,4.345849444750831e-09,5.7865364461477514e-05,0.6706585747815865,0.05675,nan,AMPLITUDE_LOSS
MX_mx-384k_s1236,MX,1236,384k,MX,384000,0.05675,W2,0.011095840375194862,6.696901773618348e-05,0.00013721234734682787,1.0073847065852503e-06,3.9447061113554315e-06,1.1746108591587821e-07,3.278218052558261e-08,7.586212437741962e-09,0.00020929128537983113,0.00020518874978959646,4.102535590234635e-06,6.81014497411224e-05,1.7628839493190923e-08,0.00020930891421932433,0.011305149289414188,0.9814870545816189,0.005923771588590161,0.012137173760243711,8.910862224615947e-05,0.00034893057682044726,1.039006793043461e-05,2.8997610562915055e-06,6.71041493855217e-07,0.018512945418381062,1.026967188568202,0.05675,nan,AMPLITUDE_LOSS
MX_mx-384k_s1236,MX,1236,384k,MX,384000,0.05675,W3,0.11394682925358324,0.0004740140927520293,0.0021591485275619985,1.1031975526239534e-05,4.212808885680567e-05,5.014846823407729e-07,1.265885203623136e-07,3.866970179736754e-08,0.0026869894276015747,0.002644194595840268,4.279483176130619e-05,0.00048558622266240765,4.613455379513854e-08,0.00268703556215537,0.1166338648157386,0.976962175653818,0.004064122208394238,0.018512199565924953,9.45864214254627e-05,0.0003611996017378258,4.299650718901419e-06,1.0853500450700301e-06,3.315479355354903e-07,0.023037824346181988,1.089738245422166,0.05675,nan,AMPLITUDE_LOSS
MX_mx-384k_s1236,MX,1236,384k,MX,384000,0.05675,W4,0.3119078087696335,0.000342387556834424,0.007164877630894084,5.714929443765921e-05,7.358198588931067e-05,3.2016448897183683e-06,1.4312376825478502e-06,4.0637931698155266e-07,0.007643035729944725,0.007564414482166167,7.862124777855851e-05,0.0004031448754787831,4.350013820208313e-07,0.007643470731326746,0.3195512795009602,0.9760819416956515,0.0010714650351514752,0.022421713959524664,0.00017884257050597365,0.00023026691105930687,1.0019203343781483e-05,4.478904397167823e-06,1.271720366184449e-06,0.023918058304348552,1.1620529543384726,0.05675,nan,AMPLITUDE_LOSS
MX_mx-384k_s1236,MX,1236,384k,MX,384000,0.05675,PRE,0.5550963108603533,9.005391700175587e-06,6.412555424051235e-06,1.8147418553956225e-07,2.2045651910042095e-07,1.4526921454252753e-08,1.6976201229485137e-09,6.672782216194129e-10,1.583676964866563e-05,1.559942130976639e-05,2.373483388992417e-07,9.202060085391025e-06,3.244303546557315e-08,1.58692126841312e-05,0.5551121800730373,0.9999714710446955,1.6222652915493293e-05,1.1551819666402597e-05,3.269144556002763e-07,3.9713870438908446e-07,2.616934526883271e-08,3.058157041232732e-09,1.2020602043538295e-09,2.852895530439967e-05,0.33909500904240514,0.05675,nan,AMPLITUDE_LOSS
MX_mx-384k_s1236,MX,1236,384k,MX,384000,0.05675,POST,0.05661802331779682,3.8100115249882565e-05,0.00016199628523214506,1.3816860425048795e-06,3.2413912173972917e-06,8.111793411925277e-08,2.716991006627112e-08,6.801611941704675e-09,0.0002048345671980569,0.00020147808652453236,3.356480673524527e-06,3.956972083844849e-05,1.636561407892052e-08,0.00020485093281213582,0.05682287425060893,0.9963952082872596,0.0006705068465052243,0.002850899994505944,2.431567319794618e-05,5.7043790792036674e-05,1.4275581542102072e-06,4.781510659189424e-07,1.1969851913239887e-07,0.0036047917127404122,0.8886298422299449,0.05675,nan,AMPLITUDE_LOSS
MX_mx-512k_s1234,MX,1234,512k,MX,512000,0.07875,FULL,0.27419239736225137,2.8972229555948216e-06,6.624425219013304e-06,4.123493808624446e-07,2.9805270882199945e-07,3.448810108021767e-08,2.443497337768621e-08,5.4361488223608055e-09,1.0296409487572859e-05,9.933997555470595e-06,3.6241193210226424e-07,3.349496586359841e-06,1.008191220829586e-08,1.0306491399781154e-05,0.27420270385365114,0.9999624496413729,1.0565990128480012e-05,2.4158862657008996e-05,1.5038122900634464e-06,1.08697950673714e-06,1.2577593825145797e-07,8.911281301279698e-08,1.9825293280620127e-08,3.755035862683447e-05,0.699994519972966,0.07875,nan,AMPLITUDE_LOSS
MX_mx-512k_s1234,MX,1234,512k,MX,512000,0.07875,W1,0.3251355723030154,2.241521098854182e-06,4.066928674988436e-06,5.923751126538413e-08,9.488861601626952e-08,8.484684432553903e-09,1.0532884086178462e-08,1.0573877502136052e-09,6.482650857393218e-06,6.367687285108001e-06,1.1496357228521547e-07,2.3103006823023305e-06,5.153047338523565e-09,6.487803904731741e-06,0.3251420601069201,0.9999800620966787,6.893974694144616e-06,1.2508159473758022e-05,1.8218963177122078e-07,2.9183741251106726e-07,2.6095315273066102e-08,3.239471463533903e-08,3.2520793114985194e-09,1.993790332140483e-05,0.6147393364597838,0.07875,nan,AMPLITUDE_LOSS
MX_mx-512k_s1234,MX,1234,512k,MX,512000,0.07875,W2,0.007797890265546248,1.925335447549623e-06,9.280159826477598e-06,7.944461596160651e-07,4.094743998915597e-07,6.890800884734585e-08,2.360733626787017e-08,1.3960359193097908e-08,1.2515891537843164e-05,1.1999941433643292e-05,5.159501041998733e-07,2.8026499752061316e-06,1.40538772194103e-08,1.2529945415062575e-05,0.00781042021096131,0.9983975364038538,0.0002465090046313823,0.00118817890386666,0.00010171636962765318,5.242677418512512e-05,8.822589691426707e-06,3.0225491213998064e-06,1.7874050225205947e-06,0.0016024635961461675,1.0290386015402238,0.07875,nan,AMPLITUDE_LOSS
MX_mx-512k_s1234,MX,1234,512k,MX,512000,0.07875,W3,0.024577954991386475,1.709409497779538e-05,3.8932943686158824e-05,8.237012328031043e-06,4.361409969865609e-06,4.776649294989055e-07,1.5269990738248794e-07,4.632392694087847e-08,6.930214972567315e-05,6.426405099198527e-05,5.0380987336878785e-06,2.5855096162266222e-05,1.0750265089299043e-07,6.940965237656614e-05,0.024647364643763044,0.9971882408931386,0.0006935495856568175,0.0015796055302728924,0.0003341959018349154,0.00017695315729841093,1.938004406592366e-05,6.19541178591354e-06,1.8794759463765726e-06,0.00281175910686125,1.0423240619415055,0.07875,nan,AMPLITUDE_LOSS
MX_mx-512k_s1234,MX,1234,512k,MX,512000,0.07875,W4,0.1940409797305164,8.283951315083576e-05,0.00024304644335896837,1.3163914287001477e-05,1.3667346581728264e-05,1.5374453695076438e-06,2.075937047205294e-06,3.648544572716384e-07,0.0003566954542525186,0.0003390498707968057,1.764558345571283e-05,9.790572726461651e-05,3.0009700229431914e-07,0.00035699555125481294,0.1943979752817712,0.9981651248971292,0.0004261342789830146,0.0012502538578610086,6.771641828787107e-05,7.030612155591815e-05,7.908764176558952e-06,1.0678816221604408e-05,1.8768457849347024e-06,0.0018348751028709107,0.9747813542719052,0.07875,nan,AMPLITUDE_LOSS
MX_mx-512k_s1234,MX,1234,512k,MX,512000,0.07875,PRE,0.5525304476800815,2.0915271692211696e-06,5.820414953711875e-06,9.957939426671338e-08,3.4817461653736665e-08,1.4629500674013473e-08,1.3293363383935046e-08,9.84691409483059e-10,8.075246534320924e-06,8.011521517199758e-06,6.372501712116824e-08,2.20672075557138e-06,7.0177355187515356e-09,8.082264269839676e-06,0.5525385299443513,0.9999853851881828,3.785305607549378e-06,1.0533953221728395e-05,1.802216318588501e-07,6.30136365322004e-08,2.6476888157093172e-08,2.4058708727718126e-08,1.7821226369294049e-09,1.461481181719056e-05,0.35235312481234565,0.07875,nan,AMPLITUDE_LOSS
MX_mx-512k_s1234,MX,1234,512k,MX,512000,0.07875,POST,0.05107058308255285,3.5430861618935042e-06,7.2689372750858084e-06,6.630725815954714e-07,5.090677887346479e-07,5.040718561295863e-08,3.336632944978605e-08,9.004533572544822e-09,1.2076941855944728e-05,1.147509601857479e-05,6.018458373699366e-07,4.265570462674477e-06,1.2538222660510356e-08,1.2089480078605239e-05,0.05108267256263143,0.999763580403797,6.935986027745063e-05,0.0001422975481623806,1.2980384758323774e-05,9.965569304562451e-06,9.867768356008201e-07,6.531830847070746e-07,1.762737799527704e-07,0.00023641959620297816,0.8850182392997323,0.07875,nan,AMPLITUDE_LOSS
MX_mx-512k_s1235,MX,1235,512k,MX,512000,0.08,FULL,0.28080488886320165,2.1657071018608e-06,4.2431451941563404e-05,1.5012293949584553e-07,9.92568980638796e-07,4.752734728062297e-08,3.525497569601297e-08,2.1721799601835655e-09,4.582480546649563e-05,4.474728198292002e-05,1.0775234835756148e-06,2.3655295685974515e-06,1.3289931157180324e-08,4.5838095397652814e-05,0.28085072695859925,0.999836835716499,7.711239446647016e-06,0.0001510818733101801,5.34529314648464e-07,3.534151534362033e-06,1.692263717609529e-07,1.2552923663781332e-07,7.73428677395556e-09,0.0001631642835010103,0.6927836929338753,0.08,nan,AMPLITUDE_LOSS
MX_mx-512k_s1235,MX,1235,512k,MX,512000,0.08,W1,0.33206027232900215,1.2962432176303256e-06,2.6157492669838306e-05,3.439979049850449e-08,3.2639068012763307e-07,1.0077798703339986e-08,1.9530946827020087e-08,4.1545797060963654e-10,2.784455056159571e-05,2.7488135677967107e-05,3.564148836286032e-07,1.3411362648027806e-06,5.617005326603942e-09,2.7850167566922312e-05,0.33208812249656905,0.9999161531257932,3.903311054338104e-06,7.876672286748708e-05,1.0358633371690316e-07,9.82843599447442e-07,3.034676096824876e-08,5.881254352170398e-08,1.2510473861981258e-09,8.384687420686568e-05,0.6126335444211385,0.08,nan,AMPLITUDE_LOSS
MX_mx-512k_s1235,MX,1235,512k,MX,512000,0.08,W2,0.008644154397235556,1.5645757105577392e-06,3.542529269224306e-05,2.5273821157164204e-07,1.8521790056248695e-06,7.110969447211944e-08,3.563137297153424e-08,5.425016477384208e-09,3.920695170391841e-05,3.7242606614372497e-05,1.9643450895459085e-06,1.8938486330788843e-06,2.2702989912800008e-08,3.9229654693831205e-05,0.008683384051929388,0.9954848185940451,0.0001801808824584763,0.004079675055394272,2.910603410538819e-05,0.000213302076372888,8.189189832668237e-06,4.103407832484822e-06,6.247599586589572e-07,0.004515181405954837,0.9866455855147513,0.08,nan,AMPLITUDE_LOSS
MX_mx-512k_s1235,MX,1235,512k,MX,512000,0.08,W3,0.046621074629778804,2.2746651306707282e-05,0.000306790917875105,1.3218690375372218e-06,1.3542630841366385e-05,5.214367427913078e-07,4.153235185682768e-07,3.3631917598058554e-08,0.0003453724612396738,0.0003308594382193497,1.4513023020324001e-05,2.462358900463384e-05,8.566855456510414e-08,0.00034545812979423887,0.046966532759573035,0.9926464000870588,0.0004843170543138048,0.006532129570724407,2.814496559587557e-05,0.0002883469302057585,1.1102324639988001e-05,8.842983540215455e-06,7.160839212061685e-07,0.007353599912941256,1.0678868364018144,0.08,nan,AMPLITUDE_LOSS
MX_mx-512k_s1235,MX,1235,512k,MX,512000,0.08,W4,0.23598598686929556,7.582370502205762e-05,0.0019806468213670316,1.30880447013704e-05,3.331672137497612e-05,3.9994626379041385e-06,9.584519509081423e-07,6.496787101806167e-08,0.002107898174925266,0.0020695585710904596,3.833960383480644e-05,9.297618023235013e-05,8.174253628701429e-07,0.002108715600288136,0.2380947024695837,0.9911467773540938,0.00031846137084946526,0.008318763923731893,5.497010013062534e-05,0.00013993102497692562,1.6797838538193992e-05,4.0255210701027945e-06,2.7286660892611884e-07,0.008853222645906135,1.2351129457449608,0.08,nan,AMPLITUDE_LOSS
MX_mx-512k_s1235,MX,1235,512k,MX,512000,0.08,PRE,0.5638598486446746,1.2114223816785498e-06,2.8310559265101882e-05,2.5893559709010313e-08,3.9899618945861975e-07,6.614487925242116e-09,2.1378116382954758e-08,6.709501162379262e-10,2.997553495037248e-05,2.9547875206489428e-05,4.2765974388305485e-07,1.2446013794290389e-06,7.813793740616917e-09,2.9983348744113097e-05,0.5638898319934187,0.9999468415040227,2.1483316948323804e-06,5.020583463496515e-05,4.5919537112913024e-08,7.075782756659938e-07,1.1730106913819896e-08,3.791186764906896e-08,1.1898603015474812e-09,5.315849597744087e-05,0.3375581258864634,0.08,nan,AMPLITUDE_LOSS
MX_mx-512k_s1235,MX,1235,512k,MX,512000,0.08,POST,0.04934104760160439,2.9460587592250097e-06,5.3978594812544736e-05,2.51709604732894e-07,1.4779540041727467e-06,8.098320896452684e-08,4.6602564036196024e-08,3.399787582973399e-09,5.8785302741259064e-05,5.7176363176502614e-05,1.6089395647564427e-06,3.282151360505404e-06,1.7767958331453105e-08,5.8803070699590516e-05,0.04939985067230397,0.998810010089405,5.9637018710762735e-05,0.0010926878015370038,5.0953533632449025e-06,2.9918198448860227e-05,1.6393417589354426e-06,9.43374932592058e-07,6.882184378146606e-08,0.0011899899105951807,0.8827475232919617,0.08,nan,AMPLITUDE_LOSS
MX_mx-512k_s1236,MX,1236,512k,MX,512000,0.08025,FULL,0.2865396997613228,2.928790344269492e-06,5.7539356271171e-05,4.1615134986604423e-07,2.7734535930812143e-06,2.973615088170782e-08,1.5899590531688959e-07,1.436575218412619e-08,6.386084936677032e-05,6.0884297965306395e-05,2.976551401463933e-06,3.3890435972013716e-06,1.1391444052785808e-08,6.38722408108231e-05,0.28660357200213366,0.9997771805443354,1.0218960078614794e-05,0.0002007628800862314,1.4520103971469015e-06,9.676968378102436e-06,1.037535989376634e-07,5.547590022193162e-07,5.012412320878329e-08,0.0002228194556644613,0.6833731703244612,0.08025,nan,AMPLITUDE_LOSS
MX_mx-512k_s1236,MX,1236,512k,MX,512000,0.08025,W1,0.33843516099412757,3.3092590949623446e-07,1.956442172387226e-05,4.872933395541786e-08,5.576739407246096e-07,1.898360861726411e-09,4.599697767325658e-08,5.848384998067954e-09,2.055549463158156e-05,1.99440769673239e-05,6.114176642576605e-07,3.874019893114464e-07,8.884774462199073e-09,2.0564379406043758e-05,0.33845572537353363,0.9999392668120816,9.777524602903992e-07,5.780496759469571e-05,1.4397550870450801e-07,1.6477013492639031e-06,5.6088899352050406e-09,1.359024990047234e-07,1.727961654405145e-08,6.07331879184385e-05,0.5969612612697315,0.08025,nan,AMPLITUDE_LOSS
MX_mx-512k_s1236,MX,1236,512k,MX,512000,0.08025,W2,0.011802686462985271,7.354436639285289e-06,0.00014217728257150705,6.879172422033922e-07,7.1897908292213516e-06,6.28066275335588e-08,3.3736252198827054e-07,2.1786931672023837e-08,0.00015783138336341104,0.00015021963645299582,7.611746910415206e-06,8.126947440694261e-06,1.6405357019711064e-08,0.00015784778872043076,0.0119605342517057,0.9868039674041711,0.0006148928276989674,0.011887217961462391,5.751567373927718e-05,0.0006011270516532256,5.251162896156095e-06,2.820634744433428e-05,1.8215709346293091e-06,0.01319603259582898,1.0039307742419814,0.08025,nan,AMPLITUDE_LOSS
MX_mx-512k_s1236,MX,1236,512k,MX,512000,0.08025,W3,0.06659407765833088,2.4979149092337898e-05,0.00042505264118822007,6.5004550742057555e-06,2.7387381987770425e-05,5.508467528439763e-07,1.966301402766784e-06,1.055620401675543e-07,0.00048654233753831286,0.00045653224535476407,3.0010092183548757e-05,3.213601295955518e-05,3.788798935845222e-08,0.0004865802255276713,0.06708065788385854,0.9927469016003687,0.0003723750480224556,0.006336444731941878,9.690511319969985e-05,0.0004082756240096908,8.211712307934804e-06,2.9312510869575518e-05,1.5736592800432488e-06,0.007253098399631278,1.0566596819356202,0.08025,nan,AMPLITUDE_LOSS
MX_mx-512k_s1236,MX,1236,512k,MX,512000,0.08025,W4,0.11563526313495012,0.00024931118520534883,0.002753961726310092,2.9612219528342394e-05,0.00015870640743746625,1.4917531343481527e-06,6.4429096137674565e-06,9.42299010685405e-07,0.00320046850024005,0.0030328851310437825,0.0001675833691962673,0.0002813574568787247,1.9499575649064878e-07,0.0032006634959965406,0.11883592663094665,0.9730681297939489,0.002097947997414622,0.02317452577953898,0.0002491861590859553,0.001335510837133344,1.2553068961847544e-05,5.421693900573886e-05,7.929424910498615e-06,0.02693187020605099,1.1131560759937704,0.08025,nan,AMPLITUDE_LOSS
MX_mx-512k_s1236,MX,1236,512k,MX,512000,0.08025,PRE,0.5650806842174629,2.553182666626662e-07,1.0226698838609121e-05,1.6171876812063074e-08,1.211627657812576e-07,1.4711584850254677e-09,2.6108336320972176e-08,3.2974854626425666e-09,1.0650228728133736e-05,1.0498188982083839e-05,1.5203974604989777e-07,2.7625878742239723e-07,1.030386165065194e-08,1.0660532589784389e-05,0.5650913447500527,0.9999811530843264,4.5181769936869893e-07,1.809742640741717e-05,2.8618164580265692e-08,2.144127124157747e-07,2.603399477833536e-09,4.6201976086855465e-08,5.835314154789177e-09,1.884691567350139e-05,0.33132886887811597,0.08025,nan,AMPLITUDE_LOSS
MX_mx-512k_s1236,MX,1236,512k,MX,512000,0.08025,POST,0.05804272654600098,5.1219335863729856e-06,9.635159440274152e-05,7.442685894871505e-07,4.949221110052244e-06,5.292291897332764e-08,2.680082553406996e-07,2.3445440939936974e-08,0.00010751139430390768,0.00010221779657860149,5.293597725306199e-06,5.942570535773405e-06,1.2283626176343178e-08,0.00010752367793008401,0.058150250223931076,0.9981511443785618,8.808104261982531e-05,0.0016569423929383138,1.279906352663919e-05,8.511093480189933e-05,9.101066624638127e-07,4.6088935287904955e-06,4.031873603682453e-07,0.0018488556214383,0.8718022061795417,0.08025,nan,AMPLITUDE_LOSS
MX_mx-640k_s1234,MX,1234,640k,MX,640000,0.081,FULL,0.29079536638172904,9.684073989896405e-07,1.3547600107524794e-05,8.218650888317278e-08,1.8038651107412553e-07,1.2047477900979349e-08,3.421654491595595e-08,2.833414000029081e-09,1.4827677963288721e-05,1.4598194015397631e-05,2.2948394789108963e-07,1.0654747997738236e-06,9.234505419223313e-09,1.4836912468707944e-05,0.2908102032941977,0.999949012523405,3.3300325049501656e-06,4.658571255154827e-05,2.8261220054171447e-07,6.202895041468125e-07,4.1427288819546844e-08,1.1765937238408035e-07,9.743172893889316e-09,5.098747659528448e-05,0.6755758724047661,0.081,nan,AMPLITUDE_LOSS
MX_mx-640k_s1234,MX,1234,640k,MX,640000,0.081,W1,0.34500889959172354,4.1858399077985964e-07,7.249316948815796e-06,2.2344433752399727e-08,9.871318608530435e-08,4.839305356797059e-09,1.9069892980417108e-08,1.254230039385297e-09,7.814121987809955e-06,7.690245373348052e-06,1.2387661446190358e-07,4.470219599284411e-07,5.672738407409335e-09,7.819794726217365e-06,0.34501671938644973,0.9999773514682704,1.213228154295136e-06,2.1011494981750797e-05,6.476333714934387e-08,2.8611131623963745e-07,1.402629253727294e-08,5.5272374416739145e-08,3.6352732767202505e-09,2.2648531729665646e-05,0.5827134448206932,0.081,nan,AMPLITUDE_LOSS
MX_mx-640k_s1234,MX,1234,640k,MX,640000,0.081,W2,0.00770867974355233,9.258132517793155e-07,2.2836472302890997e-05,2.5361033638708983e-07,2.714511783665199e-07,2.2804416142923407e-08,5.897506274730642e-08,4.9046300401866695e-09,2.4374031178354346e-05,2.4015895891057408e-05,3.5813528729693656e-07,1.2071326343495157e-06,9.153096682749109e-09,2.4383184275037094e-05,0.007733062927827367,0.9968480716818496,0.00011972155874624822,0.0029530988621227217,3.279562560599444e-05,3.510271443521337e-05,2.9489535191700687e-06,7.626361391669019e-06,6.34242329493884e-07,0.0031519283181505107,1.0215144332475545,0.081,nan,AMPLITUDE_LOSS
MX_mx-640k_s1234,MX,1234,640k,MX,640000,0.081,W3,0.026225826275449005,5.158076174783955e-06,0.00013607268501805557,7.667282373876301e-07,1.8895525064905644e-06,4.2416162069995566e-08,3.526519512461046e-07,2.4894195400958597e-08,0.00014430700424543483,0.0001419974894302272,2.3095148152076257e-06,5.992114769642536e-06,5.42735517065113e-08,0.00014436127779714135,0.026370187553246136,0.9945276346268391,0.0001956029618839956,0.005160106078145404,2.90756299657395e-05,7.165502299321193e-05,1.6084925176565922e-06,1.3373157712390233e-05,9.440299423942476e-07,0.005472365373160791,1.0462131139476418,0.081,nan,AMPLITUDE_LOSS
MX_mx-640k_s1234,MX,1234,640k,MX,640000,0.081,W4,0.18610459398556706,8.751491069997041e-05,0.00025927635266230606,2.493883140131915e-06,3.6231459973938584e-06,9.225274831194155e-07,4.09883068917302e-07,1.227044334300589e-07,0.0003543634074852689,0.0003492851465024083,5.07826098286063e-06,9.105402575665176e-05,4.604135906620743e-07,0.000354823821075931,0.1864594178066429,0.9980995098737023,0.0004693521401360757,0.0013905277401919404,1.3374970958755571e-05,1.9431332492953533e-05,4.947616869779792e-06,2.19824820779876e-06,6.58077440449269e-07,0.0019004901262977528,1.0176450617843082,0.081,nan,AMPLITUDE_LOSS
MX_mx-640k_s1234,MX,1234,640k,MX,640000,0.081,PRE,0.5753974422137733,1.3486121037352536e-07,9.651945647361062e-06,9.401332339519891e-09,1.4777025770111674e-07,2.22475861371968e-09,2.4955968223289636e-08,9.624787530853053e-10,9.972121653365318e-06,9.796208190074107e-06,1.7591346329121134e-07,1.4744978007985018e-07,7.512788935564177e-09,9.979634442300883e-06,0.5754074218482156,0.9999826694592303,2.3437516968613402e-07,1.6774107192394598e-05,1.6338566562229764e-08,2.5680979080150653e-07,3.866405886147971e-09,4.337095352188468e-08,1.6726909127455895e-09,1.7330540769765245e-05,0.32019187035219954,0.081,nan,AMPLITUDE_LOSS
MX_mx-640k_s1234,MX,1234,640k,MX,640000,0.081,POST,0.055452756083273456,1.6576818368507792e-06,1.6768987326136666e-05,1.4237388941698876e-07,2.0735748162842904e-07,2.01700623569582e-08,4.1874283480755786e-08,4.380524236059053e-09,1.8842825404106717e-05,1.8569043052404514e-05,2.7378235170220197e-07,1.8246063128607878e-06,1.0658223957725266e-08,1.8853483628064443e-05,0.05547160956690152,0.9996603158052985,2.988343349503607e-05,0.00030229861147041006,2.5666087190199397e-06,3.738083734882058e-06,3.636106179337652e-07,7.548778889480553e-07,7.896877541371548e-08,0.0003396841947016437,0.8654666245040713,0.081,nan,AMPLITUDE_LOSS
MX_mx-640k_s1235,MX,1235,640k,MX,640000,0.10325000000000001,FULL,0.3244927840116146,1.0950069661170254e-06,9.280097413152593e-06,1.4562872964266289e-07,5.111016464588454e-07,1.69945962578309e-08,1.448251353319307e-08,2.8232581731301465e-09,1.1066135123335281e-05,1.0520733108912282e-05,5.454020144230004e-07,1.26045355019065e-06,9.910591294754134e-09,1.1076045714630036e-05,0.32450386005732906,0.999965898293292,3.374403618391185e-06,2.8597803720837778e-05,4.4877350323211997e-07,1.5750249071859366e-06,5.237101578346765e-08,4.4629712487676676e-08,8.700230126248083e-09,3.410170670804442e-05,0.62392253945716,0.10325000000000001,nan,AMPLITUDE_LOSS
MX_mx-640k_s1235,MX,1235,640k,MX,640000,0.10325000000000001,W1,0.3869797577479941,6.721260605444328e-07,2.142408454274409e-06,5.033814736055994e-08,1.9526852841392002e-07,7.292297638312886e-09,4.071420225891337e-09,1.089354220133062e-09,3.072594262677658e-06,2.8648726621794008e-06,2.0772160049825757e-07,7.308458597634394e-07,4.0194874713829226e-09,3.076613750149041e-06,0.38698283436174413,0.9999920601276807,1.7368369029447332e-06,5.5361847769308175e-06,1.3007850326599654e-07,5.045922276221398e-07,1.8843982385118687e-08,1.0520932472095643e-08,2.814993675997482e-09,7.939872319296898e-06,0.5250570520957345,0.10325000000000001,nan,AMPLITUDE_LOSS
MX_mx-640k_s1235,MX,1235,640k,MX,640000,0.10325000000000001,W2,0.004944294352781295,2.103186159394055e-06,1.5592477064068617e-05,3.3845837088832654e-07,7.020542348656648e-07,3.256737756361657e-08,1.3451551577289145e-08,1.1133259202919925e-08,1.8793328017560475e-05,1.8034121594350983e-05,7.592064232094906e-07,2.4853451670489164e-06,2.0321976581926938e-08,1.8813649994142404e-05,0.004963108002775434,0.9962133798098574,0.00042376566658913463,0.003141688816901744,6.819512220139696e-05,0.00014145513438776512,6.5619186398041775e-06,2.7103191485676062e-06,2.2432122740833546e-06,0.0037866201901424956,0.96602768566716,0.10325000000000001,nan,AMPLITUDE_LOSS
MX_mx-640k_s1235,MX,1235,640k,MX,640000,0.10325000000000001,W3,0.008759569629418092,7.1450275565935065e-06,5.945947412321667e-05,2.0384153129830617e-06,5.146843891489498e-06,1.3340980658615536e-07,2.715062279434265e-07,1.3945796174358571e-08,7.420862271498676e-05,6.864291699279333e-05,5.56570572219344e-06,9.33079847233708e-06,8.593847571141025e-08,7.429456119069816e-05,0.00883386419060879,0.9915994469640361,0.0008088303048435938,0.006730922197289611,0.00023075237512225807,0.0005826322265047459,1.5102236300072505e-05,3.073500604091645e-05,1.5786898625162006e-06,0.008400553035963713,1.0503497561748778,0.10325000000000001,nan,AMPLITUDE_LOSS
MX_mx-640k_s1235,MX,1235,640k,MX,640000,0.10325000000000001,W4,0.04819114332326051,1.7714487863754773e-05,0.000935187368261342,1.9482749197493732e-06,3.041248437168108e-05,7.716797692563876e-07,6.361320305104173e-07,1.4875720569032144e-08,0.000986685302936863,0.0009548501310448463,3.183517189201691e-05,2.0449318273329567e-05,4.0645539640682477e-07,0.00098709175833327,0.04917823508159379,0.9799363792485289,0.00036021289183797164,0.019016442864318733,3.9616936619107076e-05,0.0006184186089802281,1.5691619390558174e-05,1.2935341967732654e-05,3.0248835673699767e-07,0.020063620751471067,1.1311723760136354,0.10325000000000001,nan,AMPLITUDE_LOSS
MX_mx-640k_s1235,MX,1235,640k,MX,640000,0.10325000000000001,PRE,0.5587555069837383,5.525364659469889e-07,2.2114728855681627e-06,4.372462044121637e-08,2.120102715017427e-07,4.091352250137054e-09,4.07819464304551e-09,1.2343834430280124e-09,3.0291481737943205e-06,2.807733971956367e-06,2.2141420183795335e-07,6.015868220813697e-07,5.095129430611299e-09,3.034243303224932e-06,0.5587585412270414,0.9999945787885502,9.888644740391855e-07,3.957832842926048e-06,7.82531587685558e-08,3.794309308801169e-07,7.322218786061037e-09,7.298670855710606e-09,2.209153620405002e-09,5.421211449876083e-06,0.32422687316324905,0.10325000000000001,nan,AMPLITUDE_LOSS
MX_mx-640k_s1235,MX,1235,640k,MX,640000,0.10325000000000001,POST,0.05651447230415974,1.7155509730436566e-06,1.7366053398652632e-05,2.621990947156638e-07,8.532388874607065e-07,3.1754902553521794e-08,2.6384244099944397e-08,4.640807129641143e-09,2.025982230765576e-05,1.9343803466411944e-05,9.16018841243816e-07,2.014145777442485e-06,1.541910465988815e-08,2.0275241412315646e-05,0.056534747545572056,0.9996416393684799,3.0345080068761884e-05,0.0003071749479559752,4.63784093164408e-06,1.5092295574197207e-05,5.616883879892911e-07,4.666908837725312e-07,8.208771767521101e-08,0.0003583606315200154,0.845181624984364,0.10325000000000001,nan,AMPLITUDE_LOSS
MX_mx-640k_s1236,MX,1236,640k,MX,640000,0.10350000000000001,FULL,0.3336203000124556,1.9757824394188356e-05,3.346092584944484e-05,8.437402789212069e-07,1.894596022235848e-06,4.388865458690936e-08,4.80033453605835e-08,6.609791644748298e-09,5.6055588336382384e-05,5.4062490522554295e-05,1.993097813828088e-06,2.0652063119341196e-05,1.3151332918146733e-08,5.606873966930053e-05,0.3336763687521248,0.999832006111924,5.921253952385655e-05,0.00010027958315834978,2.528618719183838e-06,5.6779450819180175e-06,1.3153060997650463e-07,1.4386199248116458e-07,1.98089901600825e-08,0.00016799388807592594,0.6283788761609305,0.10350000000000001,nan,AMPLITUDE_LOSS
MX_mx-640k_s1236,MX,1236,640k,MX,640000,0.10350000000000001,W1,0.3935842027588536,5.595059054652379e-06,1.4781106387515137e-05,5.520386193363991e-07,8.049380639911856e-07,1.7154481746827703e-08,1.1676192118222415e-08,3.2868379921694174e-09,2.1765259637352287e-05,2.0928204061503884e-05,8.370555758484035e-07,6.167538993727774e-06,1.0846613988088133e-08,2.1776106251340374e-05,0.39360597886510484,0.9999447029227048,1.4214873526484538e-05,3.755305454824984e-05,1.4025158767675608e-06,2.0450352113394983e-06,4.35828801915467e-08,2.9664672456576797e-08,8.350579664013115e-09,5.5297077295153584e-05,0.5230387144898542,0.10350000000000001,nan,AMPLITUDE_LOSS
MX_mx-640k_s1236,MX,1236,640k,MX,640000,0.10350000000000001,W2,0.013299775534600568,3.051974437604266e-05,3.9907123673150337e-05,6.718978546509422e-07,2.613701380188155e-06,6.690091642408535e-08,1.2595509785564775e-07,8.050240147700114e-09,7.391337353845948e-05,7.109876590384389e-05,2.8146076346155893e-06,3.126659338726538e-05,8.548751064930481e-09,7.39219222895244e-05,0.013373697456890087,0.9944732246991721,0.0022820737483633855,0.0029840026897039176,5.0240278450176585e-05,0.00019543608335300048,5.002428042375837e-06,9.418126795142758e-06,6.019461199520554e-07,0.0055267753008279505,0.9856267535341379,0.10350000000000001,nan,AMPLITUDE_LOSS
MX_mx-640k_s1236,MX,1236,640k,MX,640000,0.10350000000000001,W3,0.0616781781840977,0.0002850136572453262,0.0004715575347797906,3.090473054578489e-06,2.3589603400874724e-05,4.801867321412851e-07,6.13368290787551e-07,5.214503883723777e-08,0.0007843969685423361,0.0007596616650796954,2.473530346264078e-05,0.0002886364620708834,8.279832507573373e-08,0.0007844797668674118,0.062462657950965096,0.9874421288807658,0.004562950799720274,0.007549441143395767,4.947719569720418e-05,0.00037765979617761074,7.687591024991397e-06,9.819772708516423e-06,8.348205098782885e-07,0.01255787111923424,1.072745106964957,0.10350000000000001,nan,AMPLITUDE_LOSS
MX_mx-640k_s1236,MX,1236,640k,MX,640000,0.10350000000000001,W4,0.3314860211669848,0.0009587543829235937,0.0010136557935391003,5.1445417825572284e-05,7.024113013358668e-05,2.1005028922310396e-06,1.4922738928762414e-06,3.5825681377526036e-07,0.002098047758020737,0.0020238555942882677,7.419216373246922e-05,0.001012658560455173,2.1864878222478467e-07,0.0020982664068029616,0.3335842875737877,0.9937105876645075,0.0028741012303532313,0.003038681663682766,0.0001542202479613558,0.00021056500197968978,6.296772201982054e-06,4.4734567141805755e-06,1.073962599382413e-06,0.006289412335492588,1.2318771287870525,0.10350000000000001,nan,AMPLITUDE_LOSS
MX_mx-640k_s1236,MX,1236,640k,MX,640000,0.10350000000000001,PRE,0.5660769878811532,7.878783597440508e-06,1.892159719542797e-05,5.040322935734e-07,5.677126611282692e-07,1.2854588409445487e-08,1.0197201740683535e-08,2.301123735429785e-09,2.7897478661455677e-05,2.7304413086441848e-05,5.930655750138279e-07,8.39797160315878e-06,1.3472698261854468e-08,2.7910951359717532e-05,0.5661048988325129,0.9999507203004551,1.3917533307335383e-05,3.342418990678984e-05,8.903514288753021e-07,1.0028400669381826e-06,2.2707079097674875e-08,1.8012919521445617e-08,4.064836384457621e-09,4.9279699544942285e-05,0.3226502538535323,0.10350000000000001,nan,AMPLITUDE_LOSS
MX_mx-640k_s1236,MX,1236,640k,MX,640000,0.10350000000000001,POST,0.06675071613095228,3.3395438796274965e-05,5.015265721406606e-05,1.2337386460243327e-06,3.4179112414481477e-06,7.951700498140914e-08,9.140631177343188e-08,1.1556314898546484e-08,8.838222552946683e-05,8.478183465636529e-05,3.6003908731015335e-06,3.4720250762179237e-05,1.278239263797866e-08,8.839500792210481e-05,0.06683911113887438,0.9986776867476863,0.0004996392772709566,0.0007503490987652199,1.845833765506941e-05,5.1136405569371225e-05,1.1896780018980848e-06,1.3675575227828892e-06,1.728975282836946e-07,0.0013223132523135818,0.8536161245587653,0.10350000000000001,nan,AMPLITUDE_LOSS
